transaction_id,customer_id,transaction_date,amount,branch_id,transaction_type,geography
T000001,C-1198,2026-06-01 00:01:17,64157.40,BR007,SALARY_CREDIT,India-Hyderabad
T000002,C-1220,2026-06-01 00:38:24,97873.72,BR018,SALARY_CREDIT,India-Bengaluru
T000003,C-1070,2026-06-01 00:54:53,13294.36,BR015,CARD_PAYMENT,India-Mumbai
T000004,C-1188,2026-06-01 00:57:19,18669.83,BR003,ATM_WITHDRAWAL,India-Coimbatore
T000005,C-1107,2026-06-01 01:03:43,30536.38,BR019,NEFT_CREDIT,India-Mumbai
T000006,C-1232,2026-06-01 01:09:52,321.60,BR008,UPI_DEBIT,India-Chennai
T000007,C-1264,2026-06-01 03:12:25,4297.23,BR009,UPI_DEBIT,India-Coimbatore
T000008,C-1259,2026-06-01 04:05:52,76094.93,BR018,SALARY_CREDIT,India-Hyderabad
T000009,C-1080,2026-06-01 04:25:27,50605.44,BR014,NEFT_CREDIT,India-Pune
T000010,C-1299,2026-06-01 04:26:14,17834.97,BR011,CARD_PAYMENT,India-Bengaluru
T000011,C-1222,2026-06-01 05:05:27,3592.58,BR014,UPI_DEBIT,India-Bengaluru
T000012,C-1143,2026-06-01 05:33:52,1683.58,BR010,CARD_PAYMENT,India-Mumbai
T000013,C-1112,2026-06-01 07:18:34,1856.06,BR014,UPI_DEBIT,India-Bengaluru
T000014,C-1167,2026-06-01 07:20:10,1257.67,BR009,UPI_DEBIT,India-Hyderabad
T000015,C-1095,2026-06-01 07:35:46,14911.00,BR018,CARD_PAYMENT,India-Delhi
T000016,C-1291,2026-06-01 08:15:34,4941.86,BR011,UPI_DEBIT,India-Chennai
T000017,C-1146,2026-06-01 08:48:34,34623.85,BR017,NEFT_CREDIT,India-Coimbatore
T000018,C-1191,2026-06-01 08:50:22,2951.44,BR005,UPI_DEBIT,India-Pune
T000019,C-1140,2026-06-01 09:03:22,1805.45,BR002,UPI_DEBIT,India-Chennai
T000020,C-1053,2026-06-01 09:12:57,18635.11,BR012,CARD_PAYMENT,India-Hyderabad
T000021,C-1096,2026-06-01 09:14:35,8301.75,BR016,CARD_PAYMENT,India-Hyderabad
T000022,C-1257,2026-06-01 09:21:04,7230.06,BR014,ATM_WITHDRAWAL,India-Hyderabad
T000023,C-1168,2026-06-01 09:31:53,1646.08,BR015,UPI_DEBIT,India-Hyderabad
T000024,C-1002,2026-06-01 10:00:00,85000.00,BR018,SALARY_CREDIT,India-Bengaluru
T000025,C-1229,2026-06-01 10:41:00,1031.98,BR001,UPI_DEBIT,India-Chennai
T000026,C-1042,2026-06-01 11:41:29,1377.57,BR008,UPI_DEBIT,India-Mumbai
T000027,C-1157,2026-06-01 13:04:19,567.19,BR001,CARD_PAYMENT,India-Hyderabad
T000028,C-1296,2026-06-01 13:12:16,38909.15,BR014,NEFT_CREDIT,India-Kolkata
T000029,C-1080,2026-06-01 13:26:39,1476.55,BR009,UPI_DEBIT,India-Delhi
T000030,C-1145,2026-06-01 13:34:37,2209.95,BR007,UPI_DEBIT,India-Coimbatore
T000031,C-1100,2026-06-01 13:40:50,15694.54,BR017,CARD_PAYMENT,India-Bengaluru
T000032,C-1204,2026-06-01 14:39:29,1539.35,BR012,UPI_DEBIT,India-Mumbai
T000033,C-1106,2026-06-01 15:06:48,41472.74,BR019,NEFT_CREDIT,India-Hyderabad
T000034,C-1184,2026-06-01 16:00:43,16412.68,BR007,ATM_WITHDRAWAL,India-Delhi
T000035,C-1274,2026-06-01 17:38:27,8063.08,BR005,CARD_PAYMENT,India-Delhi
T000036,C-1129,2026-06-01 17:51:48,2776.80,BR007,UPI_DEBIT,India-Mumbai
T000037,C-1239,2026-06-01 18:17:23,1567.07,BR009,UPI_DEBIT,India-Coimbatore
T000038,C-1049,2026-06-01 18:18:16,3299.78,BR006,UPI_DEBIT,India-Hyderabad
T000039,C-1147,2026-06-01 18:37:12,69264.21,BR009,NEFT_CREDIT,India-Chennai
T000040,C-1142,2026-06-01 19:08:18,139087.94,BR012,SALARY_CREDIT,India-Pune
T000041,C-1247,2026-06-01 19:22:47,66177.30,BR007,NEFT_CREDIT,India-Delhi
T000042,C-1005,2026-06-01 19:38:14,7868.72,BR009,CARD_PAYMENT,India-Chennai
T000043,C-1074,2026-06-01 20:04:21,4495.92,BR009,CARD_PAYMENT,India-Mumbai
T000044,C-1176,2026-06-01 20:06:41,1774.87,BR018,UPI_DEBIT,India-Delhi
T000045,C-1143,2026-06-01 21:36:02,12832.65,BR007,ATM_WITHDRAWAL,India-Mumbai
T000046,C-1172,2026-06-01 22:16:22,53090.62,BR005,NEFT_CREDIT,India-Chennai
T000047,C-1128,2026-06-01 22:32:55,1121.76,BR006,UPI_DEBIT,India-Mumbai
T000048,C-1044,2026-06-01 22:49:09,2539.36,BR016,UPI_DEBIT,India-Delhi
T000049,C-1157,2026-06-01 22:50:01,13078.34,BR005,CARD_PAYMENT,India-Delhi
T000050,C-1131,2026-06-01 23:06:53,1317.20,BR002,UPI_DEBIT,India-Kolkata
T000051,C-1246,2026-06-01 23:20:56,2436.69,BR020,UPI_DEBIT,India-Mumbai
T000052,C-1057,2026-06-01 23:55:06,3998.45,BR014,UPI_DEBIT,India-Chennai
T000053,C-1227,2026-06-02 00:11:23,12984.67,BR012,ATM_WITHDRAWAL,India-Bengaluru
T000054,C-1083,2026-06-02 00:54:02,5571.35,BR013,CARD_PAYMENT,India-Bengaluru
T000055,C-1170,2026-06-02 01:11:35,4378.90,BR005,UPI_DEBIT,India-Mumbai
T000056,C-1094,2026-06-02 02:56:02,12244.94,BR002,CARD_PAYMENT,India-Hyderabad
T000057,C-1229,2026-06-02 03:09:22,2526.60,BR015,UPI_DEBIT,India-Kolkata
T000058,C-1275,2026-06-02 03:10:20,317.68,BR013,UPI_DEBIT,India-Chennai
T000059,C-1078,2026-06-02 04:26:59,1457.90,BR016,UPI_DEBIT,India-Coimbatore
T000060,C-1279,2026-06-02 06:43:02,4149.88,BR005,UPI_DEBIT,India-Pune
T000061,C-1228,2026-06-02 06:46:41,2783.74,BR010,UPI_DEBIT,India-Mumbai
T000062,C-1113,2026-06-02 06:47:59,3329.54,BR014,UPI_DEBIT,India-Delhi
T000063,C-1152,2026-06-02 06:50:37,1763.04,BR013,UPI_DEBIT,India-Coimbatore
T000064,C-1232,2026-06-02 07:04:58,17269.70,BR009,ATM_WITHDRAWAL,India-Chennai
T000065,C-1139,2026-06-02 07:30:55,18386.83,BR019,ATM_WITHDRAWAL,India-Hyderabad
T000066,C-1131,2026-06-02 07:53:53,10818.62,BR017,ATM_WITHDRAWAL,India-Bengaluru
T000067,C-1188,2026-06-02 09:11:53,1191.29,BR005,UPI_DEBIT,India-Delhi
T000068,C-1094,2026-06-02 09:13:17,371.18,BR016,UPI_DEBIT,India-Delhi
T000069,C-1184,2026-06-02 09:40:05,33975.88,BR012,NEFT_CREDIT,India-Hyderabad
T000070,C-1153,2026-06-02 09:47:28,68743.35,BR004,SALARY_CREDIT,India-Kolkata
T000071,C-1079,2026-06-02 09:54:52,10356.40,BR008,ATM_WITHDRAWAL,India-Coimbatore
T000072,C-1043,2026-06-02 10:03:01,138202.76,BR016,SALARY_CREDIT,India-Chennai
T000073,C-1006,2026-06-02 10:12:00,11518.48,BR004,CARD_PAYMENT,India-Pune
T000074,C-1164,2026-06-02 10:40:39,2813.26,BR019,ATM_WITHDRAWAL,India-Bengaluru
T000075,C-1142,2026-06-02 11:01:49,1469.33,BR003,UPI_DEBIT,India-Coimbatore
T000076,C-1280,2026-06-02 13:07:37,29358.51,BR007,NEFT_CREDIT,India-Delhi
T000077,C-1117,2026-06-02 13:23:18,7120.96,BR016,CARD_PAYMENT,India-Hyderabad
T000078,C-1172,2026-06-02 13:23:57,3187.05,BR009,CARD_PAYMENT,India-Bengaluru
T000079,C-1085,2026-06-02 13:42:54,4404.21,BR009,UPI_DEBIT,India-Hyderabad
T000080,C-1113,2026-06-02 13:46:20,13900.59,BR011,CARD_PAYMENT,India-Kolkata
T000081,C-1112,2026-06-02 14:38:19,716.70,BR005,UPI_DEBIT,India-Coimbatore
T000082,C-1180,2026-06-02 14:39:46,805.82,BR002,CARD_PAYMENT,India-Bengaluru
T000083,C-1124,2026-06-02 15:01:45,7878.33,BR010,ATM_WITHDRAWAL,India-Chennai
T000084,C-1129,2026-06-02 15:31:43,687.64,BR010,UPI_DEBIT,India-Chennai
T000085,C-1091,2026-06-02 15:37:22,5232.54,BR015,ATM_WITHDRAWAL,India-Delhi
T000086,C-1083,2026-06-02 16:15:38,16255.73,BR014,ATM_WITHDRAWAL,India-Chennai
T000087,C-1240,2026-06-02 17:26:14,81463.17,BR003,SALARY_CREDIT,India-Hyderabad
T000088,C-1046,2026-06-02 17:43:04,113420.10,BR020,SALARY_CREDIT,India-Coimbatore
T000089,C-1160,2026-06-02 17:47:49,48628.69,BR007,NEFT_CREDIT,India-Hyderabad
T000090,C-1235,2026-06-02 17:48:46,4640.21,BR015,UPI_DEBIT,India-Mumbai
T000091,C-1254,2026-06-02 18:02:21,8354.05,BR009,CARD_PAYMENT,India-Mumbai
T000092,C-1206,2026-06-02 18:27:29,3523.01,BR004,CARD_PAYMENT,India-Delhi
T000093,C-1127,2026-06-02 18:29:17,59363.12,BR014,NEFT_CREDIT,India-Mumbai
T000094,C-1135,2026-06-02 19:11:08,4958.39,BR013,UPI_DEBIT,India-Pune
T000095,C-1300,2026-06-02 19:27:59,4311.19,BR001,CARD_PAYMENT,India-Bengaluru
T000096,C-1089,2026-06-02 19:31:31,44691.50,BR006,SALARY_CREDIT,India-Mumbai
T000097,C-1105,2026-06-02 20:01:48,4793.40,BR011,CARD_PAYMENT,India-Hyderabad
T000098,C-1253,2026-06-02 21:05:00,16939.70,BR009,CARD_PAYMENT,India-Kolkata
T000099,C-1220,2026-06-02 21:49:21,647.94,BR017,UPI_DEBIT,India-Bengaluru
T000100,C-1222,2026-06-02 22:00:23,2125.57,BR010,UPI_DEBIT,India-Pune
T000101,C-1141,2026-06-02 22:03:59,19533.67,BR020,CARD_PAYMENT,India-Pune
T000102,C-1181,2026-06-02 23:07:42,3101.36,BR017,UPI_DEBIT,India-Pune
T000103,C-1229,2026-06-02 23:26:13,1936.17,BR002,UPI_DEBIT,India-Kolkata
T000104,C-1133,2026-06-03 00:30:38,4407.71,BR018,UPI_DEBIT,India-Kolkata
T000105,C-1240,2026-06-03 00:57:00,9661.36,BR009,CARD_PAYMENT,India-Pune
T000106,C-1209,2026-06-03 01:04:34,3449.08,BR003,UPI_DEBIT,India-Pune
T000107,C-1141,2026-06-03 01:17:17,2207.49,BR012,UPI_DEBIT,India-Bengaluru
T000108,C-1175,2026-06-03 01:19:11,2091.60,BR015,UPI_DEBIT,India-Mumbai
T000109,C-1142,2026-06-03 01:19:17,1121.68,BR009,UPI_DEBIT,India-Kolkata
T000110,C-1133,2026-06-03 01:27:17,4643.84,BR012,UPI_DEBIT,India-Chennai
T000111,C-1177,2026-06-03 01:52:51,10939.65,BR007,CARD_PAYMENT,India-Kolkata
T000112,C-1169,2026-06-03 02:09:46,4895.11,BR009,CARD_PAYMENT,India-Delhi
T000113,C-1095,2026-06-03 02:50:38,11361.60,BR019,NEFT_CREDIT,India-Delhi
T000114,C-1284,2026-06-03 03:31:00,55595.47,BR015,NEFT_CREDIT,India-Coimbatore
T000115,C-1143,2026-06-03 03:34:19,15754.16,BR010,CARD_PAYMENT,India-Coimbatore
T000116,C-1090,2026-06-03 03:59:53,50254.77,BR018,NEFT_CREDIT,India-Pune
T000117,C-1087,2026-06-03 04:27:07,57140.68,BR015,NEFT_CREDIT,India-Coimbatore
T000118,C-1227,2026-06-03 04:57:34,12245.42,BR006,CARD_PAYMENT,India-Mumbai
T000119,C-1189,2026-06-03 06:59:09,13517.21,BR016,CARD_PAYMENT,India-Mumbai
T000120,C-1290,2026-06-03 07:18:39,77200.70,BR004,NEFT_CREDIT,India-Hyderabad
T000121,C-1077,2026-06-03 07:24:44,58210.00,BR005,NEFT_CREDIT,India-Kolkata
T000122,C-1050,2026-06-03 08:12:52,4472.91,BR009,UPI_DEBIT,India-Delhi
T000123,C-1251,2026-06-03 09:20:21,1462.24,BR018,UPI_DEBIT,India-Hyderabad
T000124,C-1089,2026-06-03 09:51:26,4521.20,BR019,ATM_WITHDRAWAL,India-Pune
T000125,C-1058,2026-06-03 10:10:52,47322.22,BR019,NEFT_CREDIT,India-Bengaluru
T000126,C-1170,2026-06-03 11:17:40,9787.26,BR014,CARD_PAYMENT,India-Bengaluru
T000127,C-1107,2026-06-03 11:38:31,11473.20,BR020,CARD_PAYMENT,India-Mumbai
T000128,C-1290,2026-06-03 13:42:23,16469.22,BR016,ATM_WITHDRAWAL,India-Kolkata
T000129,C-1099,2026-06-03 13:57:54,11597.64,BR018,CARD_PAYMENT,India-Kolkata
T000130,C-1099,2026-06-03 14:52:21,13365.26,BR006,ATM_WITHDRAWAL,India-Bengaluru
T000131,C-1106,2026-06-03 15:06:38,17368.44,BR008,CARD_PAYMENT,India-Kolkata
T000132,C-1047,2026-06-03 15:55:33,18841.12,BR007,CARD_PAYMENT,India-Mumbai
T000133,C-1071,2026-06-03 17:36:33,348.34,BR016,UPI_DEBIT,India-Pune
T000134,C-1088,2026-06-03 18:34:52,57854.10,BR008,SALARY_CREDIT,India-Pune
T000135,C-1279,2026-06-03 18:42:30,913.60,BR004,UPI_DEBIT,India-Mumbai
T000136,C-1264,2026-06-03 18:47:35,2126.90,BR009,UPI_DEBIT,India-Delhi
T000137,C-1295,2026-06-03 18:59:21,61760.09,BR008,SALARY_CREDIT,India-Mumbai
T000138,C-1186,2026-06-03 19:40:22,18644.46,BR019,ATM_WITHDRAWAL,India-Coimbatore
T000139,C-1123,2026-06-03 19:58:21,1883.75,BR017,UPI_DEBIT,India-Delhi
T000140,C-1283,2026-06-03 20:09:34,2196.57,BR005,UPI_DEBIT,India-Kolkata
T000141,C-1275,2026-06-03 20:25:26,18726.28,BR005,CARD_PAYMENT,India-Chennai
T000142,C-1300,2026-06-03 20:37:38,48538.47,BR002,NEFT_CREDIT,India-Bengaluru
T000143,C-1191,2026-06-03 21:00:51,4905.61,BR001,UPI_DEBIT,India-Delhi
T000144,C-1281,2026-06-03 22:10:47,11229.87,BR014,CARD_PAYMENT,India-Pune
T000145,C-1045,2026-06-03 22:26:45,4626.51,BR008,UPI_DEBIT,India-Chennai
T000146,C-1221,2026-06-03 23:15:13,4449.01,BR007,UPI_DEBIT,India-Delhi
T000147,C-1166,2026-06-03 23:42:39,1847.05,BR018,UPI_DEBIT,India-Delhi
T000148,C-1262,2026-06-04 00:56:24,16476.57,BR011,ATM_WITHDRAWAL,India-Kolkata
T000149,C-1121,2026-06-04 01:29:24,1402.98,BR015,UPI_DEBIT,India-Coimbatore
T000150,C-1281,2026-06-04 02:08:04,28162.98,BR017,NEFT_CREDIT,India-Bengaluru
T000151,C-1161,2026-06-04 03:01:11,9894.83,BR013,ATM_WITHDRAWAL,India-Delhi
T000152,C-1121,2026-06-04 03:53:29,2067.63,BR015,UPI_DEBIT,India-Chennai
T000153,C-1244,2026-06-04 04:12:04,9727.06,BR006,ATM_WITHDRAWAL,India-Chennai
T000154,C-1242,2026-06-04 04:42:29,38875.87,BR016,SALARY_CREDIT,India-Pune
T000155,C-1049,2026-06-04 04:55:16,61149.81,BR015,NEFT_CREDIT,India-Bengaluru
T000156,C-1206,2026-06-04 05:00:35,4082.81,BR006,UPI_DEBIT,India-Mumbai
T000157,C-1196,2026-06-04 06:25:36,469.50,BR011,UPI_DEBIT,India-Kolkata
T000158,C-1057,2026-06-04 07:03:26,10727.15,BR009,NEFT_CREDIT,India-Mumbai
T000159,C-1195,2026-06-04 07:04:12,3503.86,BR014,CARD_PAYMENT,India-Delhi
T000160,C-1006,2026-06-04 07:40:56,68336.96,BR017,NEFT_CREDIT,India-Bengaluru
T000161,C-1293,2026-06-04 08:04:33,114864.37,BR005,SALARY_CREDIT,India-Mumbai
T000162,C-1008,2026-06-04 08:15:46,63046.55,BR013,SALARY_CREDIT,India-Chennai
T000163,C-1092,2026-06-04 09:40:12,1507.11,BR018,UPI_DEBIT,India-Bengaluru
T000164,C-1135,2026-06-04 09:48:12,1738.98,BR014,UPI_DEBIT,India-Coimbatore
T000165,C-1143,2026-06-04 09:55:47,2550.31,BR010,UPI_DEBIT,India-Coimbatore
T000166,C-1136,2026-06-04 10:07:03,4551.97,BR007,UPI_DEBIT,India-Mumbai
T000167,C-1176,2026-06-04 10:07:14,17041.85,BR002,NEFT_CREDIT,India-Pune
T000168,C-1219,2026-06-04 10:14:15,12115.50,BR010,CARD_PAYMENT,India-Hyderabad
T000169,C-1054,2026-06-04 10:15:37,1437.29,BR011,UPI_DEBIT,India-Chennai
T000170,C-1004,2026-06-04 10:16:22,16148.18,BR012,NEFT_CREDIT,India-Kolkata
T000171,C-1042,2026-06-04 10:17:01,4942.63,BR012,UPI_DEBIT,India-Pune
T000172,C-1279,2026-06-04 10:35:18,2964.35,BR008,UPI_DEBIT,India-Mumbai
T000173,C-1004,2026-06-04 11:01:22,2651.23,BR002,UPI_DEBIT,India-Pune
T000174,C-1129,2026-06-04 11:10:36,57784.56,BR002,SALARY_CREDIT,India-Coimbatore
T000175,C-1102,2026-06-04 11:18:54,61272.18,BR013,SALARY_CREDIT,India-Chennai
T000176,C-1184,2026-06-04 11:25:29,3068.03,BR016,UPI_DEBIT,India-Hyderabad
T000177,C-1090,2026-06-04 12:09:39,1384.93,BR018,UPI_DEBIT,India-Pune
T000178,C-1131,2026-06-04 12:16:05,3347.50,BR016,UPI_DEBIT,India-Kolkata
T000179,C-1107,2026-06-04 12:24:21,4867.83,BR006,CARD_PAYMENT,India-Kolkata
T000180,C-1245,2026-06-04 12:35:44,5911.19,BR009,CARD_PAYMENT,India-Mumbai
T000181,C-1151,2026-06-04 12:37:30,2024.03,BR018,UPI_DEBIT,India-Pune
T000182,C-1190,2026-06-04 12:47:35,2562.47,BR012,UPI_DEBIT,India-Coimbatore
T000183,C-1062,2026-06-04 13:37:48,16578.40,BR009,ATM_WITHDRAWAL,India-Coimbatore
T000184,C-1104,2026-06-04 14:49:08,410.65,BR020,UPI_DEBIT,India-Coimbatore
T000185,C-1135,2026-06-04 14:53:49,3047.77,BR018,UPI_DEBIT,India-Delhi
T000186,C-1109,2026-06-04 14:56:34,3287.72,BR002,UPI_DEBIT,India-Pune
T000187,C-1079,2026-06-04 15:13:33,113898.40,BR013,SALARY_CREDIT,India-Hyderabad
T000188,C-1254,2026-06-04 15:37:31,62554.95,BR012,SALARY_CREDIT,India-Chennai
T000189,C-1261,2026-06-04 17:07:39,36754.17,BR004,NEFT_CREDIT,India-Pune
T000190,C-1196,2026-06-04 18:55:53,2945.74,BR005,UPI_DEBIT,India-Pune
T000191,C-1277,2026-06-04 18:57:12,5195.29,BR007,CARD_PAYMENT,India-Bengaluru
T000192,C-1293,2026-06-04 19:17:43,116270.09,BR008,SALARY_CREDIT,India-Mumbai
T000193,C-1007,2026-06-04 19:19:11,3061.19,BR014,UPI_DEBIT,India-Kolkata
T000194,C-1120,2026-06-04 19:37:59,8494.13,BR017,CARD_PAYMENT,India-Mumbai
T000195,C-1170,2026-06-04 19:44:41,46921.92,BR006,NEFT_CREDIT,India-Bengaluru
T000196,C-1296,2026-06-04 19:48:17,4170.72,BR005,UPI_DEBIT,India-Pune
T000197,C-1163,2026-06-04 20:38:04,56983.11,BR014,NEFT_CREDIT,India-Chennai
T000198,C-1053,2026-06-04 20:45:27,3410.23,BR017,UPI_DEBIT,India-Mumbai
T000199,C-1099,2026-06-04 21:07:07,4364.07,BR003,UPI_DEBIT,India-Mumbai
T000200,C-1145,2026-06-04 21:27:21,3624.41,BR008,UPI_DEBIT,India-Chennai
T000201,C-1131,2026-06-04 21:49:37,312.11,BR014,UPI_DEBIT,India-Delhi
T000202,C-1048,2026-06-04 22:43:26,1912.22,BR014,UPI_DEBIT,India-Pune
T000203,C-1159,2026-06-04 22:43:47,3543.49,BR020,CARD_PAYMENT,India-Mumbai
T000204,C-1005,2026-06-05 00:57:04,3104.46,BR020,UPI_DEBIT,India-Kolkata
T000205,C-1234,2026-06-05 01:32:24,814.93,BR018,UPI_DEBIT,India-Kolkata
T000206,C-1143,2026-06-05 02:02:22,15417.55,BR003,NEFT_CREDIT,India-Delhi
T000207,C-1288,2026-06-05 02:02:31,16981.16,BR012,ATM_WITHDRAWAL,India-Hyderabad
T000208,C-1135,2026-06-05 02:16:42,47700.15,BR004,NEFT_CREDIT,India-Pune
T000209,C-1164,2026-06-05 03:47:30,3058.83,BR014,CARD_PAYMENT,India-Mumbai
T000210,C-1264,2026-06-05 03:49:35,12549.66,BR019,ATM_WITHDRAWAL,India-Coimbatore
T000211,C-1252,2026-06-05 04:13:07,45983.77,BR004,NEFT_CREDIT,India-Hyderabad
T000212,C-1117,2026-06-05 05:16:15,3061.02,BR003,UPI_DEBIT,India-Kolkata
T000213,C-1195,2026-06-05 06:13:15,18294.28,BR020,CARD_PAYMENT,India-Coimbatore
T000214,C-1162,2026-06-05 06:37:02,10131.51,BR007,CARD_PAYMENT,India-Bengaluru
T000215,C-1181,2026-06-05 06:37:23,75603.06,BR002,NEFT_CREDIT,India-Kolkata
T000216,C-1081,2026-06-05 06:49:32,42476.49,BR015,NEFT_CREDIT,India-Coimbatore
T000217,C-1149,2026-06-05 06:55:09,4851.77,BR005,UPI_DEBIT,India-Kolkata
T000218,C-1286,2026-06-05 07:10:51,36423.81,BR011,NEFT_CREDIT,India-Chennai
T000219,C-1162,2026-06-05 07:42:41,1943.02,BR011,UPI_DEBIT,India-Delhi
T000220,C-1215,2026-06-05 08:10:17,614.48,BR014,UPI_DEBIT,India-Hyderabad
T000221,C-1134,2026-06-05 08:35:30,19788.81,BR013,ATM_WITHDRAWAL,India-Pune
T000222,C-1006,2026-06-05 08:47:47,747.34,BR018,UPI_DEBIT,India-Hyderabad
T000223,C-1186,2026-06-05 08:49:54,1945.34,BR011,UPI_DEBIT,India-Delhi
T000224,C-1189,2026-06-05 09:04:35,36128.44,BR015,NEFT_CREDIT,India-Chennai
T000225,C-1273,2026-06-05 09:20:01,49736.77,BR020,SALARY_CREDIT,India-Coimbatore
T000226,C-1149,2026-06-05 09:24:52,66782.90,BR017,NEFT_CREDIT,India-Delhi
T000227,C-1238,2026-06-05 09:45:56,19531.38,BR014,NEFT_CREDIT,India-Delhi
T000228,C-1137,2026-06-05 10:07:44,1851.61,BR005,UPI_DEBIT,India-Pune
T000229,C-1045,2026-06-05 10:21:20,6200.67,BR013,CARD_PAYMENT,India-Delhi
T000230,C-1224,2026-06-05 11:27:17,5345.23,BR020,CARD_PAYMENT,India-Pune
T000231,C-1089,2026-06-05 12:09:54,3683.75,BR008,UPI_DEBIT,India-Mumbai
T000232,C-1209,2026-06-05 13:45:58,1572.26,BR004,UPI_DEBIT,India-Chennai
T000233,C-1183,2026-06-05 14:24:39,1715.06,BR013,UPI_DEBIT,India-Pune
T000234,C-1242,2026-06-05 14:41:43,17896.91,BR014,CARD_PAYMENT,India-Delhi
T000235,C-1088,2026-06-05 15:45:06,13613.85,BR016,CARD_PAYMENT,India-Kolkata
T000236,C-1149,2026-06-05 15:51:08,427.11,BR006,UPI_DEBIT,India-Bengaluru
T000237,C-1041,2026-06-05 16:04:14,7196.77,BR019,CARD_PAYMENT,India-Coimbatore
T000238,C-1201,2026-06-05 16:18:06,1840.42,BR019,UPI_DEBIT,India-Chennai
T000239,C-1084,2026-06-05 17:01:28,799.31,BR018,UPI_DEBIT,India-Coimbatore
T000240,C-1159,2026-06-05 17:45:13,3825.93,BR010,UPI_DEBIT,India-Hyderabad
T000241,C-1227,2026-06-05 17:58:47,130281.90,BR013,SALARY_CREDIT,India-Hyderabad
T000242,C-1274,2026-06-05 18:40:55,68143.57,BR008,SALARY_CREDIT,India-Hyderabad
T000243,C-1297,2026-06-05 19:01:37,715.65,BR018,UPI_DEBIT,India-Kolkata
T000244,C-1280,2026-06-05 19:04:00,2228.77,BR016,UPI_DEBIT,India-Kolkata
T000245,C-1185,2026-06-05 19:17:35,14605.40,BR015,NEFT_CREDIT,India-Pune
T000246,C-1105,2026-06-05 19:21:38,3030.57,BR010,UPI_DEBIT,India-Mumbai
T000247,C-1066,2026-06-05 20:34:36,55745.94,BR013,NEFT_CREDIT,India-Chennai
T000248,C-1086,2026-06-05 20:53:32,9722.82,BR020,ATM_WITHDRAWAL,India-Hyderabad
T000249,C-1102,2026-06-05 22:00:39,67467.61,BR016,SALARY_CREDIT,India-Kolkata
T000250,C-1232,2026-06-05 22:21:23,251.49,BR011,UPI_DEBIT,India-Kolkata
T000251,C-1165,2026-06-05 23:16:55,3271.61,BR004,UPI_DEBIT,India-Pune
T000252,C-1095,2026-06-05 23:23:02,869.46,BR018,UPI_DEBIT,India-Coimbatore
T000253,C-1251,2026-06-05 23:40:11,49501.66,BR004,NEFT_CREDIT,India-Coimbatore
T000254,C-1242,2026-06-05 23:46:34,4298.18,BR002,UPI_DEBIT,India-Bengaluru
T000255,C-1142,2026-06-06 00:08:38,3216.75,BR004,UPI_DEBIT,India-Hyderabad
T000256,C-1170,2026-06-06 01:13:34,1983.67,BR003,UPI_DEBIT,India-Chennai
T000257,C-1182,2026-06-06 02:38:26,4279.80,BR006,UPI_DEBIT,India-Delhi
T000258,C-1212,2026-06-06 02:54:39,2027.92,BR009,UPI_DEBIT,India-Bengaluru
T000259,C-1284,2026-06-06 04:51:16,13331.25,BR001,CARD_PAYMENT,India-Hyderabad
T000260,C-1055,2026-06-06 05:04:35,2639.31,BR005,CARD_PAYMENT,India-Kolkata
T000261,C-1075,2026-06-06 05:25:04,16321.09,BR020,CARD_PAYMENT,India-Hyderabad
T000262,C-1155,2026-06-06 06:21:32,380.51,BR004,UPI_DEBIT,India-Coimbatore
T000263,C-1123,2026-06-06 06:54:38,1629.16,BR015,UPI_DEBIT,India-Coimbatore
T000264,C-1178,2026-06-06 06:57:45,2946.17,BR007,UPI_DEBIT,India-Bengaluru
T000265,C-1174,2026-06-06 07:06:23,6512.26,BR002,CARD_PAYMENT,India-Coimbatore
T000266,C-1237,2026-06-06 07:12:18,4641.13,BR012,UPI_DEBIT,India-Kolkata
T000267,C-1270,2026-06-06 07:33:59,1225.01,BR019,CARD_PAYMENT,India-Bengaluru
T000268,C-1136,2026-06-06 08:21:58,6632.82,BR017,CARD_PAYMENT,India-Pune
T000269,C-1041,2026-06-06 08:28:30,584.79,BR003,UPI_DEBIT,India-Mumbai
T000270,C-1085,2026-06-06 08:32:43,3175.68,BR014,UPI_DEBIT,India-Hyderabad
T000271,C-1183,2026-06-06 09:24:13,21862.17,BR012,NEFT_CREDIT,India-Delhi
T000272,C-1247,2026-06-06 09:36:18,3543.17,BR008,UPI_DEBIT,India-Coimbatore
T000273,C-1287,2026-06-06 09:41:10,1504.90,BR016,UPI_DEBIT,India-Hyderabad
T000274,C-1063,2026-06-06 10:50:44,4098.20,BR003,UPI_DEBIT,India-Delhi
T000275,C-1298,2026-06-06 11:22:50,4812.83,BR020,UPI_DEBIT,India-Bengaluru
T000276,C-1242,2026-06-06 11:23:35,53118.93,BR001,NEFT_CREDIT,India-Delhi
T000277,C-1132,2026-06-06 11:55:14,13185.45,BR010,CARD_PAYMENT,India-Coimbatore
T000278,C-1258,2026-06-06 11:55:56,122370.84,BR010,SALARY_CREDIT,India-Delhi
T000279,C-1300,2026-06-06 12:14:11,1617.71,BR014,UPI_DEBIT,India-Chennai
T000280,C-1293,2026-06-06 12:56:44,3715.29,BR007,UPI_DEBIT,India-Pune
T000281,C-1128,2026-06-06 13:09:01,8683.90,BR016,ATM_WITHDRAWAL,India-Bengaluru
T000282,C-1250,2026-06-06 13:13:00,11813.63,BR003,ATM_WITHDRAWAL,India-Bengaluru
T000283,C-1237,2026-06-06 13:15:59,45141.03,BR019,NEFT_CREDIT,India-Kolkata
T000284,C-1252,2026-06-06 13:31:36,15960.06,BR002,CARD_PAYMENT,India-Chennai
T000285,C-1042,2026-06-06 13:35:03,2109.79,BR006,UPI_DEBIT,India-Chennai
T000286,C-1173,2026-06-06 13:47:18,75678.02,BR003,NEFT_CREDIT,India-Mumbai
T000287,C-1255,2026-06-06 13:53:51,2235.91,BR003,UPI_DEBIT,India-Chennai
T000288,C-1079,2026-06-06 14:09:28,385.04,BR008,UPI_DEBIT,India-Hyderabad
T000289,C-1096,2026-06-06 15:07:42,2336.81,BR012,UPI_DEBIT,India-Kolkata
T000290,C-1097,2026-06-06 15:44:44,2188.15,BR015,ATM_WITHDRAWAL,India-Hyderabad
T000291,C-1223,2026-06-06 16:50:41,11331.24,BR012,CARD_PAYMENT,India-Mumbai
T000292,C-1128,2026-06-06 17:16:50,1439.73,BR008,UPI_DEBIT,India-Coimbatore
T000293,C-1172,2026-06-06 18:17:31,854.08,BR002,UPI_DEBIT,India-Coimbatore
T000294,C-1220,2026-06-06 18:19:31,16911.25,BR008,CARD_PAYMENT,India-Mumbai
T000295,C-1277,2026-06-06 18:36:58,4887.69,BR019,UPI_DEBIT,India-Hyderabad
T000296,C-1193,2026-06-06 18:42:05,783.88,BR006,UPI_DEBIT,India-Kolkata
T000297,C-1046,2026-06-06 20:01:52,4801.31,BR016,UPI_DEBIT,India-Hyderabad
T000298,C-1196,2026-06-06 20:19:07,53544.90,BR018,NEFT_CREDIT,India-Coimbatore
T000299,C-1285,2026-06-06 20:25:40,1136.80,BR006,UPI_DEBIT,India-Hyderabad
T000300,C-1097,2026-06-06 20:50:58,25163.36,BR013,SALARY_CREDIT,India-Kolkata
T000301,C-1278,2026-06-06 21:05:48,29238.28,BR010,NEFT_CREDIT,India-Coimbatore
T000302,C-1222,2026-06-06 21:22:25,4632.92,BR001,UPI_DEBIT,India-Kolkata
T000303,C-1045,2026-06-06 21:32:45,2352.01,BR012,UPI_DEBIT,India-Kolkata
T000304,C-1069,2026-06-06 22:34:18,12894.17,BR005,CARD_PAYMENT,India-Kolkata
T000305,C-1252,2026-06-06 23:06:08,79243.94,BR004,NEFT_CREDIT,India-Kolkata
T000306,C-1278,2026-06-06 23:25:52,65979.31,BR009,NEFT_CREDIT,India-Bengaluru
T000307,C-1080,2026-06-06 23:37:24,2692.91,BR017,UPI_DEBIT,India-Bengaluru
T000308,C-1144,2026-06-07 01:01:08,2472.23,BR006,UPI_DEBIT,India-Delhi
T000309,C-1233,2026-06-07 01:30:04,3175.13,BR002,UPI_DEBIT,India-Coimbatore
T000310,C-1213,2026-06-07 01:32:22,4025.90,BR019,UPI_DEBIT,India-Delhi
T000311,C-1291,2026-06-07 02:07:49,2482.29,BR007,UPI_DEBIT,India-Bengaluru
T000312,C-1216,2026-06-07 02:20:27,1392.20,BR020,UPI_DEBIT,India-Mumbai
T000313,C-1062,2026-06-07 02:29:51,439.76,BR019,UPI_DEBIT,India-Pune
T000314,C-1212,2026-06-07 03:01:38,4826.73,BR005,UPI_DEBIT,India-Bengaluru
T000315,C-1178,2026-06-07 03:35:32,2727.38,BR012,UPI_DEBIT,India-Mumbai
T000316,C-1182,2026-06-07 03:47:28,1289.71,BR001,UPI_DEBIT,India-Pune
T000317,C-1274,2026-06-07 04:09:49,33408.97,BR017,NEFT_CREDIT,India-Coimbatore
T000318,C-1219,2026-06-07 05:23:07,14138.21,BR002,CARD_PAYMENT,India-Hyderabad
T000319,C-1005,2026-06-07 06:29:44,18523.39,BR003,ATM_WITHDRAWAL,India-Bengaluru
T000320,C-1238,2026-06-07 07:15:22,123137.49,BR002,SALARY_CREDIT,India-Delhi
T000321,C-1237,2026-06-07 07:27:02,3558.90,BR019,UPI_DEBIT,India-Mumbai
T000322,C-1089,2026-06-07 07:45:08,401.71,BR001,UPI_DEBIT,India-Hyderabad
T000323,C-1287,2026-06-07 08:12:22,146939.84,BR013,SALARY_CREDIT,India-Bengaluru
T000324,C-1230,2026-06-07 08:55:36,1684.05,BR004,UPI_DEBIT,India-Bengaluru
T000325,C-1005,2026-06-07 09:57:23,2036.47,BR015,UPI_DEBIT,India-Coimbatore
T000326,C-1264,2026-06-07 10:02:51,1101.42,BR012,UPI_DEBIT,India-Kolkata
T000327,C-1260,2026-06-07 10:47:31,4322.32,BR015,UPI_DEBIT,India-Coimbatore
T000328,C-1178,2026-06-07 11:55:10,116156.79,BR017,SALARY_CREDIT,India-Mumbai
T000329,C-1089,2026-06-07 13:45:45,11535.78,BR016,CARD_PAYMENT,India-Pune
T000330,C-1232,2026-06-07 15:05:37,2047.63,BR012,UPI_DEBIT,India-Pune
T000331,C-1220,2026-06-07 15:15:49,28638.20,BR009,NEFT_CREDIT,India-Kolkata
T000332,C-1075,2026-06-07 16:51:32,16132.32,BR018,ATM_WITHDRAWAL,India-Pune
T000333,C-1162,2026-06-07 18:31:23,75509.58,BR008,SALARY_CREDIT,India-Bengaluru
T000334,C-1059,2026-06-07 18:45:06,3316.48,BR016,UPI_DEBIT,India-Bengaluru
T000335,C-1283,2026-06-07 19:03:48,4207.60,BR007,UPI_DEBIT,India-Bengaluru
T000336,C-1248,2026-06-07 19:47:41,2861.64,BR001,UPI_DEBIT,India-Coimbatore
T000337,C-1008,2026-06-07 19:59:52,2962.55,BR011,UPI_DEBIT,India-Hyderabad
T000338,C-1101,2026-06-07 20:04:47,11148.51,BR004,CARD_PAYMENT,India-Hyderabad
T000339,C-1073,2026-06-07 20:40:31,39717.55,BR007,NEFT_CREDIT,India-Bengaluru
T000340,C-1163,2026-06-07 20:52:06,7540.65,BR006,ATM_WITHDRAWAL,India-Delhi
T000341,C-1195,2026-06-07 21:12:25,944.64,BR006,UPI_DEBIT,India-Bengaluru
T000342,C-1150,2026-06-07 22:04:18,40044.37,BR009,SALARY_CREDIT,India-Coimbatore
T000343,C-1004,2026-06-07 22:13:02,7179.04,BR007,ATM_WITHDRAWAL,India-Mumbai
T000344,C-1267,2026-06-07 22:24:46,991.39,BR019,UPI_DEBIT,India-Pune
T000345,C-1146,2026-06-07 22:25:16,2446.52,BR018,UPI_DEBIT,India-Mumbai
T000346,C-1251,2026-06-07 22:30:59,9897.54,BR003,CARD_PAYMENT,India-Kolkata
T000347,C-1097,2026-06-07 23:14:23,7167.46,BR014,CARD_PAYMENT,India-Coimbatore
T000348,C-1113,2026-06-07 23:43:49,1854.53,BR009,CARD_PAYMENT,India-Pune
T000349,C-1221,2026-06-07 23:52:06,4418.65,BR015,ATM_WITHDRAWAL,India-Bengaluru
T000350,C-1157,2026-06-08 00:16:04,16159.35,BR007,CARD_PAYMENT,India-Mumbai
T000351,C-1291,2026-06-08 00:30:10,6512.20,BR009,CARD_PAYMENT,India-Delhi
T000352,C-1267,2026-06-08 00:59:22,32958.47,BR003,NEFT_CREDIT,India-Bengaluru
T000353,C-1062,2026-06-08 01:12:27,410.56,BR016,UPI_DEBIT,India-Pune
T000354,C-1188,2026-06-08 01:25:10,11300.88,BR002,CARD_PAYMENT,India-Kolkata
T000355,C-1268,2026-06-08 01:42:46,63696.75,BR003,SALARY_CREDIT,India-Coimbatore
T000356,C-1267,2026-06-08 01:49:03,313.41,BR020,UPI_DEBIT,India-Chennai
T000357,C-1279,2026-06-08 02:28:12,10351.70,BR012,ATM_WITHDRAWAL,India-Chennai
T000358,C-1204,2026-06-08 03:02:52,938.19,BR020,CARD_PAYMENT,India-Kolkata
T000359,C-1179,2026-06-08 04:02:07,2516.04,BR005,UPI_DEBIT,India-Hyderabad
T000360,C-1109,2026-06-08 05:14:45,72885.37,BR004,NEFT_CREDIT,India-Pune
T000361,C-1050,2026-06-08 05:28:05,3656.67,BR005,UPI_DEBIT,India-Chennai
T000362,C-1270,2026-06-08 05:46:10,4358.91,BR011,UPI_DEBIT,India-Coimbatore
T000363,C-1134,2026-06-08 05:50:28,3252.10,BR016,UPI_DEBIT,India-Chennai
T000364,C-1210,2026-06-08 06:15:23,108709.79,BR012,SALARY_CREDIT,India-Mumbai
T000365,C-1008,2026-06-08 07:24:51,4391.12,BR004,ATM_WITHDRAWAL,India-Pune
T000366,C-1253,2026-06-08 07:42:38,367.67,BR011,UPI_DEBIT,India-Mumbai
T000367,C-1246,2026-06-08 08:09:31,55370.74,BR004,NEFT_CREDIT,India-Pune
T000368,C-1293,2026-06-08 08:14:45,91912.55,BR017,SALARY_CREDIT,India-Mumbai
T000369,C-1208,2026-06-08 08:49:43,83822.30,BR017,SALARY_CREDIT,India-Bengaluru
T000370,C-1006,2026-06-08 08:59:36,4791.20,BR020,UPI_DEBIT,India-Hyderabad
T000371,C-1199,2026-06-08 09:39:26,4607.42,BR001,UPI_DEBIT,India-Chennai
T000372,C-1141,2026-06-08 09:43:08,4621.56,BR013,UPI_DEBIT,India-Coimbatore
T000373,C-1149,2026-06-08 10:37:58,2115.17,BR011,UPI_DEBIT,India-Delhi
T000374,C-1227,2026-06-08 10:56:35,3341.93,BR012,UPI_DEBIT,India-Mumbai
T000375,C-1206,2026-06-08 10:57:57,11852.63,BR016,CARD_PAYMENT,India-Coimbatore
T000376,C-1266,2026-06-08 11:55:16,7784.76,BR018,CARD_PAYMENT,India-Mumbai
T000377,C-1241,2026-06-08 13:06:32,24660.31,BR006,NEFT_CREDIT,India-Bengaluru
T000378,C-1179,2026-06-08 13:41:36,29502.54,BR017,NEFT_CREDIT,India-Pune
T000379,C-1185,2026-06-08 14:01:49,14809.90,BR006,NEFT_CREDIT,India-Pune
T000380,C-1195,2026-06-08 14:13:29,2439.65,BR009,CARD_PAYMENT,India-Bengaluru
T000381,C-1248,2026-06-08 14:17:57,3251.39,BR012,UPI_DEBIT,India-Chennai
T000382,C-1235,2026-06-08 14:55:13,11037.73,BR020,ATM_WITHDRAWAL,India-Bengaluru
T000383,C-1146,2026-06-08 14:55:18,9863.61,BR016,ATM_WITHDRAWAL,India-Coimbatore
T000384,C-1083,2026-06-08 15:27:43,2159.65,BR018,UPI_DEBIT,India-Pune
T000385,C-1158,2026-06-08 15:58:14,62976.73,BR010,NEFT_CREDIT,India-Coimbatore
T000386,C-1164,2026-06-08 16:15:03,3823.75,BR011,UPI_DEBIT,India-Chennai
T000387,C-1273,2026-06-08 16:36:56,343.10,BR002,UPI_DEBIT,India-Chennai
T000388,C-1005,2026-06-08 16:47:25,3850.29,BR015,UPI_DEBIT,India-Bengaluru
T000389,C-1072,2026-06-08 16:59:34,2220.39,BR017,UPI_DEBIT,India-Bengaluru
T000390,C-1138,2026-06-08 17:00:10,12372.10,BR009,CARD_PAYMENT,India-Delhi
T000391,C-1261,2026-06-08 17:30:04,1141.27,BR017,UPI_DEBIT,India-Hyderabad
T000392,C-1094,2026-06-08 18:23:12,59972.11,BR003,SALARY_CREDIT,India-Mumbai
T000393,C-1209,2026-06-08 18:25:58,64577.40,BR002,SALARY_CREDIT,India-Mumbai
T000394,C-1133,2026-06-08 18:34:59,33769.50,BR015,NEFT_CREDIT,India-Coimbatore
T000395,C-1276,2026-06-08 18:37:54,16385.43,BR003,CARD_PAYMENT,India-Coimbatore
T000396,C-1008,2026-06-08 18:48:54,46087.11,BR011,NEFT_CREDIT,India-Mumbai
T000397,C-1226,2026-06-08 19:04:22,132919.11,BR009,SALARY_CREDIT,India-Mumbai
T000398,C-1114,2026-06-08 19:14:29,147235.27,BR003,SALARY_CREDIT,India-Mumbai
T000399,C-1137,2026-06-08 19:17:37,121488.62,BR008,SALARY_CREDIT,India-Bengaluru
T000400,C-1243,2026-06-08 20:10:13,147656.00,BR006,SALARY_CREDIT,India-Bengaluru
T000401,C-1146,2026-06-08 20:25:23,6329.90,BR010,CARD_PAYMENT,India-Bengaluru
T000402,C-1042,2026-06-08 20:27:20,4992.74,BR002,UPI_DEBIT,India-Bengaluru
T000403,C-1300,2026-06-08 20:40:04,11992.95,BR013,CARD_PAYMENT,India-Delhi
T000404,C-1229,2026-06-08 21:00:46,1068.17,BR002,CARD_PAYMENT,India-Kolkata
T000405,C-1005,2026-06-08 22:36:36,75932.51,BR019,NEFT_CREDIT,India-Pune
T000406,C-1201,2026-06-08 23:29:03,10245.89,BR009,CARD_PAYMENT,India-Delhi
T000407,C-1085,2026-06-08 23:29:39,8041.06,BR016,NEFT_CREDIT,India-Bengaluru
T000408,C-1124,2026-06-08 23:47:58,16415.26,BR012,CARD_PAYMENT,India-Delhi
T000409,C-1278,2026-06-09 00:10:14,554.40,BR017,UPI_DEBIT,India-Delhi
T000410,C-1088,2026-06-09 00:10:26,13212.79,BR005,CARD_PAYMENT,India-Kolkata
T000411,C-1083,2026-06-09 00:24:58,3207.82,BR013,UPI_DEBIT,India-Kolkata
T000412,C-1224,2026-06-09 00:27:15,2607.62,BR001,UPI_DEBIT,India-Coimbatore
T000413,C-1004,2026-06-09 00:32:09,679.81,BR015,UPI_DEBIT,India-Chennai
T000414,C-1090,2026-06-09 01:16:26,9745.83,BR019,CARD_PAYMENT,India-Pune
T000415,C-1171,2026-06-09 01:25:18,11225.79,BR016,CARD_PAYMENT,India-Hyderabad
T000416,C-1043,2026-06-09 01:39:38,2229.24,BR019,UPI_DEBIT,India-Mumbai
T000417,C-1157,2026-06-09 01:54:41,2157.96,BR007,CARD_PAYMENT,India-Delhi
T000418,C-1236,2026-06-09 02:12:49,5308.90,BR015,CARD_PAYMENT,India-Coimbatore
T000419,C-1190,2026-06-09 02:18:23,4978.43,BR019,UPI_DEBIT,India-Kolkata
T000420,C-1167,2026-06-09 02:54:12,1517.41,BR015,UPI_DEBIT,India-Bengaluru
T000421,C-1097,2026-06-09 05:12:42,4498.59,BR006,UPI_DEBIT,India-Coimbatore
T000422,C-1069,2026-06-09 06:30:36,91366.45,BR002,SALARY_CREDIT,India-Bengaluru
T000423,C-1202,2026-06-09 07:05:44,5812.61,BR011,CARD_PAYMENT,India-Pune
T000424,C-1255,2026-06-09 07:34:16,103734.78,BR007,SALARY_CREDIT,India-Pune
T000425,C-1006,2026-06-09 07:42:51,4281.42,BR001,UPI_DEBIT,India-Coimbatore
T000426,C-1190,2026-06-09 08:22:29,8214.91,BR001,NEFT_CREDIT,India-Pune
T000427,C-1064,2026-06-09 09:46:53,917.11,BR015,UPI_DEBIT,India-Delhi
T000428,C-1245,2026-06-09 10:43:14,12845.64,BR001,NEFT_CREDIT,India-Pune
T000429,C-1181,2026-06-09 10:45:34,1541.11,BR006,UPI_DEBIT,India-Coimbatore
T000430,C-1082,2026-06-09 11:37:25,3665.37,BR003,UPI_DEBIT,India-Kolkata
T000431,C-1196,2026-06-09 12:23:33,31799.47,BR001,NEFT_CREDIT,India-Kolkata
T000432,C-1163,2026-06-09 12:31:12,1066.30,BR001,UPI_DEBIT,India-Pune
T000433,C-1263,2026-06-09 13:00:58,16547.85,BR018,CARD_PAYMENT,India-Kolkata
T000434,C-1216,2026-06-09 13:21:20,9710.23,BR003,CARD_PAYMENT,India-Hyderabad
T000435,C-1195,2026-06-09 13:22:10,4060.56,BR016,UPI_DEBIT,India-Kolkata
T000436,C-1240,2026-06-09 13:31:26,1292.28,BR002,UPI_DEBIT,India-Pune
T000437,C-1065,2026-06-09 13:38:56,4826.42,BR001,UPI_DEBIT,India-Coimbatore
T000438,C-1076,2026-06-09 14:48:46,10842.28,BR001,ATM_WITHDRAWAL,India-Bengaluru
T000439,C-1245,2026-06-09 15:21:59,1810.33,BR010,CARD_PAYMENT,India-Mumbai
T000440,C-1300,2026-06-09 15:43:54,2829.84,BR018,CARD_PAYMENT,India-Pune
T000441,C-1290,2026-06-09 16:24:03,4815.31,BR002,UPI_DEBIT,India-Hyderabad
T000442,C-1050,2026-06-09 16:37:43,3104.19,BR004,UPI_DEBIT,India-Mumbai
T000443,C-1009,2026-06-09 16:56:23,5090.12,BR001,CARD_PAYMENT,India-Kolkata
T000444,C-1266,2026-06-09 18:01:45,23912.86,BR017,NEFT_CREDIT,India-Bengaluru
T000445,C-1230,2026-06-09 18:09:25,9560.49,BR012,CARD_PAYMENT,India-Kolkata
T000446,C-1068,2026-06-09 18:15:20,68633.53,BR007,SALARY_CREDIT,India-Bengaluru
T000447,C-1231,2026-06-09 18:30:35,1367.13,BR002,UPI_DEBIT,India-Delhi
T000448,C-1169,2026-06-09 18:33:27,1511.14,BR007,CARD_PAYMENT,India-Pune
T000449,C-1295,2026-06-09 19:04:54,57481.75,BR001,NEFT_CREDIT,India-Coimbatore
T000450,C-1288,2026-06-09 19:10:24,19058.10,BR009,CARD_PAYMENT,India-Chennai
T000451,C-1090,2026-06-09 19:11:46,103728.44,BR015,SALARY_CREDIT,India-Mumbai
T000452,C-1069,2026-06-09 19:30:44,3213.55,BR015,UPI_DEBIT,India-Coimbatore
T000453,C-1105,2026-06-09 19:54:27,5097.14,BR004,CARD_PAYMENT,India-Bengaluru
T000454,C-1291,2026-06-09 20:09:25,14270.89,BR019,ATM_WITHDRAWAL,India-Pune
T000455,C-1115,2026-06-09 20:28:26,3828.21,BR012,UPI_DEBIT,India-Chennai
T000456,C-1214,2026-06-09 20:43:33,112637.30,BR017,SALARY_CREDIT,India-Hyderabad
T000457,C-1198,2026-06-09 20:47:01,138877.54,BR020,SALARY_CREDIT,India-Kolkata
T000458,C-1115,2026-06-09 21:02:37,3146.71,BR010,UPI_DEBIT,India-Kolkata
T000459,C-1217,2026-06-09 21:20:50,9157.20,BR006,CARD_PAYMENT,India-Hyderabad
T000460,C-1093,2026-06-09 23:06:06,16981.97,BR019,CARD_PAYMENT,India-Pune
T000461,C-1221,2026-06-09 23:52:57,1525.18,BR016,UPI_DEBIT,India-Bengaluru
T000462,C-1197,2026-06-10 00:30:59,1291.54,BR012,CARD_PAYMENT,India-Pune
T000463,C-1192,2026-06-10 02:35:53,28905.66,BR008,SALARY_CREDIT,India-Kolkata
T000464,C-1090,2026-06-10 02:35:58,4812.35,BR013,UPI_DEBIT,India-Mumbai
T000465,C-1110,2026-06-10 03:38:03,81672.60,BR013,SALARY_CREDIT,India-Delhi
T000466,C-1047,2026-06-10 03:46:34,78870.29,BR018,NEFT_CREDIT,India-Hyderabad
T000467,C-1257,2026-06-10 04:14:23,2638.99,BR015,UPI_DEBIT,India-Delhi
T000468,C-1264,2026-06-10 04:52:28,720.29,BR012,UPI_DEBIT,India-Delhi
T000469,C-1180,2026-06-10 04:58:38,22120.63,BR019,NEFT_CREDIT,India-Mumbai
T000470,C-1075,2026-06-10 05:24:53,64002.44,BR006,NEFT_CREDIT,India-Coimbatore
T000471,C-1063,2026-06-10 06:15:57,4381.06,BR015,UPI_DEBIT,India-Delhi
T000472,C-1118,2026-06-10 06:25:38,11475.21,BR019,ATM_WITHDRAWAL,India-Mumbai
T000473,C-1177,2026-06-10 06:42:10,6725.34,BR015,CARD_PAYMENT,India-Pune
T000474,C-1217,2026-06-10 07:00:19,8306.09,BR003,CARD_PAYMENT,India-Delhi
T000475,C-1230,2026-06-10 07:20:30,12426.89,BR007,CARD_PAYMENT,India-Bengaluru
T000476,C-1058,2026-06-10 07:32:36,4308.51,BR011,UPI_DEBIT,India-Bengaluru
T000477,C-1285,2026-06-10 08:59:42,18550.83,BR012,CARD_PAYMENT,India-Kolkata
T000478,C-1051,2026-06-10 09:37:34,18107.71,BR017,CARD_PAYMENT,India-Bengaluru
T000479,C-1133,2026-06-10 11:44:24,47155.28,BR002,NEFT_CREDIT,India-Mumbai
T000480,C-1072,2026-06-10 12:27:04,7392.47,BR011,CARD_PAYMENT,India-Mumbai
T000481,C-1218,2026-06-10 12:35:58,5233.83,BR014,CARD_PAYMENT,India-Hyderabad
T000482,C-1254,2026-06-10 13:06:27,18785.76,BR010,CARD_PAYMENT,India-Hyderabad
T000483,C-1253,2026-06-10 13:42:40,1887.09,BR019,UPI_DEBIT,India-Bengaluru
T000484,C-1063,2026-06-10 13:45:23,67660.62,BR012,NEFT_CREDIT,India-Delhi
T000485,C-1173,2026-06-10 14:35:39,4736.56,BR005,UPI_DEBIT,India-Coimbatore
T000486,C-1046,2026-06-10 14:39:27,2696.38,BR020,UPI_DEBIT,India-Hyderabad
T000487,C-1228,2026-06-10 15:09:29,11109.87,BR004,ATM_WITHDRAWAL,India-Mumbai
T000488,C-1201,2026-06-10 17:53:42,3761.34,BR018,UPI_DEBIT,India-Chennai
T000489,C-1175,2026-06-10 18:14:53,9987.31,BR001,ATM_WITHDRAWAL,India-Chennai
T000490,C-1124,2026-06-10 18:15:13,763.91,BR003,UPI_DEBIT,India-Kolkata
T000491,C-1096,2026-06-10 18:57:26,11110.31,BR006,CARD_PAYMENT,India-Bengaluru
T000492,C-1261,2026-06-10 19:55:29,14067.60,BR011,CARD_PAYMENT,India-Coimbatore
T000493,C-1145,2026-06-10 20:09:38,17450.29,BR016,NEFT_CREDIT,India-Coimbatore
T000494,C-1160,2026-06-10 20:27:56,4607.93,BR004,UPI_DEBIT,India-Bengaluru
T000495,C-1246,2026-06-10 20:50:25,2561.21,BR011,UPI_DEBIT,India-Pune
T000496,C-1061,2026-06-10 20:56:16,1523.79,BR009,UPI_DEBIT,India-Chennai
T000497,C-1082,2026-06-10 20:59:48,52420.31,BR004,NEFT_CREDIT,India-Pune
T000498,C-1165,2026-06-10 22:05:10,3731.60,BR007,UPI_DEBIT,India-Delhi
T000499,C-1059,2026-06-10 22:13:23,58194.23,BR007,NEFT_CREDIT,India-Hyderabad
T000500,C-1189,2026-06-10 22:14:59,4739.80,BR005,UPI_DEBIT,India-Chennai
T000501,C-1172,2026-06-10 22:45:11,43768.37,BR003,SALARY_CREDIT,India-Kolkata
T000502,C-1225,2026-06-10 22:54:19,3491.61,BR020,ATM_WITHDRAWAL,India-Kolkata
T000503,C-1132,2026-06-10 23:20:58,4693.53,BR010,UPI_DEBIT,India-Pune
T000504,C-1161,2026-06-10 23:24:44,2425.07,BR002,ATM_WITHDRAWAL,India-Kolkata
T000505,C-1200,2026-06-10 23:31:25,807.10,BR001,UPI_DEBIT,India-Hyderabad
T000506,C-1171,2026-06-10 23:33:52,69179.46,BR020,NEFT_CREDIT,India-Bengaluru
T000507,C-1091,2026-06-10 23:40:00,1569.81,BR009,UPI_DEBIT,India-Bengaluru
T000508,C-1164,2026-06-11 00:50:17,51194.66,BR015,NEFT_CREDIT,India-Pune
T000509,C-1121,2026-06-11 00:52:57,6608.16,BR016,CARD_PAYMENT,India-Delhi
T000510,C-1062,2026-06-11 01:08:46,213.56,BR015,UPI_DEBIT,India-Bengaluru
T000511,C-1198,2026-06-11 01:15:08,73480.36,BR012,NEFT_CREDIT,India-Coimbatore
T000512,C-1170,2026-06-11 01:34:25,9576.01,BR005,ATM_WITHDRAWAL,India-Delhi
T000513,C-1290,2026-06-11 02:12:50,63815.86,BR011,NEFT_CREDIT,India-Chennai
T000514,C-1147,2026-06-11 02:34:20,2145.36,BR013,CARD_PAYMENT,India-Kolkata
T000515,C-1210,2026-06-11 02:49:18,49111.86,BR009,NEFT_CREDIT,India-Pune
T000516,C-1262,2026-06-11 02:55:19,8470.76,BR011,ATM_WITHDRAWAL,India-Mumbai
T000517,C-1297,2026-06-11 02:57:51,72621.66,BR011,NEFT_CREDIT,India-Pune
T000518,C-1264,2026-06-11 03:07:17,724.69,BR019,UPI_DEBIT,India-Hyderabad
T000519,C-1204,2026-06-11 03:18:41,3818.95,BR009,UPI_DEBIT,India-Chennai
T000520,C-1293,2026-06-11 03:35:25,3330.72,BR015,UPI_DEBIT,India-Delhi
T000521,C-1277,2026-06-11 03:35:31,4563.14,BR020,UPI_DEBIT,India-Hyderabad
T000522,C-1249,2026-06-11 03:44:44,886.19,BR004,UPI_DEBIT,India-Hyderabad
T000523,C-1148,2026-06-11 04:10:33,4194.65,BR017,CARD_PAYMENT,India-Bengaluru
T000524,C-1064,2026-06-11 04:33:27,9196.87,BR015,CARD_PAYMENT,India-Pune
T000525,C-1291,2026-06-11 04:36:22,105287.37,BR013,SALARY_CREDIT,India-Delhi
T000526,C-1074,2026-06-11 05:03:50,27674.29,BR007,NEFT_CREDIT,India-Chennai
T000527,C-1187,2026-06-11 05:26:03,4543.68,BR004,UPI_DEBIT,India-Delhi
T000528,C-1068,2026-06-11 05:27:48,70193.79,BR015,NEFT_CREDIT,India-Chennai
T000529,C-1198,2026-06-11 06:10:33,784.96,BR003,UPI_DEBIT,India-Chennai
T000530,C-1145,2026-06-11 06:24:06,2896.80,BR020,UPI_DEBIT,India-Mumbai
T000531,C-1094,2026-06-11 06:33:42,69406.12,BR004,NEFT_CREDIT,India-Delhi
T000532,C-1120,2026-06-11 06:34:40,63927.13,BR014,NEFT_CREDIT,India-Chennai
T000533,C-1218,2026-06-11 06:35:35,5886.38,BR010,CARD_PAYMENT,India-Pune
T000534,C-1207,2026-06-11 07:33:23,3004.07,BR006,UPI_DEBIT,India-Bengaluru
T000535,C-1251,2026-06-11 08:40:52,4091.80,BR001,ATM_WITHDRAWAL,India-Pune
T000536,C-1146,2026-06-11 11:11:12,1196.22,BR009,UPI_DEBIT,India-Mumbai
T000537,C-1059,2026-06-11 11:25:38,49962.63,BR017,NEFT_CREDIT,India-Kolkata
T000538,C-1178,2026-06-11 12:24:42,4432.12,BR010,UPI_DEBIT,India-Delhi
T000539,C-1061,2026-06-11 13:21:48,3985.28,BR006,UPI_DEBIT,India-Mumbai
T000540,C-1218,2026-06-11 13:55:53,1010.65,BR005,UPI_DEBIT,India-Hyderabad
T000541,C-1063,2026-06-11 15:13:54,4243.81,BR018,UPI_DEBIT,India-Hyderabad
T000542,C-1211,2026-06-11 15:15:21,1470.52,BR014,UPI_DEBIT,India-Chennai
T000543,C-1125,2026-06-11 17:42:34,33783.38,BR011,NEFT_CREDIT,India-Bengaluru
T000544,C-1119,2026-06-11 17:50:04,607.33,BR006,UPI_DEBIT,India-Hyderabad
T000545,C-1083,2026-06-11 18:00:27,36213.65,BR017,NEFT_CREDIT,India-Mumbai
T000546,C-1208,2026-06-11 18:22:19,75867.59,BR009,NEFT_CREDIT,India-Delhi
T000547,C-1167,2026-06-11 19:30:55,15175.10,BR005,CARD_PAYMENT,India-Kolkata
T000548,C-1299,2026-06-11 20:04:43,14141.65,BR015,ATM_WITHDRAWAL,India-Kolkata
T000549,C-1157,2026-06-11 20:05:35,6697.32,BR005,CARD_PAYMENT,India-Chennai
T000550,C-1117,2026-06-11 20:27:33,16151.29,BR003,ATM_WITHDRAWAL,India-Mumbai
T000551,C-1172,2026-06-11 20:30:36,5100.45,BR014,CARD_PAYMENT,India-Kolkata
T000552,C-1046,2026-06-11 21:54:13,3936.36,BR017,UPI_DEBIT,India-Coimbatore
T000553,C-1135,2026-06-11 22:03:05,11613.14,BR020,CARD_PAYMENT,India-Bengaluru
T000554,C-1137,2026-06-11 22:28:04,15016.64,BR011,CARD_PAYMENT,India-Pune
T000555,C-1243,2026-06-11 22:48:40,658.15,BR002,UPI_DEBIT,India-Mumbai
T000556,C-1135,2026-06-11 22:59:03,8871.30,BR010,CARD_PAYMENT,India-Delhi
T000557,C-1185,2026-06-11 23:03:17,18208.51,BR008,CARD_PAYMENT,India-Bengaluru
T000558,C-1146,2026-06-11 23:10:12,10769.36,BR008,ATM_WITHDRAWAL,India-Pune
T000559,C-1045,2026-06-11 23:18:22,298.56,BR014,UPI_DEBIT,India-Hyderabad
T000560,C-1299,2026-06-11 23:44:02,11713.90,BR013,ATM_WITHDRAWAL,India-Chennai
T000561,C-1291,2026-06-12 00:02:18,46875.08,BR002,SALARY_CREDIT,India-Kolkata
T000562,C-1141,2026-06-12 00:06:27,9412.73,BR009,ATM_WITHDRAWAL,India-Kolkata
T000563,C-1272,2026-06-12 00:46:47,1097.31,BR018,UPI_DEBIT,India-Delhi
T000564,C-1170,2026-06-12 01:32:54,58951.95,BR005,NEFT_CREDIT,India-Bengaluru
T000565,C-1155,2026-06-12 01:33:32,19533.46,BR008,ATM_WITHDRAWAL,India-Bengaluru
T000566,C-1219,2026-06-12 01:37:36,2201.79,BR008,UPI_DEBIT,India-Mumbai
T000567,C-1152,2026-06-12 02:01:40,6800.06,BR020,ATM_WITHDRAWAL,India-Coimbatore
T000568,C-1074,2026-06-12 02:13:47,7806.58,BR007,ATM_WITHDRAWAL,India-Mumbai
T000569,C-1006,2026-06-12 02:14:11,7309.85,BR016,CARD_PAYMENT,India-Delhi
T000570,C-1218,2026-06-12 02:27:25,40896.68,BR015,SALARY_CREDIT,India-Pune
T000571,C-1295,2026-06-12 03:27:49,3393.94,BR005,UPI_DEBIT,India-Pune
T000572,C-1041,2026-06-12 03:41:54,8865.51,BR010,ATM_WITHDRAWAL,India-Hyderabad
T000573,C-1204,2026-06-12 03:55:52,4853.10,BR014,UPI_DEBIT,India-Chennai
T000574,C-1220,2026-06-12 04:05:13,249.12,BR011,UPI_DEBIT,India-Pune
T000575,C-1065,2026-06-12 04:15:41,3547.18,BR007,UPI_DEBIT,India-Mumbai
T000576,C-1261,2026-06-12 04:18:17,14885.13,BR006,CARD_PAYMENT,India-Coimbatore
T000577,C-1213,2026-06-12 04:42:48,3818.13,BR019,UPI_DEBIT,India-Chennai
T000578,C-1191,2026-06-12 05:03:10,3914.07,BR006,UPI_DEBIT,India-Chennai
T000579,C-1116,2026-06-12 05:35:21,682.45,BR020,UPI_DEBIT,India-Coimbatore
T000580,C-1226,2026-06-12 07:01:46,50164.42,BR017,SALARY_CREDIT,India-Mumbai
T000581,C-1056,2026-06-12 07:25:27,11415.68,BR002,CARD_PAYMENT,India-Hyderabad
T000582,C-1243,2026-06-12 07:45:11,4922.20,BR004,UPI_DEBIT,India-Hyderabad
T000583,C-1279,2026-06-12 08:35:34,38936.57,BR008,SALARY_CREDIT,India-Delhi
T000584,C-1249,2026-06-12 09:15:27,3361.07,BR005,UPI_DEBIT,India-Chennai
T000585,C-1283,2026-06-12 09:37:16,1575.36,BR005,CARD_PAYMENT,India-Pune
T000586,C-1115,2026-06-12 09:37:17,65231.58,BR001,SALARY_CREDIT,India-Kolkata
T000587,C-1280,2026-06-12 10:13:34,3664.71,BR004,UPI_DEBIT,India-Mumbai
T000588,C-1136,2026-06-12 10:34:55,1282.68,BR007,UPI_DEBIT,India-Hyderabad
T000589,C-1117,2026-06-12 10:43:51,353.06,BR012,UPI_DEBIT,India-Coimbatore
T000590,C-1060,2026-06-12 10:49:22,3327.88,BR010,UPI_DEBIT,India-Kolkata
T000591,C-1056,2026-06-12 11:12:54,108635.24,BR016,SALARY_CREDIT,India-Delhi
T000592,C-1088,2026-06-12 11:21:54,4117.86,BR006,UPI_DEBIT,India-Delhi
T000593,C-1048,2026-06-12 11:30:00,103348.59,BR005,SALARY_CREDIT,India-Bengaluru
T000594,C-1173,2026-06-12 11:38:04,3328.95,BR007,UPI_DEBIT,India-Mumbai
T000595,C-1137,2026-06-12 12:29:50,19703.95,BR006,CARD_PAYMENT,India-Kolkata
T000596,C-1005,2026-06-12 13:35:37,4967.15,BR020,UPI_DEBIT,India-Kolkata
T000597,C-1144,2026-06-12 13:41:59,11388.37,BR005,ATM_WITHDRAWAL,India-Bengaluru
T000598,C-1006,2026-06-12 14:46:09,25440.41,BR017,NEFT_CREDIT,India-Kolkata
T000599,C-1204,2026-06-12 15:08:12,4197.04,BR019,UPI_DEBIT,India-Hyderabad
T000600,C-1296,2026-06-12 15:08:36,3827.18,BR011,UPI_DEBIT,India-Mumbai
T000601,C-1231,2026-06-12 15:27:41,1901.96,BR016,UPI_DEBIT,India-Chennai
T000602,C-1204,2026-06-12 15:46:03,128807.49,BR001,SALARY_CREDIT,India-Mumbai
T000603,C-1052,2026-06-12 16:18:58,4986.64,BR005,UPI_DEBIT,India-Delhi
T000604,C-1166,2026-06-12 17:02:52,6172.38,BR011,CARD_PAYMENT,India-Delhi
T000605,C-1198,2026-06-12 17:13:26,123849.83,BR014,SALARY_CREDIT,India-Kolkata
T000606,C-1178,2026-06-12 17:33:49,2942.74,BR016,UPI_DEBIT,India-Hyderabad
T000607,C-1275,2026-06-12 17:45:08,6541.58,BR017,CARD_PAYMENT,India-Pune
T000608,C-1085,2026-06-12 17:45:11,9789.63,BR018,CARD_PAYMENT,India-Delhi
T000609,C-1210,2026-06-12 18:18:02,8543.58,BR008,CARD_PAYMENT,India-Hyderabad
T000610,C-1208,2026-06-12 18:41:39,97452.73,BR010,SALARY_CREDIT,India-Coimbatore
T000611,C-1218,2026-06-12 18:49:31,55370.00,BR011,NEFT_CREDIT,India-Bengaluru
T000612,C-1189,2026-06-12 18:53:06,15845.84,BR020,ATM_WITHDRAWAL,India-Coimbatore
T000613,C-1180,2026-06-12 19:31:08,3473.75,BR010,UPI_DEBIT,India-Bengaluru
T000614,C-1291,2026-06-12 19:59:43,98565.09,BR020,SALARY_CREDIT,India-Bengaluru
T000615,C-1190,2026-06-12 20:22:49,3930.93,BR019,UPI_DEBIT,India-Hyderabad
T000616,C-1082,2026-06-12 21:10:59,23518.28,BR008,NEFT_CREDIT,India-Pune
T000617,C-1119,2026-06-12 21:30:10,5294.33,BR011,ATM_WITHDRAWAL,India-Mumbai
T000618,C-1117,2026-06-12 23:15:14,19449.43,BR005,CARD_PAYMENT,India-Delhi
T000619,C-1242,2026-06-12 23:35:09,3327.60,BR007,UPI_DEBIT,India-Kolkata
T000620,C-1009,2026-06-12 23:50:58,835.83,BR003,CARD_PAYMENT,India-Bengaluru
T000621,C-1158,2026-06-12 23:52:58,3453.76,BR014,UPI_DEBIT,India-Delhi
T000622,C-1291,2026-06-12 23:53:47,11980.78,BR003,CARD_PAYMENT,India-Coimbatore
T000623,C-1296,2026-06-13 00:02:27,4513.55,BR016,UPI_DEBIT,India-Mumbai
T000624,C-1188,2026-06-13 00:04:22,4363.74,BR002,UPI_DEBIT,India-Coimbatore
T000625,C-1231,2026-06-13 00:05:08,71570.15,BR010,NEFT_CREDIT,India-Kolkata
T000626,C-1290,2026-06-13 01:02:58,2431.29,BR007,CARD_PAYMENT,India-Coimbatore
T000627,C-1229,2026-06-13 01:13:30,125316.47,BR018,SALARY_CREDIT,India-Pune
T000628,C-1206,2026-06-13 01:35:08,2701.62,BR009,UPI_DEBIT,India-Coimbatore
T000629,C-1221,2026-06-13 01:58:09,15601.87,BR017,CARD_PAYMENT,India-Coimbatore
T000630,C-1144,2026-06-13 02:39:26,58864.85,BR012,NEFT_CREDIT,India-Coimbatore
T000631,C-1218,2026-06-13 03:12:17,18176.98,BR010,CARD_PAYMENT,India-Hyderabad
T000632,C-1167,2026-06-13 03:19:57,4597.52,BR002,UPI_DEBIT,India-Mumbai
T000633,C-1261,2026-06-13 03:23:29,61749.04,BR020,NEFT_CREDIT,India-Coimbatore
T000634,C-1155,2026-06-13 03:40:25,15218.13,BR020,CARD_PAYMENT,India-Pune
T000635,C-1115,2026-06-13 05:02:43,11066.68,BR007,ATM_WITHDRAWAL,India-Coimbatore
T000636,C-1068,2026-06-13 05:05:57,730.92,BR016,CARD_PAYMENT,India-Coimbatore
T000637,C-1229,2026-06-13 05:24:30,656.20,BR018,UPI_DEBIT,India-Chennai
T000638,C-1227,2026-06-13 05:28:09,96531.00,BR005,SALARY_CREDIT,India-Kolkata
T000639,C-1086,2026-06-13 06:08:29,8987.75,BR010,ATM_WITHDRAWAL,India-Pune
T000640,C-1172,2026-06-13 06:27:01,10864.25,BR008,CARD_PAYMENT,India-Pune
T000641,C-1042,2026-06-13 06:35:36,42260.98,BR014,NEFT_CREDIT,India-Chennai
T000642,C-1264,2026-06-13 07:20:01,65527.34,BR015,NEFT_CREDIT,India-Chennai
T000643,C-1187,2026-06-13 07:34:21,2475.01,BR015,UPI_DEBIT,India-Mumbai
T000644,C-1149,2026-06-13 07:47:22,2208.17,BR004,UPI_DEBIT,India-Delhi
T000645,C-1280,2026-06-13 07:49:22,389.43,BR012,UPI_DEBIT,India-Bengaluru
T000646,C-1121,2026-06-13 08:13:42,67777.86,BR002,SALARY_CREDIT,India-Kolkata
T000647,C-1077,2026-06-13 09:26:01,77918.68,BR017,NEFT_CREDIT,India-Chennai
T000648,C-1148,2026-06-13 09:34:09,18118.87,BR018,CARD_PAYMENT,India-Hyderabad
T000649,C-1274,2026-06-13 10:47:31,43644.14,BR005,NEFT_CREDIT,India-Delhi
T000650,C-1240,2026-06-13 10:56:42,7750.27,BR016,ATM_WITHDRAWAL,India-Pune
T000651,C-1160,2026-06-13 12:24:11,2453.59,BR008,UPI_DEBIT,India-Pune
T000652,C-1114,2026-06-13 12:33:13,65633.39,BR008,NEFT_CREDIT,India-Coimbatore
T000653,C-1295,2026-06-13 12:51:44,64863.03,BR017,NEFT_CREDIT,India-Mumbai
T000654,C-1076,2026-06-13 13:00:27,2685.71,BR016,UPI_DEBIT,India-Kolkata
T000655,C-1179,2026-06-13 14:08:20,2207.46,BR018,UPI_DEBIT,India-Kolkata
T000656,C-1263,2026-06-13 14:38:21,9050.57,BR014,CARD_PAYMENT,India-Delhi
T000657,C-1131,2026-06-13 14:43:15,11628.59,BR009,CARD_PAYMENT,India-Hyderabad
T000658,C-1293,2026-06-13 14:46:59,15790.46,BR018,NEFT_CREDIT,India-Chennai
T000659,C-1056,2026-06-13 14:49:08,2790.81,BR017,UPI_DEBIT,India-Delhi
T000660,C-1212,2026-06-13 15:03:24,3467.53,BR004,UPI_DEBIT,India-Chennai
T000661,C-1212,2026-06-13 15:40:02,4332.25,BR011,UPI_DEBIT,India-Pune
T000662,C-1117,2026-06-13 16:46:45,18571.90,BR015,CARD_PAYMENT,India-Pune
T000663,C-1221,2026-06-13 17:54:48,6162.36,BR014,CARD_PAYMENT,India-Hyderabad
T000664,C-1068,2026-06-13 18:04:54,19172.34,BR006,NEFT_CREDIT,India-Bengaluru
T000665,C-1109,2026-06-13 18:26:47,5413.37,BR002,CARD_PAYMENT,India-Chennai
T000666,C-1121,2026-06-13 18:34:54,7285.54,BR010,ATM_WITHDRAWAL,India-Bengaluru
T000667,C-1248,2026-06-13 18:35:33,2024.00,BR017,UPI_DEBIT,India-Coimbatore
T000668,C-1258,2026-06-13 18:57:16,1296.25,BR004,UPI_DEBIT,India-Hyderabad
T000669,C-1279,2026-06-13 19:21:26,1025.09,BR012,UPI_DEBIT,India-Mumbai
T000670,C-1165,2026-06-13 19:43:15,951.62,BR004,UPI_DEBIT,India-Pune
T000671,C-1205,2026-06-13 19:54:16,49933.99,BR012,NEFT_CREDIT,India-Bengaluru
T000672,C-1137,2026-06-13 20:25:19,3561.44,BR008,UPI_DEBIT,India-Bengaluru
T000673,C-1240,2026-06-13 20:29:48,4637.61,BR011,CARD_PAYMENT,India-Mumbai
T000674,C-1249,2026-06-13 21:18:38,4182.24,BR010,ATM_WITHDRAWAL,India-Mumbai
T000675,C-1066,2026-06-13 21:55:43,3300.50,BR001,UPI_DEBIT,India-Hyderabad
T000676,C-1271,2026-06-13 22:30:28,79330.76,BR013,NEFT_CREDIT,India-Delhi
T000677,C-1121,2026-06-13 22:47:36,18594.46,BR016,ATM_WITHDRAWAL,India-Kolkata
T000678,C-1262,2026-06-13 23:09:31,4306.06,BR013,UPI_DEBIT,India-Delhi
T000679,C-1236,2026-06-13 23:20:12,2336.00,BR016,UPI_DEBIT,India-Mumbai
T000680,C-1219,2026-06-13 23:33:11,10286.32,BR012,CARD_PAYMENT,India-Delhi
T000681,C-1161,2026-06-13 23:50:43,2601.65,BR016,UPI_DEBIT,India-Coimbatore
T000682,C-1117,2026-06-14 00:18:00,2083.88,BR011,UPI_DEBIT,India-Mumbai
T000683,C-1127,2026-06-14 00:52:38,46273.29,BR008,NEFT_CREDIT,India-Hyderabad
T000684,C-1205,2026-06-14 02:25:12,45164.90,BR002,NEFT_CREDIT,India-Chennai
T000685,C-1163,2026-06-14 02:33:47,15088.09,BR003,CARD_PAYMENT,India-Mumbai
T000686,C-1116,2026-06-14 02:55:02,139445.66,BR004,SALARY_CREDIT,India-Bengaluru
T000687,C-1124,2026-06-14 03:57:49,126776.88,BR011,SALARY_CREDIT,India-Pune
T000688,C-1173,2026-06-14 04:22:51,102052.25,BR001,SALARY_CREDIT,India-Bengaluru
T000689,C-1060,2026-06-14 05:56:34,1919.51,BR004,UPI_DEBIT,India-Coimbatore
T000690,C-1232,2026-06-14 06:08:59,3000.80,BR017,UPI_DEBIT,India-Chennai
T000691,C-1160,2026-06-14 06:52:15,12867.13,BR010,ATM_WITHDRAWAL,India-Hyderabad
T000692,C-1273,2026-06-14 06:55:39,14113.88,BR009,ATM_WITHDRAWAL,India-Pune
T000693,C-1170,2026-06-14 06:57:16,11361.40,BR003,CARD_PAYMENT,India-Delhi
T000694,C-1291,2026-06-14 07:23:47,4710.78,BR011,UPI_DEBIT,India-Mumbai
T000695,C-1065,2026-06-14 07:26:58,5582.30,BR011,CARD_PAYMENT,India-Pune
T000696,C-1223,2026-06-14 07:27:41,3513.75,BR014,UPI_DEBIT,India-Mumbai
T000697,C-1236,2026-06-14 07:43:49,9039.98,BR019,CARD_PAYMENT,India-Coimbatore
T000698,C-1164,2026-06-14 09:43:05,44059.51,BR001,NEFT_CREDIT,India-Coimbatore
T000699,C-1116,2026-06-14 09:56:58,16484.24,BR008,CARD_PAYMENT,India-Pune
T000700,C-1156,2026-06-14 10:12:42,2266.15,BR006,UPI_DEBIT,India-Delhi
T000701,C-1297,2026-06-14 11:34:06,2621.41,BR002,CARD_PAYMENT,India-Chennai
T000702,C-1288,2026-06-14 12:26:42,3904.91,BR014,UPI_DEBIT,India-Chennai
T000703,C-1159,2026-06-14 12:41:27,18765.34,BR004,NEFT_CREDIT,India-Kolkata
T000704,C-1044,2026-06-14 13:01:02,4128.47,BR013,UPI_DEBIT,India-Kolkata
T000705,C-1161,2026-06-14 13:02:44,3140.78,BR003,UPI_DEBIT,India-Hyderabad
T000706,C-1270,2026-06-14 13:51:27,3360.32,BR003,CARD_PAYMENT,India-Pune
T000707,C-1093,2026-06-14 13:53:09,2758.52,BR005,UPI_DEBIT,India-Bengaluru
T000708,C-1050,2026-06-14 14:08:17,14373.28,BR014,ATM_WITHDRAWAL,India-Chennai
T000709,C-1101,2026-06-14 14:20:57,16900.98,BR020,NEFT_CREDIT,India-Delhi
T000710,C-1125,2026-06-14 14:43:37,67864.24,BR010,SALARY_CREDIT,India-Mumbai
T000711,C-1093,2026-06-14 15:31:36,51751.01,BR007,NEFT_CREDIT,India-Delhi
T000712,C-1057,2026-06-14 16:42:29,3743.50,BR013,UPI_DEBIT,India-Chennai
T000713,C-1148,2026-06-14 16:54:57,1656.72,BR017,UPI_DEBIT,India-Mumbai
T000714,C-1102,2026-06-14 17:43:59,19866.96,BR007,CARD_PAYMENT,India-Delhi
T000715,C-1084,2026-06-14 17:54:27,1974.06,BR006,UPI_DEBIT,India-Pune
T000716,C-1125,2026-06-14 18:28:16,37993.65,BR008,SALARY_CREDIT,India-Delhi
T000717,C-1251,2026-06-14 18:29:20,3419.89,BR020,UPI_DEBIT,India-Bengaluru
T000718,C-1068,2026-06-14 18:31:28,26400.84,BR007,NEFT_CREDIT,India-Chennai
T000719,C-1005,2026-06-14 19:16:00,18067.65,BR014,ATM_WITHDRAWAL,India-Kolkata
T000720,C-1234,2026-06-14 19:24:13,12643.81,BR012,CARD_PAYMENT,India-Chennai
T000721,C-1152,2026-06-14 20:00:37,68615.16,BR013,NEFT_CREDIT,India-Coimbatore
T000722,C-1262,2026-06-14 20:31:06,18420.42,BR004,ATM_WITHDRAWAL,India-Kolkata
T000723,C-1268,2026-06-14 21:21:29,2929.70,BR007,CARD_PAYMENT,India-Hyderabad
T000724,C-1187,2026-06-14 21:35:53,35983.03,BR001,NEFT_CREDIT,India-Pune
T000725,C-1069,2026-06-14 21:48:31,20567.79,BR011,NEFT_CREDIT,India-Bengaluru
T000726,C-1061,2026-06-14 21:49:27,19455.42,BR014,CARD_PAYMENT,India-Bengaluru
T000727,C-1186,2026-06-14 22:05:18,134585.42,BR004,SALARY_CREDIT,India-Delhi
T000728,C-1284,2026-06-14 22:30:58,3229.65,BR010,ATM_WITHDRAWAL,India-Mumbai
T000729,C-1042,2026-06-14 22:36:09,4098.40,BR012,UPI_DEBIT,India-Chennai
T000730,C-1229,2026-06-14 23:08:04,2978.45,BR011,UPI_DEBIT,India-Mumbai
T000731,C-1042,2026-06-15 00:06:20,2706.56,BR003,UPI_DEBIT,India-Pune
T000732,C-1262,2026-06-15 00:17:30,36565.72,BR008,SALARY_CREDIT,India-Hyderabad
T000733,C-1207,2026-06-15 00:33:26,963.65,BR008,UPI_DEBIT,India-Delhi
T000734,C-1101,2026-06-15 01:10:07,80900.93,BR015,SALARY_CREDIT,India-Bengaluru
T000735,C-1242,2026-06-15 01:43:54,34117.64,BR014,SALARY_CREDIT,India-Hyderabad
T000736,C-1047,2026-06-15 01:51:52,8704.72,BR007,CARD_PAYMENT,India-Pune
T000737,C-1178,2026-06-15 02:47:27,6570.22,BR004,CARD_PAYMENT,India-Coimbatore
T000738,C-1118,2026-06-15 02:48:08,4525.96,BR006,UPI_DEBIT,India-Bengaluru
T000739,C-1007,2026-06-15 03:37:10,2934.37,BR012,UPI_DEBIT,India-Kolkata
T000740,C-1083,2026-06-15 03:46:31,59801.45,BR016,SALARY_CREDIT,India-Kolkata
T000741,C-1072,2026-06-15 04:12:19,4175.39,BR002,CARD_PAYMENT,India-Pune
T000742,C-1188,2026-06-15 04:16:34,2565.32,BR006,UPI_DEBIT,India-Delhi
T000743,C-1278,2026-06-15 04:35:59,4271.72,BR013,UPI_DEBIT,India-Mumbai
T000744,C-1046,2026-06-15 05:14:32,419.10,BR018,UPI_DEBIT,India-Bengaluru
T000745,C-1205,2026-06-15 05:27:43,7782.92,BR015,CARD_PAYMENT,India-Chennai
T000746,C-1194,2026-06-15 06:04:07,2493.71,BR020,UPI_DEBIT,India-Bengaluru
T000747,C-1071,2026-06-15 06:59:50,858.77,BR015,UPI_DEBIT,India-Coimbatore
T000748,C-1116,2026-06-15 07:07:54,10942.57,BR019,ATM_WITHDRAWAL,India-Kolkata
T000749,C-1143,2026-06-15 07:09:45,5232.90,BR013,CARD_PAYMENT,India-Pune
T000750,C-1184,2026-06-15 08:43:30,15902.45,BR016,NEFT_CREDIT,India-Pune
T000751,C-1117,2026-06-15 09:08:15,29409.80,BR011,SALARY_CREDIT,India-Pune
T000752,C-1106,2026-06-15 10:41:27,4599.44,BR006,UPI_DEBIT,India-Delhi
T000753,C-1189,2026-06-15 11:06:51,3836.25,BR013,UPI_DEBIT,India-Chennai
T000754,C-1299,2026-06-15 11:07:29,97920.99,BR010,SALARY_CREDIT,India-Coimbatore
T000755,C-1006,2026-06-15 11:34:29,124636.93,BR013,SALARY_CREDIT,India-Bengaluru
T000756,C-1088,2026-06-15 11:42:12,1846.41,BR020,UPI_DEBIT,India-Mumbai
T000757,C-1106,2026-06-15 12:11:40,25278.73,BR007,NEFT_CREDIT,India-Hyderabad
T000758,C-1087,2026-06-15 12:39:35,1803.89,BR002,UPI_DEBIT,India-Bengaluru
T000759,C-1088,2026-06-15 12:45:13,1409.79,BR004,UPI_DEBIT,India-Kolkata
T000760,C-1230,2026-06-15 12:55:07,842.70,BR004,UPI_DEBIT,India-Pune
T000761,C-1205,2026-06-15 13:46:25,19748.50,BR016,NEFT_CREDIT,India-Delhi
T000762,C-1206,2026-06-15 14:33:48,15032.88,BR010,CARD_PAYMENT,India-Kolkata
T000763,C-1109,2026-06-15 14:38:41,17809.24,BR004,CARD_PAYMENT,India-Coimbatore
T000764,C-1185,2026-06-15 14:42:50,3482.30,BR012,CARD_PAYMENT,India-Delhi
T000765,C-1196,2026-06-15 15:40:58,145846.10,BR017,SALARY_CREDIT,India-Hyderabad
T000766,C-1122,2026-06-15 15:53:47,12372.76,BR013,CARD_PAYMENT,India-Delhi
T000767,C-1076,2026-06-15 15:55:31,36488.38,BR012,NEFT_CREDIT,India-Delhi
T000768,C-1103,2026-06-15 16:32:21,15945.49,BR019,CARD_PAYMENT,India-Hyderabad
T000769,C-1200,2026-06-15 17:19:58,2176.30,BR009,UPI_DEBIT,India-Kolkata
T000770,C-1082,2026-06-15 19:22:05,15513.05,BR016,ATM_WITHDRAWAL,India-Delhi
T000771,C-1228,2026-06-15 19:36:38,2235.92,BR013,UPI_DEBIT,India-Chennai
T000772,C-1298,2026-06-15 19:43:51,838.51,BR008,UPI_DEBIT,India-Mumbai
T000773,C-1237,2026-06-15 20:26:40,2309.70,BR018,UPI_DEBIT,India-Hyderabad
T000774,C-1058,2026-06-15 21:36:51,134870.82,BR006,SALARY_CREDIT,India-Hyderabad
T000775,C-1270,2026-06-15 21:54:25,26037.51,BR003,SALARY_CREDIT,India-Mumbai
T000776,C-1207,2026-06-15 22:54:09,1830.35,BR019,UPI_DEBIT,India-Kolkata
T000777,C-1143,2026-06-15 23:23:53,7975.02,BR012,CARD_PAYMENT,India-Chennai
T000778,C-1294,2026-06-16 00:02:22,5528.92,BR017,CARD_PAYMENT,India-Chennai
T000779,C-1041,2026-06-16 01:01:19,4412.88,BR004,UPI_DEBIT,India-Kolkata
T000780,C-1081,2026-06-16 02:06:49,616.02,BR018,CARD_PAYMENT,India-Pune
T000781,C-1063,2026-06-16 02:17:49,2582.09,BR002,UPI_DEBIT,India-Chennai
T000782,C-1207,2026-06-16 02:53:49,936.92,BR011,UPI_DEBIT,India-Kolkata
T000783,C-1227,2026-06-16 03:38:58,35406.38,BR018,NEFT_CREDIT,India-Bengaluru
T000784,C-1044,2026-06-16 04:41:38,3187.37,BR002,UPI_DEBIT,India-Coimbatore
T000785,C-1153,2026-06-16 04:56:05,13092.39,BR016,NEFT_CREDIT,India-Mumbai
T000786,C-1070,2026-06-16 05:22:20,15965.08,BR009,ATM_WITHDRAWAL,India-Kolkata
T000787,C-1183,2026-06-16 05:36:13,45668.41,BR014,SALARY_CREDIT,India-Chennai
T000788,C-1127,2026-06-16 06:02:25,22238.14,BR012,NEFT_CREDIT,India-Bengaluru
T000789,C-1277,2026-06-16 06:29:25,1658.31,BR011,UPI_DEBIT,India-Kolkata
T000790,C-1096,2026-06-16 06:40:21,6264.84,BR017,ATM_WITHDRAWAL,India-Chennai
T000791,C-1008,2026-06-16 07:01:02,39620.05,BR012,NEFT_CREDIT,India-Pune
T000792,C-1151,2026-06-16 07:06:55,141403.54,BR017,SALARY_CREDIT,India-Mumbai
T000793,C-1121,2026-06-16 08:12:05,1080.47,BR003,UPI_DEBIT,India-Pune
T000794,C-1051,2026-06-16 08:14:30,1465.85,BR014,UPI_DEBIT,India-Bengaluru
T000795,C-1044,2026-06-16 08:29:19,2059.24,BR018,UPI_DEBIT,India-Bengaluru
T000796,C-1068,2026-06-16 08:34:55,3003.28,BR019,ATM_WITHDRAWAL,India-Coimbatore
T000797,C-1155,2026-06-16 08:40:06,5526.01,BR003,CARD_PAYMENT,India-Kolkata
T000798,C-1046,2026-06-16 09:08:11,4378.98,BR008,UPI_DEBIT,India-Hyderabad
T000799,C-1177,2026-06-16 09:16:20,1540.35,BR006,UPI_DEBIT,India-Hyderabad
T000800,C-1273,2026-06-16 09:31:06,100065.47,BR003,SALARY_CREDIT,India-Mumbai
T000801,C-1141,2026-06-16 09:48:33,4046.48,BR001,UPI_DEBIT,India-Chennai
T000802,C-1168,2026-06-16 10:19:57,19472.63,BR014,CARD_PAYMENT,India-Mumbai
T000803,C-1300,2026-06-16 10:51:53,2688.16,BR013,UPI_DEBIT,India-Kolkata
T000804,C-1105,2026-06-16 10:53:58,3770.58,BR010,ATM_WITHDRAWAL,India-Coimbatore
T000805,C-1219,2026-06-16 11:09:48,408.86,BR002,UPI_DEBIT,India-Bengaluru
T000806,C-1096,2026-06-16 11:43:00,19479.42,BR012,ATM_WITHDRAWAL,India-Bengaluru
T000807,C-1130,2026-06-16 11:50:57,117640.88,BR012,SALARY_CREDIT,India-Coimbatore
T000808,C-1267,2026-06-16 12:24:42,4669.73,BR007,UPI_DEBIT,India-Delhi
T000809,C-1204,2026-06-16 13:02:13,3120.23,BR005,UPI_DEBIT,India-Kolkata
T000810,C-1193,2026-06-16 13:06:19,2140.01,BR010,UPI_DEBIT,India-Chennai
T000811,C-1048,2026-06-16 13:08:03,8916.34,BR019,ATM_WITHDRAWAL,India-Mumbai
T000812,C-1114,2026-06-16 13:11:55,24369.71,BR015,NEFT_CREDIT,India-Mumbai
T000813,C-1109,2026-06-16 13:34:15,15824.70,BR009,ATM_WITHDRAWAL,India-Pune
T000814,C-1290,2026-06-16 14:41:34,13958.04,BR004,ATM_WITHDRAWAL,India-Delhi
T000815,C-1204,2026-06-16 15:10:00,11492.88,BR012,ATM_WITHDRAWAL,India-Hyderabad
T000816,C-1211,2026-06-16 15:54:35,4450.09,BR014,UPI_DEBIT,India-Delhi
T000817,C-1201,2026-06-16 16:04:06,7384.59,BR016,CARD_PAYMENT,India-Mumbai
T000818,C-1062,2026-06-16 16:07:00,1923.00,BR015,UPI_DEBIT,India-Chennai
T000819,C-1153,2026-06-16 16:47:38,71843.98,BR016,NEFT_CREDIT,India-Coimbatore
T000820,C-1268,2026-06-16 17:05:33,14147.89,BR020,CARD_PAYMENT,India-Chennai
T000821,C-1214,2026-06-16 17:08:26,3724.60,BR008,UPI_DEBIT,India-Bengaluru
T000822,C-1006,2026-06-16 17:56:05,2551.56,BR007,ATM_WITHDRAWAL,India-Bengaluru
T000823,C-1226,2026-06-16 18:11:48,1948.56,BR001,CARD_PAYMENT,India-Mumbai
T000824,C-1255,2026-06-16 18:43:31,1305.81,BR010,UPI_DEBIT,India-Mumbai
T000825,C-1200,2026-06-16 18:58:40,5444.48,BR012,ATM_WITHDRAWAL,India-Pune
T000826,C-1102,2026-06-16 19:22:49,14506.85,BR002,CARD_PAYMENT,India-Coimbatore
T000827,C-1227,2026-06-16 19:46:22,2682.61,BR009,UPI_DEBIT,India-Hyderabad
T000828,C-1125,2026-06-16 19:51:45,2670.78,BR006,UPI_DEBIT,India-Hyderabad
T000829,C-1133,2026-06-16 20:00:36,2002.62,BR019,UPI_DEBIT,India-Pune
T000830,C-1243,2026-06-16 20:14:19,10022.32,BR004,CARD_PAYMENT,India-Bengaluru
T000831,C-1225,2026-06-16 22:35:26,1346.16,BR002,UPI_DEBIT,India-Mumbai
T000832,C-1227,2026-06-16 23:06:27,10157.38,BR014,CARD_PAYMENT,India-Chennai
T000833,C-1137,2026-06-16 23:11:53,1769.77,BR018,UPI_DEBIT,India-Pune
T000834,C-1177,2026-06-16 23:39:46,968.50,BR009,UPI_DEBIT,India-Kolkata
T000835,C-1108,2026-06-17 01:53:32,2703.81,BR016,CARD_PAYMENT,India-Coimbatore
T000836,C-1052,2026-06-17 01:56:14,4430.44,BR001,UPI_DEBIT,India-Pune
T000837,C-1063,2026-06-17 02:05:47,104564.13,BR004,SALARY_CREDIT,India-Pune
T000838,C-1060,2026-06-17 02:08:51,4845.79,BR007,CARD_PAYMENT,India-Bengaluru
T000839,C-1123,2026-06-17 02:28:16,18362.07,BR004,CARD_PAYMENT,India-Delhi
T000840,C-1151,2026-06-17 03:36:35,265.71,BR007,UPI_DEBIT,India-Coimbatore
T000841,C-1276,2026-06-17 04:02:34,2525.05,BR009,UPI_DEBIT,India-Mumbai
T000842,C-1132,2026-06-17 05:21:41,25236.14,BR013,NEFT_CREDIT,India-Bengaluru
T000843,C-1179,2026-06-17 05:33:30,4274.14,BR016,UPI_DEBIT,India-Pune
T000844,C-1135,2026-06-17 07:57:49,767.37,BR017,UPI_DEBIT,India-Hyderabad
T000845,C-1107,2026-06-17 08:14:13,30313.25,BR017,NEFT_CREDIT,India-Bengaluru
T000846,C-1271,2026-06-17 09:01:14,8433.46,BR005,ATM_WITHDRAWAL,India-Coimbatore
T000847,C-1288,2026-06-17 09:10:07,362.66,BR020,UPI_DEBIT,India-Mumbai
T000848,C-1136,2026-06-17 09:10:53,3023.58,BR012,UPI_DEBIT,India-Pune
T000849,C-1133,2026-06-17 09:46:07,3274.89,BR019,CARD_PAYMENT,India-Chennai
T000850,C-1064,2026-06-17 09:54:50,69453.43,BR008,NEFT_CREDIT,India-Bengaluru
T000851,C-1203,2026-06-17 10:32:12,40353.11,BR005,NEFT_CREDIT,India-Pune
T000852,C-1173,2026-06-17 11:22:15,105643.63,BR016,SALARY_CREDIT,India-Bengaluru
T000853,C-1140,2026-06-17 12:11:41,2767.81,BR012,UPI_DEBIT,India-Coimbatore
T000854,C-1083,2026-06-17 12:28:51,627.11,BR004,UPI_DEBIT,India-Mumbai
T000855,C-1009,2026-06-17 12:35:58,227.05,BR018,UPI_DEBIT,India-Bengaluru
T000856,C-1101,2026-06-17 13:03:05,62820.76,BR019,NEFT_CREDIT,India-Bengaluru
T000857,C-1271,2026-06-17 13:19:39,4708.67,BR012,UPI_DEBIT,India-Chennai
T000858,C-1048,2026-06-17 14:04:46,19566.17,BR008,ATM_WITHDRAWAL,India-Mumbai
T000859,C-1227,2026-06-17 14:07:02,51280.38,BR007,NEFT_CREDIT,India-Pune
T000860,C-1006,2026-06-17 14:39:50,4275.02,BR016,UPI_DEBIT,India-Delhi
T000861,C-1057,2026-06-17 14:42:25,14248.77,BR010,CARD_PAYMENT,India-Mumbai
T000862,C-1121,2026-06-17 14:49:07,11677.43,BR012,CARD_PAYMENT,India-Mumbai
T000863,C-1052,2026-06-17 15:00:02,129901.25,BR005,SALARY_CREDIT,India-Mumbai
T000864,C-1060,2026-06-17 15:11:28,1257.88,BR010,UPI_DEBIT,India-Coimbatore
T000865,C-1129,2026-06-17 15:26:55,2576.17,BR003,CARD_PAYMENT,India-Delhi
T000866,C-1295,2026-06-17 15:32:09,990.94,BR011,UPI_DEBIT,India-Mumbai
T000867,C-1150,2026-06-17 15:40:25,3880.85,BR005,UPI_DEBIT,India-Delhi
T000868,C-1005,2026-06-17 16:01:19,749.14,BR004,UPI_DEBIT,India-Pune
T000869,C-1268,2026-06-17 16:28:17,13784.09,BR015,ATM_WITHDRAWAL,India-Chennai
T000870,C-1213,2026-06-17 16:33:03,3189.09,BR013,UPI_DEBIT,India-Mumbai
T000871,C-1177,2026-06-17 16:34:29,1391.32,BR008,UPI_DEBIT,India-Delhi
T000872,C-1172,2026-06-17 16:36:39,3866.72,BR008,UPI_DEBIT,India-Pune
T000873,C-1156,2026-06-17 16:37:45,1854.27,BR002,UPI_DEBIT,India-Coimbatore
T000874,C-1113,2026-06-17 16:55:27,68507.65,BR014,NEFT_CREDIT,India-Hyderabad
T000875,C-1279,2026-06-17 18:03:54,3230.03,BR015,UPI_DEBIT,India-Chennai
T000876,C-1254,2026-06-17 18:16:41,60430.14,BR012,NEFT_CREDIT,India-Hyderabad
T000877,C-1180,2026-06-17 18:21:02,4052.48,BR005,UPI_DEBIT,India-Bengaluru
T000878,C-1291,2026-06-17 18:29:29,7980.57,BR015,CARD_PAYMENT,India-Hyderabad
T000879,C-1046,2026-06-17 18:30:23,2693.89,BR017,ATM_WITHDRAWAL,India-Chennai
T000880,C-1125,2026-06-17 18:39:09,4896.97,BR008,UPI_DEBIT,India-Pune
T000881,C-1227,2026-06-17 18:39:39,4098.85,BR010,UPI_DEBIT,India-Bengaluru
T000882,C-1160,2026-06-17 19:19:08,604.54,BR008,UPI_DEBIT,India-Coimbatore
T000883,C-1288,2026-06-17 19:31:01,10274.95,BR019,NEFT_CREDIT,India-Kolkata
T000884,C-1287,2026-06-17 19:32:11,47700.42,BR001,NEFT_CREDIT,India-Chennai
T000885,C-1205,2026-06-17 19:51:58,3328.47,BR002,UPI_DEBIT,India-Coimbatore
T000886,C-1052,2026-06-17 19:57:50,15052.73,BR001,CARD_PAYMENT,India-Chennai
T000887,C-1073,2026-06-17 20:09:20,14157.44,BR018,ATM_WITHDRAWAL,India-Chennai
T000888,C-1179,2026-06-17 22:17:31,90837.33,BR003,SALARY_CREDIT,India-Mumbai
T000889,C-1297,2026-06-17 22:33:40,4183.32,BR010,UPI_DEBIT,India-Hyderabad
T000890,C-1086,2026-06-17 22:48:19,60585.41,BR001,NEFT_CREDIT,India-Pune
T000891,C-1151,2026-06-17 22:58:11,5726.83,BR010,CARD_PAYMENT,India-Hyderabad
T000892,C-1281,2026-06-17 23:43:16,17282.15,BR014,CARD_PAYMENT,India-Coimbatore
T000893,C-1260,2026-06-18 01:25:37,3563.69,BR004,UPI_DEBIT,India-Chennai
T000894,C-1212,2026-06-18 02:28:03,56376.37,BR003,NEFT_CREDIT,India-Chennai
T000895,C-1095,2026-06-18 02:33:27,7529.78,BR011,ATM_WITHDRAWAL,India-Kolkata
T000896,C-1217,2026-06-18 03:02:09,15379.98,BR007,CARD_PAYMENT,India-Kolkata
T000897,C-1125,2026-06-18 03:21:06,1585.54,BR005,UPI_DEBIT,India-Kolkata
T000898,C-1138,2026-06-18 03:29:34,5605.81,BR003,CARD_PAYMENT,India-Hyderabad
T000899,C-1256,2026-06-18 03:30:42,4706.13,BR014,UPI_DEBIT,India-Delhi
T000900,C-1116,2026-06-18 03:53:29,4766.81,BR016,UPI_DEBIT,India-Delhi
T000901,C-1242,2026-06-18 04:20:43,10774.24,BR019,CARD_PAYMENT,India-Bengaluru
T000902,C-1060,2026-06-18 04:33:57,326.76,BR007,UPI_DEBIT,India-Bengaluru
T000903,C-1150,2026-06-18 05:05:38,46829.54,BR001,NEFT_CREDIT,India-Delhi
T000904,C-1062,2026-06-18 06:24:04,4550.91,BR011,UPI_DEBIT,India-Bengaluru
T000905,C-1110,2026-06-18 06:33:29,52812.26,BR009,NEFT_CREDIT,India-Pune
T000906,C-1142,2026-06-18 07:35:31,728.66,BR003,UPI_DEBIT,India-Mumbai
T000907,C-1090,2026-06-18 09:12:16,3228.73,BR017,CARD_PAYMENT,India-Hyderabad
T000908,C-1155,2026-06-18 09:56:36,2267.83,BR014,UPI_DEBIT,India-Kolkata
T000909,C-1290,2026-06-18 10:10:41,11639.70,BR018,NEFT_CREDIT,India-Mumbai
T000910,C-1277,2026-06-18 10:22:03,471.16,BR012,UPI_DEBIT,India-Pune
T000911,C-1158,2026-06-18 10:45:11,5727.71,BR007,ATM_WITHDRAWAL,India-Mumbai
T000912,C-1125,2026-06-18 11:23:29,2293.04,BR007,UPI_DEBIT,India-Delhi
T000913,C-1063,2026-06-18 11:55:00,1367.14,BR019,UPI_DEBIT,India-Coimbatore
T000914,C-1208,2026-06-18 12:13:48,16819.65,BR016,CARD_PAYMENT,India-Coimbatore
T000915,C-1069,2026-06-18 12:29:10,912.96,BR020,UPI_DEBIT,India-Pune
T000916,C-1109,2026-06-18 12:29:24,42102.19,BR014,NEFT_CREDIT,India-Bengaluru
T000917,C-1129,2026-06-18 12:29:27,4070.72,BR007,UPI_DEBIT,India-Hyderabad
T000918,C-1139,2026-06-18 12:35:36,18704.28,BR005,CARD_PAYMENT,India-Pune
T000919,C-1265,2026-06-18 12:58:36,99200.26,BR001,SALARY_CREDIT,India-Delhi
T000920,C-1162,2026-06-18 13:00:59,3688.62,BR014,UPI_DEBIT,India-Chennai
T000921,C-1237,2026-06-18 13:47:18,18315.10,BR001,CARD_PAYMENT,India-Pune
T000922,C-1241,2026-06-18 13:48:09,1026.04,BR005,UPI_DEBIT,India-Coimbatore
T000923,C-1168,2026-06-18 14:22:30,6801.36,BR014,CARD_PAYMENT,India-Delhi
T000924,C-1269,2026-06-18 14:24:54,5434.64,BR018,CARD_PAYMENT,India-Hyderabad
T000925,C-1240,2026-06-18 14:38:40,4628.61,BR004,UPI_DEBIT,India-Hyderabad
T000926,C-1189,2026-06-18 14:39:27,4791.72,BR010,UPI_DEBIT,India-Kolkata
T000927,C-1004,2026-06-18 14:58:38,365.68,BR013,UPI_DEBIT,India-Mumbai
T000928,C-1258,2026-06-18 15:00:45,29119.43,BR012,SALARY_CREDIT,India-Delhi
T000929,C-1267,2026-06-18 16:04:08,4785.46,BR015,UPI_DEBIT,India-Coimbatore
T000930,C-1230,2026-06-18 17:08:52,1428.11,BR011,UPI_DEBIT,India-Delhi
T000931,C-1226,2026-06-18 17:21:17,11833.63,BR017,CARD_PAYMENT,India-Hyderabad
T000932,C-1050,2026-06-18 17:24:39,2057.61,BR004,UPI_DEBIT,India-Bengaluru
T000933,C-1242,2026-06-18 17:24:47,17442.92,BR020,CARD_PAYMENT,India-Kolkata
T000934,C-1207,2026-06-18 17:28:53,442.53,BR002,UPI_DEBIT,India-Coimbatore
T000935,C-1143,2026-06-18 17:38:04,117321.04,BR001,SALARY_CREDIT,India-Chennai
T000936,C-1116,2026-06-18 17:54:08,2818.32,BR007,CARD_PAYMENT,India-Pune
T000937,C-1078,2026-06-18 18:18:30,2920.83,BR002,UPI_DEBIT,India-Kolkata
T000938,C-1121,2026-06-18 19:00:36,2590.54,BR004,UPI_DEBIT,India-Kolkata
T000939,C-1217,2026-06-18 20:32:35,704.34,BR012,UPI_DEBIT,India-Mumbai
T000940,C-1268,2026-06-18 20:34:23,4215.40,BR003,UPI_DEBIT,India-Bengaluru
T000941,C-1058,2026-06-18 20:35:37,107783.94,BR004,SALARY_CREDIT,India-Chennai
T000942,C-1042,2026-06-18 20:37:56,4376.46,BR006,UPI_DEBIT,India-Bengaluru
T000943,C-1260,2026-06-18 20:41:36,12185.55,BR010,CARD_PAYMENT,India-Bengaluru
T000944,C-1269,2026-06-18 21:08:39,1266.17,BR007,UPI_DEBIT,India-Delhi
T000945,C-1298,2026-06-18 22:40:08,134914.79,BR004,SALARY_CREDIT,India-Bengaluru
T000946,C-1279,2026-06-18 23:08:48,10691.36,BR002,ATM_WITHDRAWAL,India-Hyderabad
T000947,C-1292,2026-06-18 23:15:52,2934.95,BR009,UPI_DEBIT,India-Hyderabad
T000948,C-1102,2026-06-18 23:30:12,17112.25,BR001,CARD_PAYMENT,India-Bengaluru
T000949,C-1163,2026-06-19 02:06:16,19708.62,BR008,CARD_PAYMENT,India-Bengaluru
T000950,C-1238,2026-06-19 02:08:49,2660.85,BR003,UPI_DEBIT,India-Coimbatore
T000951,C-1105,2026-06-19 02:32:23,4699.57,BR011,UPI_DEBIT,India-Hyderabad
T000952,C-1143,2026-06-19 02:58:42,99931.31,BR018,SALARY_CREDIT,India-Kolkata
T000953,C-1128,2026-06-19 04:04:22,2466.40,BR005,UPI_DEBIT,India-Delhi
T000954,C-1122,2026-06-19 04:21:36,13227.60,BR013,CARD_PAYMENT,India-Kolkata
T000955,C-1115,2026-06-19 04:31:16,36675.43,BR008,NEFT_CREDIT,India-Chennai
T000956,C-1059,2026-06-19 04:32:06,3967.64,BR008,UPI_DEBIT,India-Delhi
T000957,C-1245,2026-06-19 05:05:31,8020.49,BR019,CARD_PAYMENT,India-Mumbai
T000958,C-1233,2026-06-19 05:14:31,9223.57,BR004,NEFT_CREDIT,India-Bengaluru
T000959,C-1232,2026-06-19 05:30:33,3337.20,BR014,ATM_WITHDRAWAL,India-Kolkata
T000960,C-1191,2026-06-19 06:07:42,17701.77,BR001,CARD_PAYMENT,India-Kolkata
T000961,C-1198,2026-06-19 06:11:51,3373.47,BR008,UPI_DEBIT,India-Delhi
T000962,C-1040,2026-06-19 06:13:48,15897.59,BR012,CARD_PAYMENT,India-Delhi
T000963,C-1107,2026-06-19 06:45:22,3718.89,BR002,UPI_DEBIT,India-Hyderabad
T000964,C-1139,2026-06-19 07:02:15,56439.18,BR012,NEFT_CREDIT,India-Hyderabad
T000965,C-1135,2026-06-19 07:18:31,71324.42,BR006,SALARY_CREDIT,India-Hyderabad
T000966,C-1199,2026-06-19 09:18:27,12166.95,BR019,CARD_PAYMENT,India-Pune
T000967,C-1182,2026-06-19 09:29:30,4359.71,BR012,UPI_DEBIT,India-Hyderabad
T000968,C-1207,2026-06-19 10:09:04,4604.19,BR019,UPI_DEBIT,India-Mumbai
T000969,C-1231,2026-06-19 11:29:13,38459.19,BR004,NEFT_CREDIT,India-Pune
T000970,C-1174,2026-06-19 13:32:49,16979.40,BR012,NEFT_CREDIT,India-Kolkata
T000971,C-1131,2026-06-19 14:13:17,79748.87,BR004,SALARY_CREDIT,India-Mumbai
T000972,C-1148,2026-06-19 15:16:26,2947.16,BR008,UPI_DEBIT,India-Bengaluru
T000973,C-1198,2026-06-19 15:51:20,40111.95,BR005,NEFT_CREDIT,India-Bengaluru
T000974,C-1062,2026-06-19 16:15:16,4841.27,BR013,UPI_DEBIT,India-Mumbai
T000975,C-1170,2026-06-19 17:12:54,12399.66,BR002,CARD_PAYMENT,India-Delhi
T000976,C-1044,2026-06-19 17:22:25,1521.81,BR020,UPI_DEBIT,India-Hyderabad
T000977,C-1053,2026-06-19 18:28:29,2002.66,BR013,CARD_PAYMENT,India-Delhi
T000978,C-1120,2026-06-19 19:12:39,2289.19,BR007,UPI_DEBIT,India-Bengaluru
T000979,C-1206,2026-06-19 19:17:00,11664.15,BR013,CARD_PAYMENT,India-Bengaluru
T000980,C-1224,2026-06-19 19:18:31,58945.63,BR003,NEFT_CREDIT,India-Coimbatore
T000981,C-1285,2026-06-19 19:38:50,61808.18,BR013,NEFT_CREDIT,India-Kolkata
T000982,C-1108,2026-06-19 20:19:04,11425.33,BR017,CARD_PAYMENT,India-Kolkata
T000983,C-1178,2026-06-19 21:16:31,3511.28,BR020,UPI_DEBIT,India-Hyderabad
T000984,C-1087,2026-06-19 21:22:38,3761.49,BR006,UPI_DEBIT,India-Pune
T000985,C-1134,2026-06-19 21:45:51,18253.54,BR007,CARD_PAYMENT,India-Chennai
T000986,C-1134,2026-06-19 22:47:15,40017.11,BR003,NEFT_CREDIT,India-Bengaluru
T000987,C-1192,2026-06-19 23:52:06,12449.71,BR008,ATM_WITHDRAWAL,India-Bengaluru
T000988,C-1295,2026-06-20 00:03:58,4563.35,BR010,UPI_DEBIT,India-Coimbatore
T000989,C-1049,2026-06-20 00:13:04,620.57,BR019,UPI_DEBIT,India-Bengaluru
T000990,C-1117,2026-06-20 01:04:20,3248.01,BR017,UPI_DEBIT,India-Kolkata
T000991,C-1089,2026-06-20 01:25:15,47142.71,BR004,NEFT_CREDIT,India-Bengaluru
T000992,C-1083,2026-06-20 01:31:29,3526.33,BR011,UPI_DEBIT,India-Kolkata
T000993,C-1137,2026-06-20 01:33:01,15311.67,BR012,CARD_PAYMENT,India-Hyderabad
T000994,C-1098,2026-06-20 01:37:32,17898.34,BR002,ATM_WITHDRAWAL,India-Chennai
T000995,C-1286,2026-06-20 01:50:30,3580.04,BR015,UPI_DEBIT,India-Delhi
T000996,C-1052,2026-06-20 02:07:27,14015.06,BR016,ATM_WITHDRAWAL,India-Coimbatore
T000997,C-1060,2026-06-20 02:09:27,11035.62,BR017,ATM_WITHDRAWAL,India-Bengaluru
T000998,C-1099,2026-06-20 03:35:41,1373.71,BR002,UPI_DEBIT,India-Hyderabad
T000999,C-1197,2026-06-20 04:29:28,9800.57,BR016,CARD_PAYMENT,India-Mumbai
T001000,C-1067,2026-06-20 04:47:11,73104.43,BR003,NEFT_CREDIT,India-Mumbai
T001001,C-1285,2026-06-20 05:16:18,7295.28,BR011,NEFT_CREDIT,India-Hyderabad
T001002,C-1075,2026-06-20 05:27:57,4063.15,BR016,UPI_DEBIT,India-Hyderabad
T001003,C-1164,2026-06-20 05:35:24,7665.28,BR009,CARD_PAYMENT,India-Delhi
T001004,C-1191,2026-06-20 05:36:13,74031.69,BR008,SALARY_CREDIT,India-Chennai
T001005,C-1008,2026-06-20 05:46:48,43280.57,BR013,NEFT_CREDIT,India-Chennai
T001006,C-1226,2026-06-20 06:36:34,4376.65,BR002,UPI_DEBIT,India-Coimbatore
T001007,C-1109,2026-06-20 07:17:57,3015.86,BR006,UPI_DEBIT,India-Coimbatore
T001008,C-1052,2026-06-20 07:35:46,10872.55,BR019,CARD_PAYMENT,India-Pune
T001009,C-1132,2026-06-20 07:40:17,18906.28,BR019,ATM_WITHDRAWAL,India-Delhi
T001010,C-1176,2026-06-20 07:58:02,893.65,BR016,CARD_PAYMENT,India-Mumbai
T001011,C-1177,2026-06-20 08:26:29,1620.66,BR013,CARD_PAYMENT,India-Chennai
T001012,C-1061,2026-06-20 08:28:23,4482.83,BR004,CARD_PAYMENT,India-Kolkata
T001013,C-1096,2026-06-20 08:31:55,83190.77,BR016,SALARY_CREDIT,India-Coimbatore
T001014,C-1092,2026-06-20 08:39:29,5960.78,BR002,CARD_PAYMENT,India-Pune
T001015,C-1194,2026-06-20 08:47:28,3099.02,BR004,CARD_PAYMENT,India-Pune
T001016,C-1153,2026-06-20 08:56:25,56191.71,BR016,NEFT_CREDIT,India-Delhi
T001017,C-1233,2026-06-20 09:00:16,14439.46,BR003,CARD_PAYMENT,India-Pune
T001018,C-1069,2026-06-20 09:03:53,3136.29,BR007,UPI_DEBIT,India-Mumbai
T001019,C-1258,2026-06-20 09:18:55,56405.25,BR010,NEFT_CREDIT,India-Bengaluru
T001020,C-1043,2026-06-20 10:16:57,4471.91,BR005,UPI_DEBIT,India-Coimbatore
T001021,C-1203,2026-06-20 10:50:38,2288.72,BR016,UPI_DEBIT,India-Hyderabad
T001022,C-1113,2026-06-20 10:54:43,2013.35,BR007,UPI_DEBIT,India-Mumbai
T001023,C-1235,2026-06-20 11:30:21,17122.65,BR007,ATM_WITHDRAWAL,India-Pune
T001024,C-1259,2026-06-20 12:24:54,18530.16,BR019,CARD_PAYMENT,India-Coimbatore
T001025,C-1257,2026-06-20 13:11:38,2392.54,BR005,ATM_WITHDRAWAL,India-Kolkata
T001026,C-1224,2026-06-20 13:17:42,9298.92,BR020,ATM_WITHDRAWAL,India-Kolkata
T001027,C-1259,2026-06-20 13:30:36,3947.07,BR014,UPI_DEBIT,India-Bengaluru
T001028,C-1116,2026-06-20 13:52:00,5557.71,BR008,CARD_PAYMENT,India-Mumbai
T001029,C-1127,2026-06-20 13:53:49,8417.54,BR009,CARD_PAYMENT,India-Delhi
T001030,C-1113,2026-06-20 14:02:13,10263.79,BR015,CARD_PAYMENT,India-Kolkata
T001031,C-1299,2026-06-20 14:03:27,3236.39,BR016,UPI_DEBIT,India-Pune
T001032,C-1116,2026-06-20 14:13:58,57171.29,BR016,NEFT_CREDIT,India-Coimbatore
T001033,C-1090,2026-06-20 14:43:24,113835.00,BR017,SALARY_CREDIT,India-Delhi
T001034,C-1162,2026-06-20 14:50:12,4235.87,BR004,UPI_DEBIT,India-Hyderabad
T001035,C-1271,2026-06-20 14:53:25,884.50,BR009,UPI_DEBIT,India-Delhi
T001036,C-1052,2026-06-20 15:05:52,32716.92,BR012,NEFT_CREDIT,India-Bengaluru
T001037,C-1215,2026-06-20 15:07:23,15408.43,BR018,CARD_PAYMENT,India-Kolkata
T001038,C-1252,2026-06-20 15:31:53,11822.22,BR013,CARD_PAYMENT,India-Coimbatore
T001039,C-1237,2026-06-20 15:59:22,8200.63,BR002,ATM_WITHDRAWAL,India-Delhi
T001040,C-1216,2026-06-20 16:12:55,23152.42,BR001,NEFT_CREDIT,India-Pune
T001041,C-1158,2026-06-20 16:19:51,4592.78,BR019,UPI_DEBIT,India-Chennai
T001042,C-1008,2026-06-20 16:29:06,22748.16,BR013,NEFT_CREDIT,India-Coimbatore
T001043,C-1102,2026-06-20 16:29:26,10968.49,BR014,CARD_PAYMENT,India-Coimbatore
T001044,C-1106,2026-06-20 16:45:19,4983.29,BR019,UPI_DEBIT,India-Coimbatore
T001045,C-1130,2026-06-20 17:34:09,3565.71,BR010,UPI_DEBIT,India-Hyderabad
T001046,C-1249,2026-06-20 17:49:23,15438.96,BR012,CARD_PAYMENT,India-Chennai
T001047,C-1296,2026-06-20 18:24:50,15518.70,BR010,CARD_PAYMENT,India-Hyderabad
T001048,C-1130,2026-06-20 18:41:57,3708.48,BR018,UPI_DEBIT,India-Pune
T001049,C-1295,2026-06-20 18:53:28,2303.79,BR004,CARD_PAYMENT,India-Delhi
T001050,C-1214,2026-06-20 19:27:36,4399.21,BR008,UPI_DEBIT,India-Chennai
T001051,C-1046,2026-06-20 19:47:53,110440.14,BR003,SALARY_CREDIT,India-Bengaluru
T001052,C-1083,2026-06-20 21:59:19,4851.68,BR005,UPI_DEBIT,India-Chennai
T001053,C-1049,2026-06-20 22:18:48,16748.08,BR010,CARD_PAYMENT,India-Delhi
T001054,C-1137,2026-06-20 23:27:26,1591.81,BR004,UPI_DEBIT,India-Coimbatore
T001055,C-1140,2026-06-20 23:49:26,47100.15,BR007,NEFT_CREDIT,India-Delhi
T001056,C-1151,2026-06-21 00:06:55,3546.78,BR020,UPI_DEBIT,India-Coimbatore
T001057,C-1077,2026-06-21 00:56:02,4464.90,BR018,UPI_DEBIT,India-Mumbai
T001058,C-1167,2026-06-21 01:09:46,2970.17,BR016,UPI_DEBIT,India-Delhi
T001059,C-1224,2026-06-21 01:10:36,932.17,BR011,UPI_DEBIT,India-Kolkata
T001060,C-1281,2026-06-21 02:11:01,5019.02,BR013,ATM_WITHDRAWAL,India-Hyderabad
T001061,C-1058,2026-06-21 02:39:54,11683.16,BR013,CARD_PAYMENT,India-Pune
T001062,C-1185,2026-06-21 02:48:45,3865.22,BR007,UPI_DEBIT,India-Mumbai
T001063,C-1083,2026-06-21 03:04:49,4055.42,BR002,UPI_DEBIT,India-Kolkata
T001064,C-1103,2026-06-21 03:20:35,415.90,BR011,UPI_DEBIT,India-Hyderabad
T001065,C-1044,2026-06-21 03:26:00,3357.18,BR004,UPI_DEBIT,India-Pune
T001066,C-1110,2026-06-21 03:53:41,84807.00,BR007,SALARY_CREDIT,India-Delhi
T001067,C-1171,2026-06-21 04:33:24,5455.00,BR005,CARD_PAYMENT,India-Hyderabad
T001068,C-1156,2026-06-21 04:43:40,39148.82,BR008,SALARY_CREDIT,India-Hyderabad
T001069,C-1158,2026-06-21 05:22:29,5501.17,BR006,ATM_WITHDRAWAL,India-Pune
T001070,C-1263,2026-06-21 06:12:28,16624.71,BR009,ATM_WITHDRAWAL,India-Kolkata
T001071,C-1057,2026-06-21 06:20:42,710.33,BR004,UPI_DEBIT,India-Kolkata
T001072,C-1123,2026-06-21 06:21:05,32096.51,BR012,NEFT_CREDIT,India-Coimbatore
T001073,C-1092,2026-06-21 06:26:13,76676.10,BR005,NEFT_CREDIT,India-Hyderabad
T001074,C-1067,2026-06-21 07:00:47,13561.55,BR002,ATM_WITHDRAWAL,India-Coimbatore
T001075,C-1274,2026-06-21 08:11:59,4674.79,BR008,UPI_DEBIT,India-Pune
T001076,C-1214,2026-06-21 08:13:20,39285.99,BR009,SALARY_CREDIT,India-Delhi
T001077,C-1245,2026-06-21 08:26:44,22813.94,BR011,NEFT_CREDIT,India-Chennai
T001078,C-1262,2026-06-21 09:07:00,16421.83,BR020,ATM_WITHDRAWAL,India-Chennai
T001079,C-1178,2026-06-21 09:15:24,5014.39,BR008,NEFT_CREDIT,India-Mumbai
T001080,C-1221,2026-06-21 09:51:04,3029.28,BR015,UPI_DEBIT,India-Bengaluru
T001081,C-1184,2026-06-21 09:56:55,1198.64,BR020,UPI_DEBIT,India-Hyderabad
T001082,C-1232,2026-06-21 10:27:16,2137.28,BR017,CARD_PAYMENT,India-Bengaluru
T001083,C-1171,2026-06-21 11:01:23,81751.26,BR003,SALARY_CREDIT,India-Bengaluru
T001084,C-1273,2026-06-21 11:10:01,12265.91,BR017,CARD_PAYMENT,India-Pune
T001085,C-1222,2026-06-21 12:03:11,674.78,BR012,UPI_DEBIT,India-Mumbai
T001086,C-1123,2026-06-21 13:21:47,5440.21,BR002,ATM_WITHDRAWAL,India-Delhi
T001087,C-1226,2026-06-21 13:35:46,1620.44,BR017,UPI_DEBIT,India-Coimbatore
T001088,C-1115,2026-06-21 14:48:08,7725.14,BR018,ATM_WITHDRAWAL,India-Bengaluru
T001089,C-1275,2026-06-21 15:10:56,42669.75,BR009,NEFT_CREDIT,India-Coimbatore
T001090,C-1149,2026-06-21 15:24:00,1598.26,BR016,UPI_DEBIT,India-Coimbatore
T001091,C-1226,2026-06-21 16:32:12,6278.28,BR003,CARD_PAYMENT,India-Hyderabad
T001092,C-1115,2026-06-21 16:54:29,1982.74,BR003,UPI_DEBIT,India-Pune
T001093,C-1111,2026-06-21 18:42:13,1161.19,BR010,UPI_DEBIT,India-Mumbai
T001094,C-1064,2026-06-21 18:49:03,1317.91,BR016,UPI_DEBIT,India-Pune
T001095,C-1007,2026-06-21 19:14:54,15415.28,BR016,CARD_PAYMENT,India-Chennai
T001096,C-1184,2026-06-21 19:49:10,16045.64,BR020,CARD_PAYMENT,India-Pune
T001097,C-1171,2026-06-21 20:22:35,744.03,BR019,CARD_PAYMENT,India-Delhi
T001098,C-1201,2026-06-21 20:36:14,4870.45,BR002,UPI_DEBIT,India-Kolkata
T001099,C-1146,2026-06-21 21:01:01,516.25,BR014,UPI_DEBIT,India-Coimbatore
T001100,C-1062,2026-06-21 21:05:49,2227.73,BR011,UPI_DEBIT,India-Hyderabad
T001101,C-1252,2026-06-21 21:26:47,53733.19,BR002,SALARY_CREDIT,India-Delhi
T001102,C-1121,2026-06-21 21:41:52,3165.31,BR016,UPI_DEBIT,India-Chennai
T001103,C-1108,2026-06-22 00:22:51,810.75,BR014,UPI_DEBIT,India-Kolkata
T001104,C-1049,2026-06-22 01:08:16,2157.53,BR019,UPI_DEBIT,India-Hyderabad
T001105,C-1279,2026-06-22 01:19:36,18606.08,BR006,NEFT_CREDIT,India-Chennai
T001106,C-1191,2026-06-22 01:23:50,2192.46,BR017,UPI_DEBIT,India-Coimbatore
T001107,C-1055,2026-06-22 01:44:21,851.80,BR018,UPI_DEBIT,India-Chennai
T001108,C-1060,2026-06-22 02:27:21,2395.35,BR012,UPI_DEBIT,India-Delhi
T001109,C-1094,2026-06-22 02:28:55,24116.28,BR012,NEFT_CREDIT,India-Delhi
T001110,C-1173,2026-06-22 03:24:48,11314.79,BR018,ATM_WITHDRAWAL,India-Chennai
T001111,C-1040,2026-06-22 04:21:22,1829.13,BR015,UPI_DEBIT,India-Pune
T001112,C-1194,2026-06-22 04:31:03,9673.92,BR017,CARD_PAYMENT,India-Coimbatore
T001113,C-1204,2026-06-22 04:32:05,3905.07,BR005,UPI_DEBIT,India-Kolkata
T001114,C-1106,2026-06-22 04:38:12,1298.62,BR002,UPI_DEBIT,India-Pune
T001115,C-1255,2026-06-22 06:08:09,4841.45,BR007,UPI_DEBIT,India-Mumbai
T001116,C-1120,2026-06-22 07:16:27,739.67,BR005,UPI_DEBIT,India-Coimbatore
T001117,C-1125,2026-06-22 07:32:51,8845.81,BR003,CARD_PAYMENT,India-Kolkata
T001118,C-1297,2026-06-22 07:36:32,22429.13,BR006,NEFT_CREDIT,India-Chennai
T001119,C-1110,2026-06-22 07:38:19,6619.05,BR001,CARD_PAYMENT,India-Kolkata
T001120,C-1099,2026-06-22 07:40:11,5708.22,BR008,ATM_WITHDRAWAL,India-Hyderabad
T001121,C-1275,2026-06-22 07:50:07,12651.83,BR010,ATM_WITHDRAWAL,India-Bengaluru
T001122,C-1223,2026-06-22 08:24:20,3159.01,BR010,UPI_DEBIT,India-Mumbai
T001123,C-1112,2026-06-22 08:27:07,59827.65,BR020,NEFT_CREDIT,India-Hyderabad
T001124,C-1088,2026-06-22 08:38:26,758.71,BR001,UPI_DEBIT,India-Bengaluru
T001125,C-1046,2026-06-22 08:42:38,19263.86,BR004,CARD_PAYMENT,India-Chennai
T001126,C-1242,2026-06-22 09:09:24,1381.18,BR001,UPI_DEBIT,India-Mumbai
T001127,C-1148,2026-06-22 09:27:57,7632.15,BR018,CARD_PAYMENT,India-Mumbai
T001128,C-1279,2026-06-22 09:34:55,103917.82,BR018,SALARY_CREDIT,India-Hyderabad
T001129,C-1158,2026-06-22 09:37:25,3176.71,BR007,CARD_PAYMENT,India-Chennai
T001130,C-1211,2026-06-22 10:06:16,12553.92,BR012,ATM_WITHDRAWAL,India-Bengaluru
T001131,C-1218,2026-06-22 10:55:04,9506.07,BR014,CARD_PAYMENT,India-Mumbai
T001132,C-1157,2026-06-22 11:20:11,408.70,BR002,UPI_DEBIT,India-Mumbai
T001133,C-1129,2026-06-22 11:37:21,72284.80,BR019,NEFT_CREDIT,India-Delhi
T001134,C-1186,2026-06-22 11:59:56,1293.26,BR014,UPI_DEBIT,India-Delhi
T001135,C-1140,2026-06-22 12:43:21,10853.45,BR015,ATM_WITHDRAWAL,India-Coimbatore
T001136,C-1115,2026-06-22 12:47:15,2175.11,BR007,UPI_DEBIT,India-Hyderabad
T001137,C-1087,2026-06-22 13:29:09,148211.99,BR020,SALARY_CREDIT,India-Kolkata
T001138,C-1167,2026-06-22 13:48:00,34889.48,BR003,SALARY_CREDIT,India-Kolkata
T001139,C-1191,2026-06-22 14:43:55,4861.98,BR012,UPI_DEBIT,India-Delhi
T001140,C-1083,2026-06-22 15:24:37,4450.34,BR016,UPI_DEBIT,India-Pune
T001141,C-1187,2026-06-22 15:27:27,9251.54,BR008,CARD_PAYMENT,India-Delhi
T001142,C-1238,2026-06-22 16:20:45,8945.30,BR020,CARD_PAYMENT,India-Chennai
T001143,C-1273,2026-06-22 16:22:51,543.13,BR019,UPI_DEBIT,India-Chennai
T001144,C-1040,2026-06-22 16:41:11,56252.88,BR008,NEFT_CREDIT,India-Chennai
T001145,C-1233,2026-06-22 16:42:34,1071.36,BR016,UPI_DEBIT,India-Chennai
T001146,C-1276,2026-06-22 16:55:14,2465.43,BR005,CARD_PAYMENT,India-Hyderabad
T001147,C-1110,2026-06-22 17:28:27,1391.07,BR011,UPI_DEBIT,India-Coimbatore
T001148,C-1136,2026-06-22 18:23:22,61200.62,BR014,NEFT_CREDIT,India-Kolkata
T001149,C-1201,2026-06-22 18:43:01,7365.65,BR005,ATM_WITHDRAWAL,India-Bengaluru
T001150,C-1219,2026-06-22 19:18:51,3814.56,BR012,UPI_DEBIT,India-Delhi
T001151,C-1275,2026-06-22 19:30:46,4569.38,BR008,UPI_DEBIT,India-Mumbai
T001152,C-1251,2026-06-22 20:02:56,1020.58,BR017,UPI_DEBIT,India-Coimbatore
T001153,C-1268,2026-06-22 20:59:27,37129.24,BR004,NEFT_CREDIT,India-Hyderabad
T001154,C-1292,2026-06-22 21:48:15,9280.31,BR015,NEFT_CREDIT,India-Kolkata
T001155,C-1290,2026-06-22 21:55:31,19873.68,BR005,CARD_PAYMENT,India-Kolkata
T001156,C-1131,2026-06-22 22:08:48,15173.94,BR020,CARD_PAYMENT,India-Hyderabad
T001157,C-1084,2026-06-22 22:29:50,37958.14,BR004,NEFT_CREDIT,India-Mumbai
T001158,C-1052,2026-06-22 22:52:20,4502.23,BR020,UPI_DEBIT,India-Kolkata
T001159,C-1281,2026-06-22 22:56:47,2108.48,BR010,CARD_PAYMENT,India-Hyderabad
T001160,C-1184,2026-06-22 22:57:49,2635.79,BR011,UPI_DEBIT,India-Mumbai
T001161,C-1263,2026-06-22 23:20:47,210.40,BR002,UPI_DEBIT,India-Coimbatore
T001162,C-1234,2026-06-22 23:41:44,434.90,BR011,UPI_DEBIT,India-Coimbatore
T001163,C-1194,2026-06-22 23:49:38,11942.06,BR012,ATM_WITHDRAWAL,India-Bengaluru
T001164,C-1279,2026-06-23 00:14:05,37329.09,BR009,NEFT_CREDIT,India-Mumbai
T001165,C-1200,2026-06-23 00:26:19,3218.32,BR020,UPI_DEBIT,India-Kolkata
T001166,C-1076,2026-06-23 00:36:29,36208.45,BR003,NEFT_CREDIT,India-Mumbai
T001167,C-1181,2026-06-23 00:52:41,1996.53,BR012,UPI_DEBIT,India-Pune
T001168,C-1176,2026-06-23 01:29:20,121947.00,BR009,SALARY_CREDIT,India-Mumbai
T001169,C-1165,2026-06-23 01:41:45,44083.92,BR010,SALARY_CREDIT,India-Hyderabad
T001170,C-1139,2026-06-23 01:49:10,62703.35,BR006,NEFT_CREDIT,India-Pune
T001171,C-1168,2026-06-23 02:32:37,78959.23,BR005,NEFT_CREDIT,India-Chennai
T001172,C-1234,2026-06-23 02:35:19,11737.90,BR013,ATM_WITHDRAWAL,India-Kolkata
T001173,C-1233,2026-06-23 02:41:43,11158.55,BR018,CARD_PAYMENT,India-Coimbatore
T001174,C-1187,2026-06-23 03:44:07,4661.06,BR010,UPI_DEBIT,India-Delhi
T001175,C-1156,2026-06-23 04:29:03,11566.11,BR015,CARD_PAYMENT,India-Hyderabad
T001176,C-1254,2026-06-23 04:32:09,3900.99,BR005,CARD_PAYMENT,India-Bengaluru
T001177,C-1212,2026-06-23 04:35:38,51625.97,BR015,NEFT_CREDIT,India-Bengaluru
T001178,C-1271,2026-06-23 05:14:02,36458.29,BR010,SALARY_CREDIT,India-Kolkata
T001179,C-1080,2026-06-23 05:38:15,1855.16,BR011,CARD_PAYMENT,India-Coimbatore
T001180,C-1213,2026-06-23 06:00:33,444.74,BR013,UPI_DEBIT,India-Kolkata
T001181,C-1154,2026-06-23 06:13:40,4815.61,BR005,UPI_DEBIT,India-Delhi
T001182,C-1110,2026-06-23 06:19:05,2898.14,BR016,UPI_DEBIT,India-Kolkata
T001183,C-1249,2026-06-23 07:09:17,57299.60,BR001,SALARY_CREDIT,India-Kolkata
T001184,C-1090,2026-06-23 07:45:49,12712.72,BR010,ATM_WITHDRAWAL,India-Coimbatore
T001185,C-1007,2026-06-23 07:56:55,16179.64,BR003,CARD_PAYMENT,India-Kolkata
T001186,C-1200,2026-06-23 08:04:50,1803.18,BR001,UPI_DEBIT,India-Mumbai
T001187,C-1300,2026-06-23 08:33:33,2298.81,BR018,UPI_DEBIT,India-Mumbai
T001188,C-1229,2026-06-23 09:15:31,8029.53,BR020,CARD_PAYMENT,India-Mumbai
T001189,C-1172,2026-06-23 09:24:48,1781.57,BR005,UPI_DEBIT,India-Mumbai
T001190,C-1217,2026-06-23 09:51:42,2083.80,BR003,UPI_DEBIT,India-Pune
T001191,C-1233,2026-06-23 09:59:38,9859.69,BR003,CARD_PAYMENT,India-Chennai
T001192,C-1177,2026-06-23 10:16:45,112894.73,BR004,SALARY_CREDIT,India-Mumbai
T001193,C-1231,2026-06-23 10:19:52,13018.59,BR017,NEFT_CREDIT,India-Pune
T001194,C-1092,2026-06-23 10:34:50,22735.82,BR015,NEFT_CREDIT,India-Delhi
T001195,C-1053,2026-06-23 10:50:03,10355.18,BR020,ATM_WITHDRAWAL,India-Hyderabad
T001196,C-1155,2026-06-23 11:33:06,3610.26,BR011,UPI_DEBIT,India-Hyderabad
T001197,C-1200,2026-06-23 11:39:36,19688.71,BR015,CARD_PAYMENT,India-Pune
T001198,C-1294,2026-06-23 11:51:12,3131.86,BR006,UPI_DEBIT,India-Chennai
T001199,C-1152,2026-06-23 12:05:00,1192.52,BR016,UPI_DEBIT,India-Hyderabad
T001200,C-1243,2026-06-23 12:14:10,4823.60,BR013,UPI_DEBIT,India-Kolkata
T001201,C-1157,2026-06-23 12:57:43,1332.10,BR011,CARD_PAYMENT,India-Hyderabad
T001202,C-1270,2026-06-23 12:59:05,2029.69,BR004,UPI_DEBIT,India-Pune
T001203,C-1160,2026-06-23 13:22:48,1514.00,BR008,UPI_DEBIT,India-Pune
T001204,C-1068,2026-06-23 13:28:41,23766.52,BR015,NEFT_CREDIT,India-Pune
T001205,C-1059,2026-06-23 13:31:25,3482.55,BR003,UPI_DEBIT,India-Coimbatore
T001206,C-1256,2026-06-23 13:41:34,9064.02,BR015,ATM_WITHDRAWAL,India-Bengaluru
T001207,C-1285,2026-06-23 14:26:24,65353.53,BR001,NEFT_CREDIT,India-Chennai
T001208,C-1173,2026-06-23 14:39:10,5214.06,BR006,ATM_WITHDRAWAL,India-Delhi
T001209,C-1265,2026-06-23 14:43:00,3537.18,BR001,UPI_DEBIT,India-Coimbatore
T001210,C-1062,2026-06-23 14:44:56,14663.18,BR002,CARD_PAYMENT,India-Bengaluru
T001211,C-1264,2026-06-23 15:00:39,4905.05,BR013,UPI_DEBIT,India-Hyderabad
T001212,C-1077,2026-06-23 15:09:04,222.90,BR013,UPI_DEBIT,India-Chennai
T001213,C-1236,2026-06-23 15:38:59,5115.53,BR001,CARD_PAYMENT,India-Pune
T001214,C-1054,2026-06-23 15:41:28,3201.01,BR011,UPI_DEBIT,India-Chennai
T001215,C-1167,2026-06-23 15:49:47,28351.25,BR008,NEFT_CREDIT,India-Hyderabad
T001216,C-1087,2026-06-23 16:25:55,2728.81,BR009,UPI_DEBIT,India-Mumbai
T001217,C-1216,2026-06-23 16:29:43,44110.96,BR003,NEFT_CREDIT,India-Kolkata
T001218,C-1289,2026-06-23 16:48:38,1848.74,BR002,UPI_DEBIT,India-Kolkata
T001219,C-1250,2026-06-23 17:41:28,4751.50,BR004,CARD_PAYMENT,India-Bengaluru
T001220,C-1148,2026-06-23 17:42:37,2708.69,BR017,UPI_DEBIT,India-Mumbai
T001221,C-1137,2026-06-23 18:26:46,9181.25,BR015,CARD_PAYMENT,India-Bengaluru
T001222,C-1214,2026-06-23 19:36:14,4507.91,BR004,UPI_DEBIT,India-Delhi
T001223,C-1216,2026-06-23 19:55:36,56032.23,BR011,NEFT_CREDIT,India-Mumbai
T001224,C-1292,2026-06-23 20:17:03,6043.09,BR011,ATM_WITHDRAWAL,India-Bengaluru
T001225,C-1216,2026-06-23 20:44:13,3034.37,BR020,UPI_DEBIT,India-Pune
T001226,C-1267,2026-06-23 21:21:27,4194.57,BR015,UPI_DEBIT,India-Mumbai
T001227,C-1175,2026-06-23 21:38:06,11217.91,BR003,CARD_PAYMENT,India-Bengaluru
T001228,C-1200,2026-06-23 22:24:57,46646.41,BR006,SALARY_CREDIT,India-Hyderabad
T001229,C-1228,2026-06-23 23:09:54,69137.28,BR002,NEFT_CREDIT,India-Chennai
T001230,C-1214,2026-06-24 00:06:23,2318.46,BR006,UPI_DEBIT,India-Delhi
T001231,C-1217,2026-06-24 01:24:00,2321.86,BR001,UPI_DEBIT,India-Kolkata
T001232,C-1185,2026-06-24 01:47:11,1770.56,BR017,UPI_DEBIT,India-Coimbatore
T001233,C-1243,2026-06-24 02:13:13,5152.05,BR001,ATM_WITHDRAWAL,India-Hyderabad
T001234,C-1157,2026-06-24 02:31:38,6547.40,BR016,CARD_PAYMENT,India-Delhi
T001235,C-1157,2026-06-24 02:35:31,50484.51,BR002,SALARY_CREDIT,India-Kolkata
T001236,C-1042,2026-06-24 03:09:13,5395.91,BR003,NEFT_CREDIT,India-Chennai
T001237,C-1264,2026-06-24 03:37:32,3751.04,BR004,CARD_PAYMENT,India-Mumbai
T001238,C-1117,2026-06-24 03:52:43,32968.09,BR012,NEFT_CREDIT,India-Chennai
T001239,C-1272,2026-06-24 05:15:32,3850.05,BR008,ATM_WITHDRAWAL,India-Mumbai
T001240,C-1062,2026-06-24 07:27:23,17222.84,BR001,CARD_PAYMENT,India-Kolkata
T001241,C-1264,2026-06-24 07:35:50,4662.39,BR017,UPI_DEBIT,India-Kolkata
T001242,C-1198,2026-06-24 09:15:50,409.23,BR019,UPI_DEBIT,India-Coimbatore
T001243,C-1208,2026-06-24 09:48:57,15371.53,BR010,CARD_PAYMENT,India-Mumbai
T001244,C-1085,2026-06-24 09:55:08,4390.27,BR014,UPI_DEBIT,India-Chennai
T001245,C-1283,2026-06-24 10:27:38,37062.86,BR020,NEFT_CREDIT,India-Delhi
T001246,C-1118,2026-06-24 11:19:27,368.34,BR008,UPI_DEBIT,India-Kolkata
T001247,C-1221,2026-06-24 11:36:42,13453.28,BR013,ATM_WITHDRAWAL,India-Bengaluru
T001248,C-1130,2026-06-24 11:58:42,3920.47,BR003,UPI_DEBIT,India-Bengaluru
T001249,C-1250,2026-06-24 15:03:44,7455.06,BR017,CARD_PAYMENT,India-Delhi
T001250,C-1116,2026-06-24 15:39:13,18357.17,BR008,CARD_PAYMENT,India-Pune
T001251,C-1063,2026-06-24 16:29:51,14475.72,BR016,CARD_PAYMENT,India-Coimbatore
T001252,C-1250,2026-06-24 16:40:41,4749.03,BR013,UPI_DEBIT,India-Delhi
T001253,C-1072,2026-06-24 17:14:27,1780.42,BR006,UPI_DEBIT,India-Mumbai
T001254,C-1202,2026-06-24 17:22:25,77383.16,BR013,SALARY_CREDIT,India-Kolkata
T001255,C-1194,2026-06-24 17:44:56,3190.74,BR013,ATM_WITHDRAWAL,India-Coimbatore
T001256,C-1129,2026-06-24 19:02:21,3201.39,BR020,UPI_DEBIT,India-Mumbai
T001257,C-1088,2026-06-24 19:19:05,2399.45,BR013,UPI_DEBIT,India-Bengaluru
T001258,C-1177,2026-06-24 19:25:52,79701.54,BR020,NEFT_CREDIT,India-Delhi
T001259,C-1164,2026-06-24 19:43:37,734.84,BR002,UPI_DEBIT,India-Chennai
T001260,C-1218,2026-06-24 20:08:47,13627.62,BR003,CARD_PAYMENT,India-Kolkata
T001261,C-1281,2026-06-24 20:09:58,56306.62,BR018,SALARY_CREDIT,India-Kolkata
T001262,C-1143,2026-06-24 20:19:58,40156.66,BR018,SALARY_CREDIT,India-Bengaluru
T001263,C-1203,2026-06-24 21:04:05,2938.68,BR001,UPI_DEBIT,India-Chennai
T001264,C-1248,2026-06-24 21:34:30,4398.81,BR016,UPI_DEBIT,India-Kolkata
T001265,C-1235,2026-06-24 21:43:35,1454.01,BR010,UPI_DEBIT,India-Mumbai
T001266,C-1192,2026-06-24 22:02:19,4201.18,BR016,ATM_WITHDRAWAL,India-Coimbatore
T001267,C-1281,2026-06-24 22:07:41,806.40,BR012,UPI_DEBIT,India-Chennai
T001268,C-1171,2026-06-24 22:12:29,2215.53,BR018,UPI_DEBIT,India-Pune
T001269,C-1156,2026-06-24 22:13:52,6699.52,BR004,ATM_WITHDRAWAL,India-Pune
T001270,C-1171,2026-06-24 22:23:51,15971.18,BR010,CARD_PAYMENT,India-Chennai
T001271,C-1171,2026-06-24 22:45:28,1719.52,BR008,UPI_DEBIT,India-Delhi
T001272,C-1247,2026-06-25 00:40:00,4987.59,BR011,UPI_DEBIT,India-Hyderabad
T001273,C-1113,2026-06-25 01:27:54,3312.61,BR019,UPI_DEBIT,India-Delhi
T001274,C-1102,2026-06-25 02:15:50,28560.32,BR003,NEFT_CREDIT,India-Chennai
T001275,C-1237,2026-06-25 02:31:39,2834.34,BR002,UPI_DEBIT,India-Kolkata
T001276,C-1183,2026-06-25 02:50:16,15720.20,BR015,ATM_WITHDRAWAL,India-Hyderabad
T001277,C-1281,2026-06-25 03:07:37,24494.77,BR004,NEFT_CREDIT,India-Kolkata
T001278,C-1224,2026-06-25 03:15:05,739.79,BR008,UPI_DEBIT,India-Kolkata
T001279,C-1160,2026-06-25 03:54:05,71437.38,BR007,NEFT_CREDIT,India-Kolkata
T001280,C-1137,2026-06-25 04:03:25,705.61,BR020,UPI_DEBIT,India-Delhi
T001281,C-1191,2026-06-25 05:20:47,40578.41,BR019,SALARY_CREDIT,India-Bengaluru
T001282,C-1145,2026-06-25 05:23:38,3322.43,BR002,UPI_DEBIT,India-Chennai
T001283,C-1146,2026-06-25 05:29:29,1835.30,BR014,CARD_PAYMENT,India-Coimbatore
T001284,C-1081,2026-06-25 06:54:49,649.64,BR001,UPI_DEBIT,India-Coimbatore
T001285,C-1112,2026-06-25 06:57:02,5943.07,BR018,CARD_PAYMENT,India-Delhi
T001286,C-1170,2026-06-25 07:13:04,51839.82,BR006,SALARY_CREDIT,India-Delhi
T001287,C-1122,2026-06-25 07:53:56,16206.30,BR014,CARD_PAYMENT,India-Chennai
T001288,C-1138,2026-06-25 08:18:55,2052.94,BR002,UPI_DEBIT,India-Mumbai
T001289,C-1162,2026-06-25 08:24:08,14807.90,BR014,CARD_PAYMENT,India-Kolkata
T001290,C-1224,2026-06-25 08:24:15,2508.73,BR006,UPI_DEBIT,India-Chennai
T001291,C-1211,2026-06-25 08:36:18,3765.79,BR009,UPI_DEBIT,India-Chennai
T001292,C-1199,2026-06-25 08:43:42,1280.46,BR006,UPI_DEBIT,India-Bengaluru
T001293,C-1266,2026-06-25 08:52:44,53455.46,BR009,NEFT_CREDIT,India-Delhi
T001294,C-1200,2026-06-25 09:33:01,147686.85,BR019,SALARY_CREDIT,India-Mumbai
T001295,C-1096,2026-06-25 09:52:30,1417.94,BR020,UPI_DEBIT,India-Hyderabad
T001296,C-1088,2026-06-25 10:10:53,4612.76,BR016,UPI_DEBIT,India-Pune
T001297,C-1045,2026-06-25 11:31:36,25242.47,BR007,NEFT_CREDIT,India-Bengaluru
T001298,C-1201,2026-06-25 11:35:11,9493.71,BR014,CARD_PAYMENT,India-Kolkata
T001299,C-1201,2026-06-25 11:55:23,3683.85,BR008,UPI_DEBIT,India-Kolkata
T001300,C-1276,2026-06-25 12:12:52,3042.58,BR011,UPI_DEBIT,India-Delhi
T001301,C-1280,2026-06-25 13:41:00,29971.60,BR017,NEFT_CREDIT,India-Chennai
T001302,C-1068,2026-06-25 14:02:40,12400.15,BR013,CARD_PAYMENT,India-Bengaluru
T001303,C-1262,2026-06-25 15:04:14,11945.76,BR013,CARD_PAYMENT,India-Delhi
T001304,C-1101,2026-06-25 15:35:33,15759.69,BR016,CARD_PAYMENT,India-Coimbatore
T001305,C-1074,2026-06-25 15:46:44,3486.57,BR003,UPI_DEBIT,India-Bengaluru
T001306,C-1278,2026-06-25 16:20:34,4482.44,BR010,UPI_DEBIT,India-Mumbai
T001307,C-1136,2026-06-25 16:53:48,85845.63,BR007,SALARY_CREDIT,India-Delhi
T001308,C-1077,2026-06-25 16:55:24,2121.90,BR008,UPI_DEBIT,India-Chennai
T001309,C-1160,2026-06-25 17:06:29,14112.49,BR012,CARD_PAYMENT,India-Kolkata
T001310,C-1145,2026-06-25 17:18:28,4178.01,BR010,UPI_DEBIT,India-Mumbai
T001311,C-1158,2026-06-25 17:34:41,4697.38,BR008,UPI_DEBIT,India-Kolkata
T001312,C-1071,2026-06-25 17:36:12,18174.17,BR020,CARD_PAYMENT,India-Pune
T001313,C-1173,2026-06-25 18:19:10,146820.97,BR002,SALARY_CREDIT,India-Bengaluru
T001314,C-1251,2026-06-25 20:03:26,1531.82,BR017,UPI_DEBIT,India-Kolkata
T001315,C-1078,2026-06-25 20:25:50,2346.80,BR009,UPI_DEBIT,India-Delhi
T001316,C-1225,2026-06-25 20:41:43,7108.18,BR005,CARD_PAYMENT,India-Pune
T001317,C-1233,2026-06-25 20:50:17,1848.42,BR015,UPI_DEBIT,India-Chennai
T001318,C-1142,2026-06-25 21:27:41,2019.65,BR020,UPI_DEBIT,India-Mumbai
T001319,C-1187,2026-06-25 21:37:51,58184.03,BR006,NEFT_CREDIT,India-Delhi
T001320,C-1201,2026-06-25 21:44:33,2157.48,BR006,UPI_DEBIT,India-Mumbai
T001321,C-1242,2026-06-25 21:52:48,3759.41,BR007,UPI_DEBIT,India-Chennai
T001322,C-1068,2026-06-25 22:05:59,15070.14,BR013,CARD_PAYMENT,India-Mumbai
T001323,C-1132,2026-06-25 22:13:15,6706.36,BR007,ATM_WITHDRAWAL,India-Coimbatore
T001324,C-1157,2026-06-25 22:43:58,2882.10,BR003,UPI_DEBIT,India-Delhi
T001325,C-1263,2026-06-25 23:18:20,16004.66,BR020,NEFT_CREDIT,India-Coimbatore
T001326,C-1199,2026-06-25 23:21:56,1620.14,BR017,UPI_DEBIT,India-Kolkata
T001327,C-1177,2026-06-25 23:36:53,3825.09,BR007,CARD_PAYMENT,India-Mumbai
T001328,C-1271,2026-06-25 23:41:04,3336.67,BR003,CARD_PAYMENT,India-Kolkata
T001329,C-1040,2026-06-26 00:10:12,4661.49,BR007,UPI_DEBIT,India-Coimbatore
T001330,C-1115,2026-06-26 00:30:56,307.86,BR003,UPI_DEBIT,India-Coimbatore
T001331,C-1218,2026-06-26 00:34:31,2217.33,BR016,UPI_DEBIT,India-Bengaluru
T001332,C-1135,2026-06-26 01:04:41,1511.41,BR013,UPI_DEBIT,India-Kolkata
T001333,C-1104,2026-06-26 01:23:41,731.11,BR019,UPI_DEBIT,India-Pune
T001334,C-1252,2026-06-26 02:11:32,42877.93,BR002,NEFT_CREDIT,India-Hyderabad
T001335,C-1090,2026-06-26 02:18:15,64165.69,BR020,NEFT_CREDIT,India-Bengaluru
T001336,C-1158,2026-06-26 03:18:43,17750.15,BR009,CARD_PAYMENT,India-Coimbatore
T001337,C-1071,2026-06-26 03:31:59,3561.15,BR005,UPI_DEBIT,India-Kolkata
T001338,C-1294,2026-06-26 03:43:24,4272.88,BR015,UPI_DEBIT,India-Coimbatore
T001339,C-1162,2026-06-26 04:04:26,107340.52,BR004,SALARY_CREDIT,India-Chennai
T001340,C-1163,2026-06-26 04:28:02,2733.13,BR005,CARD_PAYMENT,India-Bengaluru
T001341,C-1159,2026-06-26 04:42:40,9977.87,BR003,CARD_PAYMENT,India-Coimbatore
T001342,C-1134,2026-06-26 04:46:11,3702.35,BR012,CARD_PAYMENT,India-Chennai
T001343,C-1062,2026-06-26 04:55:51,2607.72,BR013,UPI_DEBIT,India-Bengaluru
T001344,C-1267,2026-06-26 05:11:04,32186.94,BR002,NEFT_CREDIT,India-Mumbai
T001345,C-1161,2026-06-26 05:20:33,6624.43,BR014,CARD_PAYMENT,India-Kolkata
T001346,C-1147,2026-06-26 05:21:17,1621.71,BR011,UPI_DEBIT,India-Hyderabad
T001347,C-1176,2026-06-26 05:30:33,286.46,BR015,UPI_DEBIT,India-Hyderabad
T001348,C-1271,2026-06-26 05:44:45,14918.11,BR012,CARD_PAYMENT,India-Kolkata
T001349,C-1222,2026-06-26 09:38:00,4589.53,BR009,UPI_DEBIT,India-Mumbai
T001350,C-1056,2026-06-26 09:45:38,3187.33,BR010,UPI_DEBIT,India-Pune
T001351,C-1131,2026-06-26 10:38:38,4929.56,BR020,UPI_DEBIT,India-Kolkata
T001352,C-1198,2026-06-26 11:06:56,68388.83,BR004,NEFT_CREDIT,India-Pune
T001353,C-1170,2026-06-26 11:07:31,78899.34,BR007,NEFT_CREDIT,India-Coimbatore
T001354,C-1076,2026-06-26 12:12:48,10475.65,BR019,CARD_PAYMENT,India-Delhi
T001355,C-1075,2026-06-26 13:03:37,3388.83,BR019,CARD_PAYMENT,India-Pune
T001356,C-1290,2026-06-26 13:20:31,13849.05,BR020,NEFT_CREDIT,India-Kolkata
T001357,C-1005,2026-06-26 13:30:26,19025.19,BR018,CARD_PAYMENT,India-Bengaluru
T001358,C-1009,2026-06-26 13:57:12,52443.27,BR003,SALARY_CREDIT,India-Coimbatore
T001359,C-1154,2026-06-26 14:21:45,19860.41,BR015,ATM_WITHDRAWAL,India-Mumbai
T001360,C-1219,2026-06-26 15:27:15,67212.55,BR001,SALARY_CREDIT,India-Bengaluru
T001361,C-1253,2026-06-26 15:27:55,5888.42,BR005,CARD_PAYMENT,India-Delhi
T001362,C-1127,2026-06-26 16:04:55,2231.76,BR009,UPI_DEBIT,India-Coimbatore
T001363,C-1165,2026-06-26 16:17:25,3364.50,BR001,UPI_DEBIT,India-Hyderabad
T001364,C-1197,2026-06-26 17:16:24,19589.58,BR006,CARD_PAYMENT,India-Coimbatore
T001365,C-1206,2026-06-26 17:29:19,12048.28,BR010,ATM_WITHDRAWAL,India-Kolkata
T001366,C-1049,2026-06-26 18:09:19,721.13,BR010,UPI_DEBIT,India-Hyderabad
T001367,C-1087,2026-06-26 18:24:27,46935.35,BR004,NEFT_CREDIT,India-Pune
T001368,C-1007,2026-06-26 18:35:46,9234.99,BR018,ATM_WITHDRAWAL,India-Coimbatore
T001369,C-1282,2026-06-26 18:44:04,1871.62,BR009,UPI_DEBIT,India-Delhi
T001370,C-1270,2026-06-26 18:47:46,37265.52,BR016,SALARY_CREDIT,India-Delhi
T001371,C-1286,2026-06-26 18:49:24,3291.06,BR003,UPI_DEBIT,India-Chennai
T001372,C-1057,2026-06-26 19:12:42,2982.48,BR004,UPI_DEBIT,India-Coimbatore
T001373,C-1133,2026-06-26 19:25:45,120177.74,BR018,SALARY_CREDIT,India-Mumbai
T001374,C-1180,2026-06-26 19:43:24,4280.92,BR015,UPI_DEBIT,India-Bengaluru
T001375,C-1143,2026-06-26 20:10:13,19443.95,BR007,ATM_WITHDRAWAL,India-Pune
T001376,C-1216,2026-06-26 20:16:42,10696.04,BR004,CARD_PAYMENT,India-Pune
T001377,C-1285,2026-06-26 20:51:12,45146.29,BR002,SALARY_CREDIT,India-Chennai
T001378,C-1084,2026-06-26 21:03:59,203.27,BR008,UPI_DEBIT,India-Mumbai
T001379,C-1251,2026-06-26 21:16:56,3137.34,BR016,ATM_WITHDRAWAL,India-Bengaluru
T001380,C-1214,2026-06-26 21:34:58,2586.54,BR012,UPI_DEBIT,India-Kolkata
T001381,C-1169,2026-06-26 21:44:25,702.71,BR006,UPI_DEBIT,India-Mumbai
T001382,C-1171,2026-06-26 22:18:40,17611.09,BR002,NEFT_CREDIT,India-Coimbatore
T001383,C-1119,2026-06-26 22:33:36,4974.68,BR007,UPI_DEBIT,India-Coimbatore
T001384,C-1201,2026-06-26 22:43:22,3116.30,BR005,UPI_DEBIT,India-Mumbai
T001385,C-1099,2026-06-26 23:02:47,1450.21,BR013,CARD_PAYMENT,India-Chennai
T001386,C-1199,2026-06-26 23:05:15,4074.85,BR004,UPI_DEBIT,India-Pune
T001387,C-1192,2026-06-26 23:09:02,15513.47,BR014,ATM_WITHDRAWAL,India-Pune
T001388,C-1227,2026-06-27 00:28:14,4475.96,BR002,UPI_DEBIT,India-Kolkata
T001389,C-1128,2026-06-27 00:38:52,684.91,BR002,UPI_DEBIT,India-Delhi
T001390,C-1220,2026-06-27 00:53:37,4703.14,BR015,UPI_DEBIT,India-Hyderabad
T001391,C-1084,2026-06-27 00:55:45,58626.32,BR008,NEFT_CREDIT,India-Bengaluru
T001392,C-1121,2026-06-27 01:50:16,6018.57,BR010,CARD_PAYMENT,India-Kolkata
T001393,C-1119,2026-06-27 01:59:13,4891.37,BR020,UPI_DEBIT,India-Delhi
T001394,C-1178,2026-06-27 02:02:58,4475.01,BR007,UPI_DEBIT,India-Chennai
T001395,C-1286,2026-06-27 02:04:17,19153.31,BR004,NEFT_CREDIT,India-Mumbai
T001396,C-1180,2026-06-27 02:30:24,2060.70,BR003,CARD_PAYMENT,India-Bengaluru
T001397,C-1196,2026-06-27 02:46:42,4369.28,BR009,CARD_PAYMENT,India-Chennai
T001398,C-1178,2026-06-27 03:37:12,2049.15,BR015,CARD_PAYMENT,India-Delhi
T001399,C-1289,2026-06-27 04:41:38,6288.60,BR006,CARD_PAYMENT,India-Chennai
T001400,C-1295,2026-06-27 06:06:24,3898.92,BR017,UPI_DEBIT,India-Mumbai
T001401,C-1230,2026-06-27 06:31:35,4349.80,BR001,UPI_DEBIT,India-Hyderabad
T001402,C-1090,2026-06-27 07:29:15,3566.28,BR016,UPI_DEBIT,India-Coimbatore
T001403,C-1063,2026-06-27 07:40:30,14675.74,BR006,ATM_WITHDRAWAL,India-Mumbai
T001404,C-1225,2026-06-27 08:26:32,2049.03,BR004,UPI_DEBIT,India-Delhi
T001405,C-1146,2026-06-27 09:37:08,3762.69,BR010,UPI_DEBIT,India-Mumbai
T001406,C-1251,2026-06-27 10:44:43,479.01,BR002,UPI_DEBIT,India-Coimbatore
T001407,C-1248,2026-06-27 10:50:19,4351.71,BR020,UPI_DEBIT,India-Kolkata
T001408,C-1276,2026-06-27 11:36:33,4192.09,BR008,UPI_DEBIT,India-Kolkata
T001409,C-1290,2026-06-27 12:24:22,10799.09,BR012,ATM_WITHDRAWAL,India-Mumbai
T001410,C-1115,2026-06-27 12:27:59,1004.67,BR013,UPI_DEBIT,India-Kolkata
T001411,C-1274,2026-06-27 12:58:37,3695.96,BR011,UPI_DEBIT,India-Delhi
T001412,C-1134,2026-06-27 13:50:40,13867.72,BR005,CARD_PAYMENT,India-Delhi
T001413,C-1169,2026-06-27 14:10:25,3694.57,BR009,UPI_DEBIT,India-Bengaluru
T001414,C-1247,2026-06-27 15:07:28,1247.53,BR010,UPI_DEBIT,India-Coimbatore
T001415,C-1198,2026-06-27 15:36:18,1365.70,BR015,UPI_DEBIT,India-Bengaluru
T001416,C-1281,2026-06-27 16:10:11,21161.26,BR005,NEFT_CREDIT,India-Hyderabad
T001417,C-1205,2026-06-27 16:18:57,144862.58,BR011,SALARY_CREDIT,India-Kolkata
T001418,C-1043,2026-06-27 16:51:17,474.52,BR009,UPI_DEBIT,India-Coimbatore
T001419,C-1059,2026-06-27 17:39:16,2375.63,BR018,ATM_WITHDRAWAL,India-Chennai
T001420,C-1118,2026-06-27 17:43:33,1154.60,BR012,UPI_DEBIT,India-Coimbatore
T001421,C-1159,2026-06-27 17:53:12,40438.79,BR017,SALARY_CREDIT,India-Bengaluru
T001422,C-1155,2026-06-27 18:02:43,5038.67,BR007,NEFT_CREDIT,India-Chennai
T001423,C-1188,2026-06-27 19:00:54,2458.55,BR013,UPI_DEBIT,India-Hyderabad
T001424,C-1196,2026-06-27 19:14:46,74588.59,BR004,NEFT_CREDIT,India-Hyderabad
T001425,C-1214,2026-06-27 19:49:44,8998.10,BR006,CARD_PAYMENT,India-Bengaluru
T001426,C-1118,2026-06-27 20:45:59,2597.00,BR001,UPI_DEBIT,India-Pune
T001427,C-1238,2026-06-27 21:07:03,133189.41,BR013,SALARY_CREDIT,India-Mumbai
T001428,C-1201,2026-06-27 21:31:42,9549.58,BR005,CARD_PAYMENT,India-Coimbatore
T001429,C-1205,2026-06-27 22:05:29,17395.79,BR005,ATM_WITHDRAWAL,India-Bengaluru
T001430,C-1285,2026-06-27 22:17:02,65187.84,BR018,NEFT_CREDIT,India-Chennai
T001431,C-1173,2026-06-27 22:17:40,2260.29,BR013,UPI_DEBIT,India-Chennai
T001432,C-1278,2026-06-27 22:24:07,2303.45,BR007,CARD_PAYMENT,India-Hyderabad
T001433,C-1118,2026-06-28 00:13:24,5533.36,BR020,CARD_PAYMENT,India-Delhi
T001434,C-1120,2026-06-28 00:27:10,12171.97,BR005,CARD_PAYMENT,India-Hyderabad
T001435,C-1247,2026-06-28 00:48:59,10596.83,BR003,CARD_PAYMENT,India-Chennai
T001436,C-1041,2026-06-28 01:24:20,4962.38,BR011,UPI_DEBIT,India-Chennai
T001437,C-1211,2026-06-28 02:14:45,7996.04,BR008,NEFT_CREDIT,India-Pune
T001438,C-1183,2026-06-28 02:49:17,1015.81,BR004,CARD_PAYMENT,India-Delhi
T001439,C-1247,2026-06-28 03:01:02,721.86,BR002,UPI_DEBIT,India-Delhi
T001440,C-1255,2026-06-28 03:26:13,1146.52,BR016,UPI_DEBIT,India-Hyderabad
T001441,C-1099,2026-06-28 03:39:29,17316.57,BR002,CARD_PAYMENT,India-Coimbatore
T001442,C-1108,2026-06-28 03:41:46,6001.47,BR018,ATM_WITHDRAWAL,India-Chennai
T001443,C-1141,2026-06-28 03:47:16,65659.43,BR015,NEFT_CREDIT,India-Coimbatore
T001444,C-1131,2026-06-28 03:50:24,3326.08,BR003,UPI_DEBIT,India-Chennai
T001445,C-1283,2026-06-28 03:58:22,7873.42,BR014,CARD_PAYMENT,India-Hyderabad
T001446,C-1107,2026-06-28 04:09:57,7672.78,BR017,ATM_WITHDRAWAL,India-Chennai
T001447,C-1109,2026-06-28 04:47:44,108754.72,BR004,SALARY_CREDIT,India-Pune
T001448,C-1107,2026-06-28 05:09:22,42202.79,BR010,NEFT_CREDIT,India-Chennai
T001449,C-1142,2026-06-28 05:20:12,1848.41,BR004,UPI_DEBIT,India-Pune
T001450,C-1050,2026-06-28 06:09:38,3466.57,BR014,UPI_DEBIT,India-Coimbatore
T001451,C-1294,2026-06-28 06:23:14,4423.85,BR001,UPI_DEBIT,India-Bengaluru
T001452,C-1120,2026-06-28 06:38:08,21394.78,BR020,NEFT_CREDIT,India-Pune
T001453,C-1141,2026-06-28 06:51:30,36061.71,BR011,SALARY_CREDIT,India-Hyderabad
T001454,C-1154,2026-06-28 07:46:37,6096.68,BR006,CARD_PAYMENT,India-Kolkata
T001455,C-1005,2026-06-28 08:29:59,388.65,BR014,UPI_DEBIT,India-Coimbatore
T001456,C-1168,2026-06-28 09:28:08,18316.75,BR006,CARD_PAYMENT,India-Bengaluru
T001457,C-1252,2026-06-28 09:29:34,54465.06,BR019,SALARY_CREDIT,India-Kolkata
T001458,C-1270,2026-06-28 09:38:32,16217.03,BR018,ATM_WITHDRAWAL,India-Pune
T001459,C-1229,2026-06-28 10:30:42,8189.95,BR019,ATM_WITHDRAWAL,India-Hyderabad
T001460,C-1282,2026-06-28 11:33:35,1117.64,BR004,UPI_DEBIT,India-Mumbai
T001461,C-1171,2026-06-28 11:42:48,2699.40,BR017,UPI_DEBIT,India-Delhi
T001462,C-1124,2026-06-28 12:28:55,4998.06,BR014,UPI_DEBIT,India-Mumbai
T001463,C-1057,2026-06-28 13:01:20,2653.25,BR005,ATM_WITHDRAWAL,India-Bengaluru
T001464,C-1150,2026-06-28 13:02:45,1857.33,BR006,UPI_DEBIT,India-Delhi
T001465,C-1211,2026-06-28 13:40:02,11638.07,BR001,ATM_WITHDRAWAL,India-Kolkata
T001466,C-1232,2026-06-28 13:44:29,59302.31,BR020,SALARY_CREDIT,India-Delhi
T001467,C-1069,2026-06-28 13:49:09,8066.67,BR002,CARD_PAYMENT,India-Hyderabad
T001468,C-1261,2026-06-28 13:58:16,123929.34,BR018,SALARY_CREDIT,India-Chennai
T001469,C-1061,2026-06-28 14:08:04,8739.57,BR012,CARD_PAYMENT,India-Hyderabad
T001470,C-1220,2026-06-28 14:19:06,3273.36,BR020,UPI_DEBIT,India-Hyderabad
T001471,C-1097,2026-06-28 14:20:25,3633.51,BR014,UPI_DEBIT,India-Delhi
T001472,C-1262,2026-06-28 14:21:17,3727.22,BR008,UPI_DEBIT,India-Mumbai
T001473,C-1185,2026-06-28 14:41:30,658.75,BR002,UPI_DEBIT,India-Pune
T001474,C-1077,2026-06-28 15:18:12,66764.17,BR011,NEFT_CREDIT,India-Coimbatore
T001475,C-1146,2026-06-28 15:50:11,2983.27,BR010,UPI_DEBIT,India-Coimbatore
T001476,C-1049,2026-06-28 16:32:21,141831.50,BR016,SALARY_CREDIT,India-Mumbai
T001477,C-1043,2026-06-28 16:45:51,2404.61,BR001,CARD_PAYMENT,India-Chennai
T001478,C-1276,2026-06-28 17:12:49,1489.66,BR015,UPI_DEBIT,India-Hyderabad
T001479,C-1184,2026-06-28 17:56:28,4901.08,BR005,UPI_DEBIT,India-Bengaluru
T001480,C-1113,2026-06-28 18:42:03,708.62,BR007,UPI_DEBIT,India-Mumbai
T001481,C-1088,2026-06-28 18:52:35,43970.81,BR011,NEFT_CREDIT,India-Hyderabad
T001482,C-1099,2026-06-28 19:09:00,61763.83,BR002,SALARY_CREDIT,India-Coimbatore
T001483,C-1100,2026-06-28 20:09:55,419.49,BR003,UPI_DEBIT,India-Bengaluru
T001484,C-1287,2026-06-28 20:32:41,28260.28,BR002,NEFT_CREDIT,India-Chennai
T001485,C-1122,2026-06-28 21:24:39,26804.56,BR005,NEFT_CREDIT,India-Kolkata
T001486,C-1064,2026-06-28 22:00:12,5443.52,BR005,ATM_WITHDRAWAL,India-Hyderabad
T001487,C-1252,2026-06-28 22:05:17,12765.32,BR019,CARD_PAYMENT,India-Hyderabad
T001488,C-1045,2026-06-28 22:50:18,294.11,BR009,UPI_DEBIT,India-Kolkata
T001489,C-1044,2026-06-28 23:08:57,10801.57,BR006,CARD_PAYMENT,India-Delhi
T001490,C-1203,2026-06-28 23:59:38,4238.09,BR017,UPI_DEBIT,India-Bengaluru
T001491,C-1185,2026-06-29 00:07:18,2217.63,BR016,UPI_DEBIT,India-Bengaluru
T001492,C-1252,2026-06-29 00:24:39,8263.51,BR005,ATM_WITHDRAWAL,India-Hyderabad
T001493,C-1076,2026-06-29 00:55:33,3025.45,BR018,UPI_DEBIT,India-Coimbatore
T001494,C-1207,2026-06-29 01:20:39,15868.97,BR001,CARD_PAYMENT,India-Pune
T001495,C-1276,2026-06-29 02:41:39,2641.11,BR017,UPI_DEBIT,India-Bengaluru
T001496,C-1110,2026-06-29 02:55:40,2960.51,BR011,UPI_DEBIT,India-Chennai
T001497,C-1176,2026-06-29 03:04:01,1051.97,BR018,UPI_DEBIT,India-Pune
T001498,C-1083,2026-06-29 03:24:54,48944.16,BR014,NEFT_CREDIT,India-Hyderabad
T001499,C-1269,2026-06-29 03:30:56,1653.22,BR010,UPI_DEBIT,India-Delhi
T001500,C-1062,2026-06-29 03:44:09,3449.27,BR010,UPI_DEBIT,India-Kolkata
T001501,C-1135,2026-06-29 04:53:08,32818.22,BR004,SALARY_CREDIT,India-Mumbai
T001502,C-1166,2026-06-29 06:27:12,4094.97,BR017,UPI_DEBIT,India-Bengaluru
T001503,C-1114,2026-06-29 07:50:46,77380.57,BR019,SALARY_CREDIT,India-Chennai
T001504,C-1239,2026-06-29 07:52:14,4677.45,BR003,UPI_DEBIT,India-Coimbatore
T001505,C-1008,2026-06-29 08:35:05,840.88,BR007,UPI_DEBIT,India-Hyderabad
T001506,C-1262,2026-06-29 08:35:15,43752.46,BR014,NEFT_CREDIT,India-Delhi
T001507,C-1043,2026-06-29 08:50:31,9755.65,BR012,CARD_PAYMENT,India-Delhi
T001508,C-1223,2026-06-29 08:56:13,4526.46,BR001,CARD_PAYMENT,India-Kolkata
T001509,C-1295,2026-06-29 10:27:01,3013.09,BR015,UPI_DEBIT,India-Chennai
T001510,C-1102,2026-06-29 12:14:35,3938.52,BR010,UPI_DEBIT,India-Hyderabad
T001511,C-1287,2026-06-29 12:40:06,136958.83,BR002,SALARY_CREDIT,India-Mumbai
T001512,C-1158,2026-06-29 12:58:12,144716.37,BR011,SALARY_CREDIT,India-Pune
T001513,C-1252,2026-06-29 13:19:10,2049.34,BR011,UPI_DEBIT,India-Coimbatore
T001514,C-1292,2026-06-29 13:31:27,5336.82,BR010,ATM_WITHDRAWAL,India-Hyderabad
T001515,C-1217,2026-06-29 14:47:40,812.49,BR002,UPI_DEBIT,India-Coimbatore
T001516,C-1126,2026-06-29 16:28:52,3250.44,BR012,UPI_DEBIT,India-Mumbai
T001517,C-1102,2026-06-29 16:52:09,1930.08,BR011,UPI_DEBIT,India-Delhi
T001518,C-1138,2026-06-29 17:04:25,1476.65,BR006,CARD_PAYMENT,India-Coimbatore
T001519,C-1076,2026-06-29 18:11:55,60789.42,BR002,SALARY_CREDIT,India-Coimbatore
T001520,C-1297,2026-06-29 18:38:41,61444.81,BR005,NEFT_CREDIT,India-Mumbai
T001521,C-1161,2026-06-29 18:46:52,4214.12,BR010,UPI_DEBIT,India-Delhi
T001522,C-1233,2026-06-29 18:59:05,10893.88,BR019,CARD_PAYMENT,India-Kolkata
T001523,C-1052,2026-06-29 19:21:26,4039.77,BR015,ATM_WITHDRAWAL,India-Delhi
T001524,C-1073,2026-06-29 19:37:44,123515.23,BR010,SALARY_CREDIT,India-Bengaluru
T001525,C-1105,2026-06-29 19:55:42,79232.97,BR004,NEFT_CREDIT,India-Chennai
T001526,C-1057,2026-06-29 20:23:37,38125.11,BR005,NEFT_CREDIT,India-Mumbai
T001527,C-1006,2026-06-29 23:51:56,778.30,BR018,UPI_DEBIT,India-Mumbai
T001528,C-1063,2026-06-30 00:06:20,26688.13,BR007,NEFT_CREDIT,India-Hyderabad
T001529,C-1197,2026-06-30 00:08:27,7176.05,BR012,CARD_PAYMENT,India-Bengaluru
T001530,C-1270,2026-06-30 00:41:35,19773.50,BR001,CARD_PAYMENT,India-Chennai
T001531,C-1252,2026-06-30 00:42:04,2601.27,BR002,CARD_PAYMENT,India-Bengaluru
T001532,C-1212,2026-06-30 00:51:45,3253.42,BR001,UPI_DEBIT,India-Chennai
T001533,C-1150,2026-06-30 00:52:33,2921.19,BR019,CARD_PAYMENT,India-Chennai
T001534,C-1063,2026-06-30 00:53:27,46203.43,BR001,NEFT_CREDIT,India-Kolkata
T001535,C-1149,2026-06-30 01:47:33,15904.24,BR013,CARD_PAYMENT,India-Coimbatore
T001536,C-1251,2026-06-30 02:05:00,1393.81,BR011,CARD_PAYMENT,India-Kolkata
T001537,C-1199,2026-06-30 02:16:42,18087.46,BR009,CARD_PAYMENT,India-Pune
T001538,C-1299,2026-06-30 02:30:54,17976.89,BR004,CARD_PAYMENT,India-Bengaluru
T001539,C-1094,2026-06-30 03:35:59,146609.46,BR015,SALARY_CREDIT,India-Delhi
T001540,C-1244,2026-06-30 03:36:42,42613.62,BR002,NEFT_CREDIT,India-Delhi
T001541,C-1260,2026-06-30 03:55:42,1095.84,BR015,UPI_DEBIT,India-Mumbai
T001542,C-1166,2026-06-30 04:56:44,4351.53,BR005,UPI_DEBIT,India-Kolkata
T001543,C-1114,2026-06-30 06:13:31,4917.34,BR004,UPI_DEBIT,India-Kolkata
T001544,C-1072,2026-06-30 08:24:31,3084.78,BR010,UPI_DEBIT,India-Hyderabad
T001545,C-1068,2026-06-30 09:05:02,16917.56,BR019,ATM_WITHDRAWAL,India-Hyderabad
T001546,C-1224,2026-06-30 09:06:01,70188.22,BR001,SALARY_CREDIT,India-Coimbatore
T001547,C-1078,2026-06-30 09:55:07,262.17,BR005,UPI_DEBIT,India-Mumbai
T001548,C-1251,2026-06-30 10:50:32,5855.13,BR005,CARD_PAYMENT,India-Chennai
T001549,C-1170,2026-06-30 10:50:34,13345.13,BR019,NEFT_CREDIT,India-Pune
T001550,C-1211,2026-06-30 11:09:53,3839.50,BR002,UPI_DEBIT,India-Pune
T001551,C-1137,2026-06-30 11:15:20,10320.66,BR010,ATM_WITHDRAWAL,India-Pune
T001552,C-1174,2026-06-30 11:35:33,2661.84,BR016,UPI_DEBIT,India-Bengaluru
T001553,C-1076,2026-06-30 11:56:06,3074.94,BR019,UPI_DEBIT,India-Mumbai
T001554,C-1180,2026-06-30 12:01:41,15929.14,BR020,CARD_PAYMENT,India-Delhi
T001555,C-1235,2026-06-30 12:05:47,15176.45,BR006,CARD_PAYMENT,India-Hyderabad
T001556,C-1118,2026-06-30 12:27:42,1825.81,BR016,UPI_DEBIT,India-Delhi
T001557,C-1056,2026-06-30 13:14:53,131029.75,BR003,SALARY_CREDIT,India-Bengaluru
T001558,C-1128,2026-06-30 15:46:37,8567.92,BR009,ATM_WITHDRAWAL,India-Delhi
T001559,C-1219,2026-06-30 16:03:50,97880.17,BR015,SALARY_CREDIT,India-Pune
T001560,C-1252,2026-06-30 16:35:39,9135.45,BR020,CARD_PAYMENT,India-Hyderabad
T001561,C-1122,2026-06-30 16:48:36,28567.56,BR005,SALARY_CREDIT,India-Pune
T001562,C-1137,2026-06-30 17:06:32,2623.44,BR007,ATM_WITHDRAWAL,India-Bengaluru
T001563,C-1045,2026-06-30 17:08:52,4906.58,BR005,UPI_DEBIT,India-Delhi
T001564,C-1130,2026-06-30 18:13:10,14597.83,BR006,ATM_WITHDRAWAL,India-Pune
T001565,C-1299,2026-06-30 18:33:40,65494.85,BR004,NEFT_CREDIT,India-Bengaluru
T001566,C-1085,2026-06-30 18:51:35,30582.31,BR014,NEFT_CREDIT,India-Bengaluru
T001567,C-1096,2026-06-30 19:12:01,3378.85,BR016,UPI_DEBIT,India-Coimbatore
T001568,C-1260,2026-06-30 19:37:15,78753.08,BR007,NEFT_CREDIT,India-Coimbatore
T001569,C-1300,2026-06-30 20:03:33,124553.89,BR006,SALARY_CREDIT,India-Coimbatore
T001570,C-1208,2026-06-30 20:35:06,6022.48,BR020,CARD_PAYMENT,India-Chennai
T001571,C-1188,2026-06-30 20:41:32,84487.79,BR006,SALARY_CREDIT,India-Chennai
T001572,C-1231,2026-06-30 21:15:36,14364.48,BR008,CARD_PAYMENT,India-Pune
T001573,C-1194,2026-06-30 21:21:49,51915.85,BR002,SALARY_CREDIT,India-Kolkata
T001574,C-1195,2026-06-30 21:46:06,4708.38,BR007,UPI_DEBIT,India-Hyderabad
T001575,C-1135,2026-06-30 23:04:44,1959.50,BR012,UPI_DEBIT,India-Coimbatore
T001576,C-1117,2026-06-30 23:37:27,4291.42,BR009,UPI_DEBIT,India-Mumbai
T001577,C-1190,2026-07-01 00:21:03,2916.41,BR001,UPI_DEBIT,India-Chennai
T001578,C-1195,2026-07-01 00:24:31,17376.07,BR018,NEFT_CREDIT,India-Hyderabad
T001579,C-1099,2026-07-01 00:51:09,133974.50,BR002,SALARY_CREDIT,India-Hyderabad
T001580,C-1134,2026-07-01 02:54:43,822.41,BR006,UPI_DEBIT,India-Coimbatore
T001581,C-1179,2026-07-01 03:20:06,1848.58,BR004,CARD_PAYMENT,India-Bengaluru
T001582,C-1255,2026-07-01 03:26:22,33943.17,BR005,NEFT_CREDIT,India-Coimbatore
T001583,C-1164,2026-07-01 03:53:16,3769.60,BR010,UPI_DEBIT,India-Delhi
T001584,C-1182,2026-07-01 04:35:51,7553.00,BR013,CARD_PAYMENT,India-Hyderabad
T001585,C-1218,2026-07-01 04:37:54,1349.28,BR012,UPI_DEBIT,India-Kolkata
T001586,C-1104,2026-07-01 04:57:36,2408.74,BR010,UPI_DEBIT,India-Delhi
T001587,C-1293,2026-07-01 05:25:53,47692.62,BR007,NEFT_CREDIT,India-Pune
T001588,C-1252,2026-07-01 06:05:11,2307.00,BR013,UPI_DEBIT,India-Hyderabad
T001589,C-1213,2026-07-01 06:09:09,3269.96,BR018,UPI_DEBIT,India-Chennai
T001590,C-1249,2026-07-01 07:45:31,18930.31,BR019,ATM_WITHDRAWAL,India-Hyderabad
T001591,C-1066,2026-07-01 08:16:07,18889.84,BR017,ATM_WITHDRAWAL,India-Coimbatore
T001592,C-1147,2026-07-01 08:29:29,4926.65,BR018,UPI_DEBIT,India-Kolkata
T001593,C-1114,2026-07-01 08:51:00,1712.13,BR001,UPI_DEBIT,India-Mumbai
T001594,C-1191,2026-07-01 08:59:00,105024.38,BR007,SALARY_CREDIT,India-Mumbai
T001595,C-1281,2026-07-01 09:38:23,2685.78,BR006,UPI_DEBIT,India-Mumbai
T001596,C-1002,2026-07-01 10:00:00,85000.00,BR016,SALARY_CREDIT,India-Chennai
T001597,C-1259,2026-07-01 10:02:44,71432.08,BR014,NEFT_CREDIT,India-Kolkata
T001598,C-1060,2026-07-01 11:20:34,279.77,BR011,UPI_DEBIT,India-Pune
T001599,C-1152,2026-07-01 12:03:39,4000.80,BR010,UPI_DEBIT,India-Kolkata
T001600,C-1134,2026-07-01 12:11:46,4594.31,BR011,UPI_DEBIT,India-Bengaluru
T001601,C-1214,2026-07-01 12:14:43,29064.91,BR013,NEFT_CREDIT,India-Hyderabad
T001602,C-1264,2026-07-01 12:50:59,5600.40,BR002,CARD_PAYMENT,India-Bengaluru
T001603,C-1133,2026-07-01 12:59:06,4318.08,BR003,UPI_DEBIT,India-Hyderabad
T001604,C-1223,2026-07-01 13:07:04,597.50,BR008,UPI_DEBIT,India-Chennai
T001605,C-1219,2026-07-01 14:24:49,2642.31,BR017,UPI_DEBIT,India-Kolkata
T001606,C-1199,2026-07-01 15:00:08,2692.75,BR001,UPI_DEBIT,India-Mumbai
T001607,C-1278,2026-07-01 15:28:48,3933.59,BR012,UPI_DEBIT,India-Kolkata
T001608,C-1137,2026-07-01 15:51:21,42491.85,BR010,NEFT_CREDIT,India-Kolkata
T001609,C-1081,2026-07-01 15:55:39,2684.36,BR017,UPI_DEBIT,India-Pune
T001610,C-1227,2026-07-01 16:43:47,2238.60,BR020,UPI_DEBIT,India-Coimbatore
T001611,C-1090,2026-07-01 16:45:11,10979.79,BR004,CARD_PAYMENT,India-Pune
T001612,C-1246,2026-07-01 16:49:12,828.55,BR002,UPI_DEBIT,India-Delhi
T001613,C-1079,2026-07-01 16:58:30,4136.35,BR017,UPI_DEBIT,India-Mumbai
T001614,C-1234,2026-07-01 17:20:35,17451.26,BR003,CARD_PAYMENT,India-Pune
T001615,C-1060,2026-07-01 17:22:17,84884.20,BR010,SALARY_CREDIT,India-Hyderabad
T001616,C-1155,2026-07-01 17:54:09,3463.39,BR015,CARD_PAYMENT,India-Bengaluru
T001617,C-1201,2026-07-01 18:38:16,4004.01,BR019,UPI_DEBIT,India-Kolkata
T001618,C-1068,2026-07-01 18:40:19,11410.18,BR016,ATM_WITHDRAWAL,India-Pune
T001619,C-1179,2026-07-01 19:51:10,19441.60,BR013,ATM_WITHDRAWAL,India-Hyderabad
T001620,C-1154,2026-07-01 21:52:57,1202.61,BR011,CARD_PAYMENT,India-Delhi
T001621,C-1169,2026-07-01 22:14:47,4328.09,BR014,UPI_DEBIT,India-Chennai
T001622,C-1193,2026-07-01 22:37:27,639.77,BR007,UPI_DEBIT,India-Chennai
T001623,C-1183,2026-07-01 22:44:34,11023.76,BR016,CARD_PAYMENT,India-Pune
T001624,C-1215,2026-07-01 22:48:35,26737.83,BR008,SALARY_CREDIT,India-Delhi
T001625,C-1290,2026-07-01 23:01:49,12207.27,BR017,NEFT_CREDIT,India-Pune
T001626,C-1165,2026-07-01 23:22:08,3518.94,BR007,UPI_DEBIT,India-Bengaluru
T001627,C-1048,2026-07-01 23:50:41,17624.77,BR018,CARD_PAYMENT,India-Delhi
T001628,C-1277,2026-07-02 00:22:47,3361.59,BR020,UPI_DEBIT,India-Pune
T001629,C-1109,2026-07-02 00:32:19,13894.86,BR019,NEFT_CREDIT,India-Bengaluru
T001630,C-1075,2026-07-02 00:43:59,2589.24,BR019,UPI_DEBIT,India-Mumbai
T001631,C-1131,2026-07-02 01:42:01,15205.50,BR014,NEFT_CREDIT,India-Mumbai
T001632,C-1260,2026-07-02 02:43:44,11896.66,BR008,ATM_WITHDRAWAL,India-Kolkata
T001633,C-1077,2026-07-02 04:05:38,22549.84,BR016,NEFT_CREDIT,India-Coimbatore
T001634,C-1094,2026-07-02 04:27:40,340.14,BR006,UPI_DEBIT,India-Hyderabad
T001635,C-1140,2026-07-02 04:30:13,4651.38,BR003,UPI_DEBIT,India-Coimbatore
T001636,C-1198,2026-07-02 04:47:37,2683.96,BR008,UPI_DEBIT,India-Chennai
T001637,C-1106,2026-07-02 04:50:55,4046.40,BR010,UPI_DEBIT,India-Mumbai
T001638,C-1071,2026-07-02 05:20:50,4423.54,BR008,UPI_DEBIT,India-Kolkata
T001639,C-1188,2026-07-02 06:53:37,1975.35,BR012,UPI_DEBIT,India-Delhi
T001640,C-1180,2026-07-02 06:53:57,67114.97,BR006,NEFT_CREDIT,India-Delhi
T001641,C-1247,2026-07-02 07:36:24,11731.76,BR001,CARD_PAYMENT,India-Hyderabad
T001642,C-1205,2026-07-02 08:20:38,16669.80,BR001,CARD_PAYMENT,India-Bengaluru
T001643,C-1249,2026-07-02 09:12:47,39665.07,BR015,SALARY_CREDIT,India-Bengaluru
T001644,C-1077,2026-07-02 10:28:58,3852.37,BR006,UPI_DEBIT,India-Mumbai
T001645,C-1260,2026-07-02 10:36:54,62090.04,BR009,NEFT_CREDIT,India-Pune
T001646,C-1186,2026-07-02 11:39:09,60233.29,BR005,NEFT_CREDIT,India-Pune
T001647,C-1185,2026-07-02 12:07:52,46305.52,BR011,NEFT_CREDIT,India-Kolkata
T001648,C-1288,2026-07-02 12:34:40,15478.38,BR003,ATM_WITHDRAWAL,India-Pune
T001649,C-1284,2026-07-02 12:54:12,2189.15,BR004,UPI_DEBIT,India-Pune
T001650,C-1283,2026-07-02 13:37:53,1649.38,BR004,CARD_PAYMENT,India-Hyderabad
T001651,C-1116,2026-07-02 14:39:58,4906.96,BR017,UPI_DEBIT,India-Coimbatore
T001652,C-1156,2026-07-02 15:01:14,3214.65,BR014,UPI_DEBIT,India-Bengaluru
T001653,C-1058,2026-07-02 15:05:53,4794.87,BR010,UPI_DEBIT,India-Pune
T001654,C-1263,2026-07-02 15:25:24,4964.46,BR016,UPI_DEBIT,India-Delhi
T001655,C-1272,2026-07-02 15:49:23,10171.73,BR010,ATM_WITHDRAWAL,India-Chennai
T001656,C-1152,2026-07-02 16:13:08,4327.71,BR002,UPI_DEBIT,India-Kolkata
T001657,C-1285,2026-07-02 16:18:36,10929.32,BR012,ATM_WITHDRAWAL,India-Mumbai
T001658,C-1276,2026-07-02 16:58:53,1455.91,BR014,UPI_DEBIT,India-Coimbatore
T001659,C-1040,2026-07-02 17:19:49,17464.16,BR020,CARD_PAYMENT,India-Bengaluru
T001660,C-1135,2026-07-02 18:08:48,40903.36,BR008,NEFT_CREDIT,India-Mumbai
T001661,C-1287,2026-07-02 18:10:45,6706.60,BR018,NEFT_CREDIT,India-Bengaluru
T001662,C-1203,2026-07-02 18:54:21,7071.71,BR020,ATM_WITHDRAWAL,India-Coimbatore
T001663,C-1286,2026-07-02 19:03:24,11800.43,BR019,ATM_WITHDRAWAL,India-Bengaluru
T001664,C-1114,2026-07-02 19:30:09,79544.36,BR006,NEFT_CREDIT,India-Delhi
T001665,C-1220,2026-07-02 20:02:51,1464.12,BR003,UPI_DEBIT,India-Hyderabad
T001666,C-1286,2026-07-02 20:09:46,3392.05,BR012,CARD_PAYMENT,India-Kolkata
T001667,C-1290,2026-07-02 20:27:19,57927.66,BR019,SALARY_CREDIT,India-Kolkata
T001668,C-1170,2026-07-02 21:31:54,558.20,BR003,UPI_DEBIT,India-Chennai
T001669,C-1092,2026-07-02 22:39:03,34885.06,BR004,SALARY_CREDIT,India-Chennai
T001670,C-1291,2026-07-02 23:01:02,53308.48,BR017,SALARY_CREDIT,India-Mumbai
T001671,C-1223,2026-07-02 23:09:31,125571.73,BR013,SALARY_CREDIT,India-Hyderabad
T001672,C-1114,2026-07-02 23:26:52,1028.76,BR003,UPI_DEBIT,India-Bengaluru
T001673,C-1268,2026-07-02 23:39:19,90228.60,BR019,SALARY_CREDIT,India-Coimbatore
T001674,C-1136,2026-07-03 00:07:03,2357.98,BR002,UPI_DEBIT,India-Bengaluru
T001675,C-1053,2026-07-03 01:22:40,14442.37,BR002,CARD_PAYMENT,India-Pune
T001676,C-1263,2026-07-03 01:23:23,37442.46,BR007,NEFT_CREDIT,India-Mumbai
T001677,C-1192,2026-07-03 01:39:00,29808.32,BR009,NEFT_CREDIT,India-Delhi
T001678,C-1267,2026-07-03 02:27:20,60491.91,BR007,NEFT_CREDIT,India-Hyderabad
T001679,C-1131,2026-07-03 02:37:24,4583.19,BR006,UPI_DEBIT,India-Bengaluru
T001680,C-1005,2026-07-03 02:48:35,2238.73,BR017,UPI_DEBIT,India-Hyderabad
T001681,C-1070,2026-07-03 04:02:43,8560.35,BR015,NEFT_CREDIT,India-Hyderabad
T001682,C-1111,2026-07-03 04:10:23,13390.13,BR001,CARD_PAYMENT,India-Chennai
T001683,C-1174,2026-07-03 04:20:41,11573.75,BR017,CARD_PAYMENT,India-Pune
T001684,C-1261,2026-07-03 04:30:23,1143.20,BR001,UPI_DEBIT,India-Delhi
T001685,C-1098,2026-07-03 04:44:17,6075.42,BR013,CARD_PAYMENT,India-Chennai
T001686,C-1283,2026-07-03 04:59:06,31012.24,BR007,NEFT_CREDIT,India-Mumbai
T001687,C-1161,2026-07-03 05:07:28,2445.18,BR005,UPI_DEBIT,India-Kolkata
T001688,C-1256,2026-07-03 05:13:41,4612.75,BR013,UPI_DEBIT,India-Delhi
T001689,C-1118,2026-07-03 06:29:14,9499.46,BR001,CARD_PAYMENT,India-Chennai
T001690,C-1165,2026-07-03 06:47:48,4989.61,BR008,UPI_DEBIT,India-Kolkata
T001691,C-1118,2026-07-03 07:20:03,4738.58,BR005,UPI_DEBIT,India-Coimbatore
T001692,C-1215,2026-07-03 07:20:33,814.30,BR011,CARD_PAYMENT,India-Mumbai
T001693,C-1223,2026-07-03 07:27:46,3971.77,BR010,UPI_DEBIT,India-Pune
T001694,C-1277,2026-07-03 08:35:53,13018.61,BR003,NEFT_CREDIT,India-Kolkata
T001695,C-1180,2026-07-03 09:00:12,92010.57,BR014,SALARY_CREDIT,India-Delhi
T001696,C-1144,2026-07-03 09:21:13,18498.60,BR016,CARD_PAYMENT,India-Chennai
T001697,C-1228,2026-07-03 09:29:21,1669.69,BR018,UPI_DEBIT,India-Coimbatore
T001698,C-1005,2026-07-03 11:11:53,2687.27,BR013,UPI_DEBIT,India-Kolkata
T001699,C-1224,2026-07-03 11:50:10,876.78,BR002,UPI_DEBIT,India-Delhi
T001700,C-1198,2026-07-03 12:28:05,46952.04,BR009,NEFT_CREDIT,India-Coimbatore
T001701,C-1192,2026-07-03 12:57:10,68029.90,BR012,SALARY_CREDIT,India-Kolkata
T001702,C-1233,2026-07-03 13:01:33,772.08,BR016,UPI_DEBIT,India-Mumbai
T001703,C-1218,2026-07-03 13:27:28,1808.00,BR007,UPI_DEBIT,India-Delhi
T001704,C-1178,2026-07-03 13:45:53,3634.83,BR001,UPI_DEBIT,India-Bengaluru
T001705,C-1251,2026-07-03 15:00:41,3189.44,BR020,CARD_PAYMENT,India-Chennai
T001706,C-1172,2026-07-03 15:28:34,45801.76,BR001,SALARY_CREDIT,India-Pune
T001707,C-1288,2026-07-03 15:58:53,4175.36,BR004,UPI_DEBIT,India-Kolkata
T001708,C-1103,2026-07-03 16:01:29,1085.93,BR010,UPI_DEBIT,India-Mumbai
T001709,C-1089,2026-07-03 16:19:44,12006.30,BR001,ATM_WITHDRAWAL,India-Delhi
T001710,C-1058,2026-07-03 16:24:44,79331.54,BR015,SALARY_CREDIT,India-Delhi
T001711,C-1084,2026-07-03 16:29:59,10676.60,BR016,CARD_PAYMENT,India-Pune
T001712,C-1296,2026-07-03 16:47:48,11237.59,BR007,CARD_PAYMENT,India-Hyderabad
T001713,C-1257,2026-07-03 17:00:37,13828.42,BR015,ATM_WITHDRAWAL,India-Chennai
T001714,C-1121,2026-07-03 17:05:39,60040.59,BR005,NEFT_CREDIT,India-Hyderabad
T001715,C-1099,2026-07-03 18:09:20,5791.35,BR010,CARD_PAYMENT,India-Pune
T001716,C-1223,2026-07-03 19:09:25,126727.05,BR018,SALARY_CREDIT,India-Bengaluru
T001717,C-1077,2026-07-03 21:21:39,3896.32,BR017,UPI_DEBIT,India-Kolkata
T001718,C-1227,2026-07-03 21:36:13,14252.12,BR002,ATM_WITHDRAWAL,India-Kolkata
T001719,C-1252,2026-07-03 21:37:28,723.91,BR012,CARD_PAYMENT,India-Pune
T001720,C-1082,2026-07-03 21:37:50,3295.64,BR012,UPI_DEBIT,India-Chennai
T001721,C-1105,2026-07-03 22:22:13,53534.55,BR018,NEFT_CREDIT,India-Chennai
T001722,C-1289,2026-07-03 23:00:18,39380.02,BR009,SALARY_CREDIT,India-Bengaluru
T001723,C-1102,2026-07-03 23:04:36,60019.43,BR016,SALARY_CREDIT,India-Kolkata
T001724,C-1139,2026-07-03 23:42:51,5892.66,BR007,CARD_PAYMENT,India-Hyderabad
T001725,C-1242,2026-07-04 00:01:03,317.12,BR004,UPI_DEBIT,India-Coimbatore
T001726,C-1046,2026-07-04 00:02:57,766.98,BR005,UPI_DEBIT,India-Chennai
T001727,C-1151,2026-07-04 00:27:38,2292.81,BR018,UPI_DEBIT,India-Kolkata
T001728,C-1124,2026-07-04 00:35:07,1918.38,BR004,UPI_DEBIT,India-Kolkata
T001729,C-1100,2026-07-04 00:40:58,1657.45,BR018,UPI_DEBIT,India-Delhi
T001730,C-1133,2026-07-04 00:59:49,65467.78,BR017,NEFT_CREDIT,India-Pune
T001731,C-1264,2026-07-04 01:23:33,3387.39,BR006,UPI_DEBIT,India-Pune
T001732,C-1044,2026-07-04 01:40:17,70565.49,BR004,SALARY_CREDIT,India-Hyderabad
T001733,C-1234,2026-07-04 02:01:12,2748.89,BR016,UPI_DEBIT,India-Coimbatore
T001734,C-1274,2026-07-04 02:07:51,3131.39,BR007,UPI_DEBIT,India-Mumbai
T001735,C-1196,2026-07-04 02:40:35,2021.65,BR012,UPI_DEBIT,India-Kolkata
T001736,C-1144,2026-07-04 02:54:49,77828.02,BR012,SALARY_CREDIT,India-Chennai
T001737,C-1294,2026-07-04 02:55:41,1925.91,BR008,UPI_DEBIT,India-Coimbatore
T001738,C-1217,2026-07-04 03:17:18,16086.26,BR003,CARD_PAYMENT,India-Delhi
T001739,C-1203,2026-07-04 03:29:28,3331.63,BR017,UPI_DEBIT,India-Chennai
T001740,C-1009,2026-07-04 03:36:59,5320.78,BR008,CARD_PAYMENT,India-Coimbatore
T001741,C-1143,2026-07-04 03:57:06,1009.89,BR006,UPI_DEBIT,India-Coimbatore
T001742,C-1115,2026-07-04 04:02:43,67931.75,BR006,NEFT_CREDIT,India-Pune
T001743,C-1059,2026-07-04 04:28:46,118649.20,BR001,SALARY_CREDIT,India-Bengaluru
T001744,C-1296,2026-07-04 05:28:26,2391.43,BR020,UPI_DEBIT,India-Chennai
T001745,C-1098,2026-07-04 05:49:05,15389.48,BR011,CARD_PAYMENT,India-Pune
T001746,C-1189,2026-07-04 06:55:55,12923.58,BR004,CARD_PAYMENT,India-Coimbatore
T001747,C-1059,2026-07-04 07:15:48,135024.16,BR009,SALARY_CREDIT,India-Delhi
T001748,C-1229,2026-07-04 08:14:23,2447.24,BR007,UPI_DEBIT,India-Hyderabad
T001749,C-1196,2026-07-04 08:41:56,18141.84,BR012,CARD_PAYMENT,India-Hyderabad
T001750,C-1049,2026-07-04 09:32:04,37234.21,BR006,NEFT_CREDIT,India-Coimbatore
T001751,C-1107,2026-07-04 10:38:53,17441.89,BR004,ATM_WITHDRAWAL,India-Mumbai
T001752,C-1076,2026-07-04 11:24:59,123747.04,BR003,SALARY_CREDIT,India-Mumbai
T001753,C-1142,2026-07-04 12:13:09,15250.87,BR018,CARD_PAYMENT,India-Pune
T001754,C-1209,2026-07-04 12:13:47,12228.53,BR002,ATM_WITHDRAWAL,India-Chennai
T001755,C-1084,2026-07-04 12:30:49,135964.26,BR011,SALARY_CREDIT,India-Mumbai
T001756,C-1282,2026-07-04 13:15:58,4612.61,BR007,UPI_DEBIT,India-Hyderabad
T001757,C-1234,2026-07-04 14:42:42,2372.14,BR005,UPI_DEBIT,India-Mumbai
T001758,C-1186,2026-07-04 14:46:47,7323.73,BR010,CARD_PAYMENT,India-Coimbatore
T001759,C-1261,2026-07-04 15:12:58,31948.08,BR008,NEFT_CREDIT,India-Kolkata
T001760,C-1148,2026-07-04 16:01:41,125173.63,BR018,SALARY_CREDIT,India-Pune
T001761,C-1053,2026-07-04 16:45:40,3479.20,BR004,CARD_PAYMENT,India-Hyderabad
T001762,C-1201,2026-07-04 16:45:53,14554.45,BR011,CARD_PAYMENT,India-Chennai
T001763,C-1192,2026-07-04 17:17:54,3158.63,BR016,UPI_DEBIT,India-Chennai
T001764,C-1175,2026-07-04 17:25:39,118577.92,BR005,SALARY_CREDIT,India-Kolkata
T001765,C-1271,2026-07-04 18:30:16,17153.80,BR014,NEFT_CREDIT,India-Mumbai
T001766,C-1111,2026-07-04 19:21:15,3052.84,BR002,UPI_DEBIT,India-Hyderabad
T001767,C-1188,2026-07-04 21:30:20,233.13,BR001,UPI_DEBIT,India-Coimbatore
T001768,C-1097,2026-07-04 21:52:28,9915.53,BR001,NEFT_CREDIT,India-Bengaluru
T001769,C-1140,2026-07-04 22:28:02,2626.43,BR020,ATM_WITHDRAWAL,India-Delhi
T001770,C-1091,2026-07-04 22:42:20,4515.99,BR020,UPI_DEBIT,India-Pune
T001771,C-1214,2026-07-04 23:13:30,7367.61,BR005,CARD_PAYMENT,India-Chennai
T001772,C-1220,2026-07-04 23:40:12,2699.03,BR001,UPI_DEBIT,India-Pune
T001773,C-1203,2026-07-04 23:43:13,6860.99,BR017,ATM_WITHDRAWAL,India-Coimbatore
T001774,C-1043,2026-07-05 00:09:19,10865.52,BR018,NEFT_CREDIT,India-Delhi
T001775,C-1208,2026-07-05 00:24:50,9085.15,BR008,CARD_PAYMENT,India-Pune
T001776,C-1120,2026-07-05 00:46:28,794.33,BR007,UPI_DEBIT,India-Kolkata
T001777,C-1253,2026-07-05 00:52:26,12822.86,BR003,CARD_PAYMENT,India-Coimbatore
T001778,C-1167,2026-07-05 01:05:18,1236.57,BR008,UPI_DEBIT,India-Coimbatore
T001779,C-1210,2026-07-05 01:16:10,38089.37,BR006,NEFT_CREDIT,India-Kolkata
T001780,C-1091,2026-07-05 01:26:54,722.04,BR006,UPI_DEBIT,India-Mumbai
T001781,C-1114,2026-07-05 01:42:54,4147.56,BR006,UPI_DEBIT,India-Chennai
T001782,C-1088,2026-07-05 02:06:52,4313.11,BR002,UPI_DEBIT,India-Chennai
T001783,C-1137,2026-07-05 02:57:18,23635.46,BR003,NEFT_CREDIT,India-Kolkata
T001784,C-1163,2026-07-05 03:03:22,4144.84,BR018,UPI_DEBIT,India-Chennai
T001785,C-1152,2026-07-05 03:04:20,2937.49,BR010,UPI_DEBIT,India-Hyderabad
T001786,C-1125,2026-07-05 03:26:44,634.79,BR009,UPI_DEBIT,India-Hyderabad
T001787,C-1073,2026-07-05 03:42:06,16925.87,BR018,CARD_PAYMENT,India-Kolkata
T001788,C-1128,2026-07-05 03:54:11,19617.24,BR017,NEFT_CREDIT,India-Mumbai
T001789,C-1091,2026-07-05 04:30:03,3607.98,BR002,UPI_DEBIT,India-Hyderabad
T001790,C-1075,2026-07-05 05:15:13,19385.69,BR013,CARD_PAYMENT,India-Coimbatore
T001791,C-1071,2026-07-05 05:18:30,1622.45,BR012,UPI_DEBIT,India-Kolkata
T001792,C-1127,2026-07-05 05:25:38,1794.56,BR016,UPI_DEBIT,India-Kolkata
T001793,C-1276,2026-07-05 05:58:15,2253.15,BR001,UPI_DEBIT,India-Kolkata
T001794,C-1088,2026-07-05 07:17:04,6303.51,BR013,ATM_WITHDRAWAL,India-Mumbai
T001795,C-1183,2026-07-05 07:28:42,17568.33,BR007,CARD_PAYMENT,India-Pune
T001796,C-1175,2026-07-05 07:31:21,2231.17,BR002,UPI_DEBIT,India-Kolkata
T001797,C-1119,2026-07-05 07:39:29,4411.30,BR014,CARD_PAYMENT,India-Delhi
T001798,C-1224,2026-07-05 07:52:31,104391.53,BR010,SALARY_CREDIT,India-Hyderabad
T001799,C-1163,2026-07-05 07:56:53,4787.21,BR010,UPI_DEBIT,India-Coimbatore
T001800,C-1124,2026-07-05 08:48:28,121156.95,BR010,SALARY_CREDIT,India-Kolkata
T001801,C-1107,2026-07-05 09:18:12,15894.96,BR017,CARD_PAYMENT,India-Mumbai
T001802,C-1062,2026-07-05 09:39:16,59452.97,BR004,NEFT_CREDIT,India-Coimbatore
T001803,C-1086,2026-07-05 10:04:24,2279.12,BR008,UPI_DEBIT,India-Chennai
T001804,C-1121,2026-07-05 10:32:50,18407.07,BR005,CARD_PAYMENT,India-Pune
T001805,C-1113,2026-07-05 10:35:53,12809.90,BR007,CARD_PAYMENT,India-Coimbatore
T001806,C-1218,2026-07-05 11:08:35,74566.79,BR003,SALARY_CREDIT,India-Pune
T001807,C-1218,2026-07-05 11:20:59,1399.18,BR002,UPI_DEBIT,India-Delhi
T001808,C-1273,2026-07-05 12:19:22,4861.89,BR017,UPI_DEBIT,India-Mumbai
T001809,C-1068,2026-07-05 12:35:07,143026.29,BR018,SALARY_CREDIT,India-Coimbatore
T001810,C-1172,2026-07-05 13:10:16,16618.97,BR002,NEFT_CREDIT,India-Hyderabad
T001811,C-1279,2026-07-05 13:11:16,4957.16,BR016,UPI_DEBIT,India-Pune
T001812,C-1209,2026-07-05 13:47:35,3963.39,BR012,UPI_DEBIT,India-Kolkata
T001813,C-1179,2026-07-05 13:50:24,9987.07,BR017,CARD_PAYMENT,India-Chennai
T001814,C-1296,2026-07-05 14:05:35,2252.84,BR012,UPI_DEBIT,India-Kolkata
T001815,C-1147,2026-07-05 14:35:00,9489.63,BR006,CARD_PAYMENT,India-Mumbai
T001816,C-1118,2026-07-05 15:23:37,521.52,BR006,UPI_DEBIT,India-Mumbai
T001817,C-1188,2026-07-05 15:41:54,143876.69,BR004,SALARY_CREDIT,India-Delhi
T001818,C-1222,2026-07-05 15:52:38,3160.16,BR010,UPI_DEBIT,India-Bengaluru
T001819,C-1148,2026-07-05 15:54:23,5141.46,BR010,CARD_PAYMENT,India-Pune
T001820,C-1281,2026-07-05 16:36:02,12924.54,BR004,CARD_PAYMENT,India-Delhi
T001821,C-1146,2026-07-05 16:42:52,4826.87,BR010,CARD_PAYMENT,India-Kolkata
T001822,C-1228,2026-07-05 16:51:26,38830.22,BR003,NEFT_CREDIT,India-Mumbai
T001823,C-1095,2026-07-05 17:54:17,4476.81,BR012,UPI_DEBIT,India-Bengaluru
T001824,C-1193,2026-07-05 18:05:53,19885.20,BR018,CARD_PAYMENT,India-Chennai
T001825,C-1149,2026-07-05 18:19:57,6204.35,BR010,CARD_PAYMENT,India-Hyderabad
T001826,C-1196,2026-07-05 19:27:24,57108.03,BR016,SALARY_CREDIT,India-Delhi
T001827,C-1185,2026-07-05 19:29:04,1924.66,BR013,UPI_DEBIT,India-Mumbai
T001828,C-1260,2026-07-05 19:39:50,2033.69,BR001,UPI_DEBIT,India-Delhi
T001829,C-1225,2026-07-05 19:57:04,7119.47,BR008,ATM_WITHDRAWAL,India-Hyderabad
T001830,C-1092,2026-07-05 20:38:52,149532.50,BR006,SALARY_CREDIT,India-Hyderabad
T001831,C-1217,2026-07-05 20:46:43,21108.89,BR009,NEFT_CREDIT,India-Kolkata
T001832,C-1093,2026-07-05 20:47:05,77731.54,BR006,NEFT_CREDIT,India-Mumbai
T001833,C-1125,2026-07-05 21:14:44,3353.64,BR008,UPI_DEBIT,India-Delhi
T001834,C-1067,2026-07-05 21:46:36,4435.43,BR016,UPI_DEBIT,India-Chennai
T001835,C-1281,2026-07-05 21:48:07,37611.74,BR005,SALARY_CREDIT,India-Bengaluru
T001836,C-1270,2026-07-05 22:41:27,117064.68,BR009,SALARY_CREDIT,India-Mumbai
T001837,C-1058,2026-07-05 23:02:56,5359.01,BR008,ATM_WITHDRAWAL,India-Coimbatore
T001838,C-1068,2026-07-05 23:08:07,4772.43,BR016,UPI_DEBIT,India-Kolkata
T001839,C-1245,2026-07-06 00:31:17,40362.02,BR017,SALARY_CREDIT,India-Chennai
T001840,C-1244,2026-07-06 01:17:24,60781.85,BR002,NEFT_CREDIT,India-Delhi
T001841,C-1127,2026-07-06 01:18:19,36039.56,BR012,NEFT_CREDIT,India-Coimbatore
T001842,C-1163,2026-07-06 01:34:40,2327.46,BR019,UPI_DEBIT,India-Chennai
T001843,C-1161,2026-07-06 01:46:44,16383.87,BR014,CARD_PAYMENT,India-Chennai
T001844,C-1287,2026-07-06 02:25:56,1442.83,BR011,UPI_DEBIT,India-Bengaluru
T001845,C-1153,2026-07-06 02:35:52,2392.43,BR010,UPI_DEBIT,India-Delhi
T001846,C-1110,2026-07-06 03:06:15,5092.99,BR006,CARD_PAYMENT,India-Kolkata
T001847,C-1121,2026-07-06 03:32:25,2324.00,BR009,UPI_DEBIT,India-Pune
T001848,C-1119,2026-07-06 03:52:26,2649.27,BR006,UPI_DEBIT,India-Chennai
T001849,C-1146,2026-07-06 04:15:53,8913.92,BR001,ATM_WITHDRAWAL,India-Mumbai
T001850,C-1007,2026-07-06 04:32:43,127727.33,BR016,SALARY_CREDIT,India-Chennai
T001851,C-1247,2026-07-06 04:40:05,64589.58,BR016,SALARY_CREDIT,India-Mumbai
T001852,C-1194,2026-07-06 05:20:29,12366.23,BR004,CARD_PAYMENT,India-Hyderabad
T001853,C-1176,2026-07-06 06:36:33,440.73,BR008,UPI_DEBIT,India-Hyderabad
T001854,C-1279,2026-07-06 06:53:11,3955.11,BR005,UPI_DEBIT,India-Delhi
T001855,C-1099,2026-07-06 07:09:49,748.89,BR011,UPI_DEBIT,India-Pune
T001856,C-1197,2026-07-06 07:12:01,9782.02,BR014,CARD_PAYMENT,India-Delhi
T001857,C-1173,2026-07-06 08:01:04,63323.20,BR006,NEFT_CREDIT,India-Chennai
T001858,C-1151,2026-07-06 08:12:48,3753.28,BR014,UPI_DEBIT,India-Bengaluru
T001859,C-1063,2026-07-06 08:17:01,13001.21,BR019,CARD_PAYMENT,India-Delhi
T001860,C-1234,2026-07-06 09:11:07,491.28,BR008,UPI_DEBIT,India-Pune
T001861,C-1090,2026-07-06 09:29:29,1969.00,BR006,UPI_DEBIT,India-Delhi
T001862,C-1238,2026-07-06 11:09:29,1347.73,BR003,UPI_DEBIT,India-Hyderabad
T001863,C-1226,2026-07-06 11:20:06,1196.84,BR010,UPI_DEBIT,India-Kolkata
T001864,C-1190,2026-07-06 11:24:44,7398.71,BR014,CARD_PAYMENT,India-Chennai
T001865,C-1156,2026-07-06 12:12:19,10755.41,BR003,CARD_PAYMENT,India-Coimbatore
T001866,C-1050,2026-07-06 12:14:25,2115.09,BR008,UPI_DEBIT,India-Pune
T001867,C-1008,2026-07-06 12:35:31,4673.60,BR003,UPI_DEBIT,India-Kolkata
T001868,C-1223,2026-07-06 13:19:58,16373.09,BR009,CARD_PAYMENT,India-Kolkata
T001869,C-1098,2026-07-06 13:27:18,68302.61,BR014,SALARY_CREDIT,India-Chennai
T001870,C-1107,2026-07-06 14:21:26,71194.46,BR020,NEFT_CREDIT,India-Mumbai
T001871,C-1064,2026-07-06 14:33:57,18595.67,BR013,CARD_PAYMENT,India-Delhi
T001872,C-1248,2026-07-06 14:34:42,1288.19,BR018,UPI_DEBIT,India-Mumbai
T001873,C-1257,2026-07-06 14:39:07,4134.48,BR001,UPI_DEBIT,India-Mumbai
T001874,C-1006,2026-07-06 15:16:46,2307.91,BR018,CARD_PAYMENT,India-Bengaluru
T001875,C-1240,2026-07-06 16:11:24,130331.07,BR018,SALARY_CREDIT,India-Coimbatore
T001876,C-1288,2026-07-06 16:49:54,2244.80,BR002,UPI_DEBIT,India-Pune
T001877,C-1063,2026-07-06 17:03:08,2838.96,BR019,CARD_PAYMENT,India-Delhi
T001878,C-1222,2026-07-06 17:14:41,9995.78,BR016,NEFT_CREDIT,India-Bengaluru
T001879,C-1286,2026-07-06 17:36:05,40960.61,BR006,SALARY_CREDIT,India-Bengaluru
T001880,C-1075,2026-07-06 20:28:55,1415.50,BR020,UPI_DEBIT,India-Bengaluru
T001881,C-1007,2026-07-06 20:43:34,1812.04,BR019,UPI_DEBIT,India-Chennai
T001882,C-1207,2026-07-06 21:19:24,31267.95,BR015,NEFT_CREDIT,India-Hyderabad
T001883,C-1075,2026-07-06 21:45:34,14805.38,BR004,ATM_WITHDRAWAL,India-Chennai
T001884,C-1105,2026-07-06 22:51:32,8036.96,BR010,CARD_PAYMENT,India-Coimbatore
T001885,C-1193,2026-07-06 23:27:21,14436.04,BR014,CARD_PAYMENT,India-Mumbai
T001886,C-1233,2026-07-06 23:35:45,12273.59,BR015,CARD_PAYMENT,India-Hyderabad
T001887,C-1044,2026-07-06 23:59:13,11058.57,BR011,CARD_PAYMENT,India-Mumbai
T001888,C-1123,2026-07-07 00:08:24,12921.28,BR009,CARD_PAYMENT,India-Hyderabad
T001889,C-1231,2026-07-07 01:00:43,4019.31,BR008,UPI_DEBIT,India-Bengaluru
T001890,C-1217,2026-07-07 01:25:34,17419.63,BR004,CARD_PAYMENT,India-Chennai
T001891,C-1134,2026-07-07 01:33:25,17710.94,BR009,ATM_WITHDRAWAL,India-Delhi
T001892,C-1055,2026-07-07 01:52:40,3487.40,BR002,UPI_DEBIT,India-Pune
T001893,C-1225,2026-07-07 02:05:10,3791.81,BR009,UPI_DEBIT,India-Pune
T001894,C-1070,2026-07-07 02:16:22,9722.01,BR001,ATM_WITHDRAWAL,India-Mumbai
T001895,C-1288,2026-07-07 03:03:58,13681.10,BR014,ATM_WITHDRAWAL,India-Mumbai
T001896,C-1186,2026-07-07 03:08:03,2024.33,BR005,UPI_DEBIT,India-Chennai
T001897,C-1202,2026-07-07 03:41:45,577.73,BR020,UPI_DEBIT,India-Bengaluru
T001898,C-1199,2026-07-07 04:24:36,28782.86,BR001,SALARY_CREDIT,India-Pune
T001899,C-1141,2026-07-07 04:53:05,966.50,BR006,UPI_DEBIT,India-Hyderabad
T001900,C-1101,2026-07-07 05:05:34,897.84,BR013,UPI_DEBIT,India-Kolkata
T001901,C-1273,2026-07-07 05:12:11,2243.32,BR020,UPI_DEBIT,India-Chennai
T001902,C-1214,2026-07-07 05:26:52,6058.75,BR016,CARD_PAYMENT,India-Bengaluru
T001903,C-1231,2026-07-07 06:35:14,34286.28,BR014,NEFT_CREDIT,India-Pune
T001904,C-1275,2026-07-07 06:52:50,1504.07,BR004,CARD_PAYMENT,India-Kolkata
T001905,C-1221,2026-07-07 09:06:31,78764.32,BR016,NEFT_CREDIT,India-Coimbatore
T001906,C-1044,2026-07-07 09:23:07,5468.61,BR005,CARD_PAYMENT,India-Pune
T001907,C-1093,2026-07-07 09:27:53,27996.77,BR018,NEFT_CREDIT,India-Hyderabad
T001908,C-1166,2026-07-07 09:28:33,2152.95,BR015,UPI_DEBIT,India-Pune
T001909,C-1117,2026-07-07 09:41:30,59907.30,BR005,NEFT_CREDIT,India-Chennai
T001910,C-1075,2026-07-07 11:17:07,741.71,BR016,UPI_DEBIT,India-Delhi
T001911,C-1047,2026-07-07 11:35:30,60648.95,BR017,NEFT_CREDIT,India-Bengaluru
T001912,C-1258,2026-07-07 11:38:23,8762.74,BR013,NEFT_CREDIT,India-Coimbatore
T001913,C-1251,2026-07-07 12:23:10,2692.36,BR015,UPI_DEBIT,India-Chennai
T001914,C-1262,2026-07-07 12:32:05,988.96,BR016,UPI_DEBIT,India-Mumbai
T001915,C-1144,2026-07-07 13:18:14,10970.76,BR017,ATM_WITHDRAWAL,India-Kolkata
T001916,C-1127,2026-07-07 13:52:52,4264.61,BR005,UPI_DEBIT,India-Chennai
T001917,C-1163,2026-07-07 13:59:06,2157.79,BR007,UPI_DEBIT,India-Mumbai
T001918,C-1256,2026-07-07 15:38:38,6521.95,BR016,CARD_PAYMENT,India-Pune
T001919,C-1134,2026-07-07 15:51:00,1802.20,BR007,UPI_DEBIT,India-Delhi
T001920,C-1181,2026-07-07 16:36:53,32514.84,BR010,NEFT_CREDIT,India-Coimbatore
T001921,C-1267,2026-07-07 16:58:44,383.30,BR017,UPI_DEBIT,India-Coimbatore
T001922,C-1107,2026-07-07 17:19:32,2719.66,BR017,UPI_DEBIT,India-Chennai
T001923,C-1236,2026-07-07 17:39:28,5493.52,BR005,NEFT_CREDIT,India-Kolkata
T001924,C-1280,2026-07-07 17:42:10,93079.73,BR004,SALARY_CREDIT,India-Mumbai
T001925,C-1119,2026-07-07 18:31:25,48408.55,BR017,NEFT_CREDIT,India-Delhi
T001926,C-1052,2026-07-07 18:32:59,4046.74,BR002,UPI_DEBIT,India-Delhi
T001927,C-1267,2026-07-07 18:58:08,72558.47,BR017,SALARY_CREDIT,India-Bengaluru
T001928,C-1292,2026-07-07 19:41:05,94519.66,BR013,SALARY_CREDIT,India-Mumbai
T001929,C-1262,2026-07-07 20:32:46,1978.50,BR003,UPI_DEBIT,India-Chennai
T001930,C-1096,2026-07-07 20:37:06,58972.78,BR004,SALARY_CREDIT,India-Pune
T001931,C-1146,2026-07-07 21:07:50,2183.17,BR009,UPI_DEBIT,India-Chennai
T001932,C-1083,2026-07-07 21:08:26,106582.26,BR014,SALARY_CREDIT,India-Bengaluru
T001933,C-1130,2026-07-07 21:15:16,4983.57,BR016,UPI_DEBIT,India-Mumbai
T001934,C-1206,2026-07-07 21:54:38,3761.15,BR002,UPI_DEBIT,India-Delhi
T001935,C-1109,2026-07-07 22:39:14,2324.40,BR015,UPI_DEBIT,India-Mumbai
T001936,C-1262,2026-07-07 22:52:27,70153.61,BR015,SALARY_CREDIT,India-Hyderabad
T001937,C-1081,2026-07-08 00:54:05,5728.50,BR005,ATM_WITHDRAWAL,India-Bengaluru
T001938,C-1009,2026-07-08 01:56:09,3345.67,BR004,CARD_PAYMENT,India-Chennai
T001939,C-1293,2026-07-08 02:15:09,1429.23,BR014,UPI_DEBIT,India-Chennai
T001940,C-1225,2026-07-08 02:27:20,12493.54,BR011,CARD_PAYMENT,India-Mumbai
T001941,C-1085,2026-07-08 02:30:59,3283.33,BR012,UPI_DEBIT,India-Delhi
T001942,C-1215,2026-07-08 02:33:18,40077.72,BR018,SALARY_CREDIT,India-Mumbai
T001943,C-1225,2026-07-08 03:18:59,29935.62,BR019,NEFT_CREDIT,India-Delhi
T001944,C-1168,2026-07-08 03:28:14,16154.65,BR004,CARD_PAYMENT,India-Mumbai
T001945,C-1113,2026-07-08 04:58:29,76424.67,BR006,NEFT_CREDIT,India-Coimbatore
T001946,C-1098,2026-07-08 05:06:37,1606.26,BR011,UPI_DEBIT,India-Delhi
T001947,C-1128,2026-07-08 05:42:09,27453.06,BR006,NEFT_CREDIT,India-Delhi
T001948,C-1190,2026-07-08 06:01:13,1421.13,BR016,UPI_DEBIT,India-Coimbatore
T001949,C-1261,2026-07-08 06:21:48,69283.88,BR008,NEFT_CREDIT,India-Chennai
T001950,C-1256,2026-07-08 07:31:35,3903.01,BR003,UPI_DEBIT,India-Kolkata
T001951,C-1174,2026-07-08 09:41:17,17846.98,BR014,CARD_PAYMENT,India-Chennai
T001952,C-1137,2026-07-08 09:43:02,65165.30,BR012,SALARY_CREDIT,India-Mumbai
T001953,C-1276,2026-07-08 09:58:31,488.46,BR004,UPI_DEBIT,India-Hyderabad
T001954,C-1117,2026-07-08 10:22:49,18936.36,BR012,CARD_PAYMENT,India-Delhi
T001955,C-1196,2026-07-08 10:25:21,18855.60,BR006,ATM_WITHDRAWAL,India-Pune
T001956,C-1190,2026-07-08 10:53:25,4068.68,BR013,UPI_DEBIT,India-Mumbai
T001957,C-1147,2026-07-08 10:57:51,3413.91,BR005,CARD_PAYMENT,India-Delhi
T001958,C-1185,2026-07-08 11:05:49,2819.25,BR015,UPI_DEBIT,India-Delhi
T001959,C-1228,2026-07-08 11:09:59,4464.55,BR018,UPI_DEBIT,India-Kolkata
T001960,C-1195,2026-07-08 11:18:05,4749.57,BR010,CARD_PAYMENT,India-Pune
T001961,C-1272,2026-07-08 11:44:22,285.58,BR009,UPI_DEBIT,India-Chennai
T001962,C-1090,2026-07-08 12:38:54,3448.55,BR009,UPI_DEBIT,India-Coimbatore
T001963,C-1272,2026-07-08 12:39:19,4736.70,BR003,UPI_DEBIT,India-Kolkata
T001964,C-1255,2026-07-08 12:55:28,6206.36,BR004,CARD_PAYMENT,India-Delhi
T001965,C-1007,2026-07-08 13:01:06,987.22,BR004,UPI_DEBIT,India-Mumbai
T001966,C-1270,2026-07-08 13:17:04,10247.40,BR005,CARD_PAYMENT,India-Hyderabad
T001967,C-1193,2026-07-08 14:25:13,3926.57,BR015,UPI_DEBIT,India-Delhi
T001968,C-1256,2026-07-08 14:26:21,44789.87,BR015,SALARY_CREDIT,India-Delhi
T001969,C-1182,2026-07-08 15:40:32,10529.05,BR005,CARD_PAYMENT,India-Mumbai
T001970,C-1289,2026-07-08 16:21:33,4924.95,BR014,CARD_PAYMENT,India-Hyderabad
T001971,C-1117,2026-07-08 16:31:00,13583.25,BR016,ATM_WITHDRAWAL,India-Delhi
T001972,C-1174,2026-07-08 17:43:55,18895.64,BR012,CARD_PAYMENT,India-Delhi
T001973,C-1098,2026-07-08 18:04:16,5414.44,BR016,NEFT_CREDIT,India-Chennai
T001974,C-1294,2026-07-08 18:21:02,10394.96,BR007,ATM_WITHDRAWAL,India-Chennai
T001975,C-1098,2026-07-08 18:27:07,3588.54,BR014,UPI_DEBIT,India-Kolkata
T001976,C-1267,2026-07-08 19:16:16,7374.37,BR015,ATM_WITHDRAWAL,India-Chennai
T001977,C-1091,2026-07-08 20:31:14,2394.79,BR004,UPI_DEBIT,India-Pune
T001978,C-1086,2026-07-08 20:52:40,2326.92,BR003,UPI_DEBIT,India-Kolkata
T001979,C-1009,2026-07-08 21:36:45,2646.79,BR016,CARD_PAYMENT,India-Delhi
T001980,C-1073,2026-07-08 22:01:35,2385.26,BR006,UPI_DEBIT,India-Chennai
T001981,C-1223,2026-07-08 22:24:25,18401.95,BR014,CARD_PAYMENT,India-Delhi
T001982,C-1178,2026-07-08 22:41:09,16782.36,BR009,CARD_PAYMENT,India-Chennai
T001983,C-1087,2026-07-08 23:31:18,2390.94,BR002,UPI_DEBIT,India-Chennai
T001984,C-1202,2026-07-09 00:16:41,7382.46,BR007,ATM_WITHDRAWAL,India-Coimbatore
T001985,C-1040,2026-07-09 01:25:06,45162.49,BR010,SALARY_CREDIT,India-Hyderabad
T001986,C-1103,2026-07-09 02:11:27,1902.41,BR019,UPI_DEBIT,India-Delhi
T001987,C-1051,2026-07-09 02:35:28,1757.22,BR013,UPI_DEBIT,India-Pune
T001988,C-1262,2026-07-09 02:41:52,13211.29,BR011,NEFT_CREDIT,India-Chennai
T001989,C-1150,2026-07-09 02:45:33,19033.11,BR013,NEFT_CREDIT,India-Coimbatore
T001990,C-1233,2026-07-09 02:49:19,76157.16,BR004,NEFT_CREDIT,India-Bengaluru
T001991,C-1297,2026-07-09 02:49:52,7020.61,BR009,CARD_PAYMENT,India-Bengaluru
T001992,C-1139,2026-07-09 03:17:46,964.80,BR013,CARD_PAYMENT,India-Coimbatore
T001993,C-1299,2026-07-09 03:50:56,128484.40,BR011,SALARY_CREDIT,India-Bengaluru
T001994,C-1154,2026-07-09 04:10:56,44037.64,BR004,SALARY_CREDIT,India-Mumbai
T001995,C-1226,2026-07-09 04:50:46,64679.78,BR008,NEFT_CREDIT,India-Bengaluru
T001996,C-1155,2026-07-09 05:49:15,39852.41,BR018,SALARY_CREDIT,India-Coimbatore
T001997,C-1205,2026-07-09 05:51:10,8751.79,BR014,CARD_PAYMENT,India-Kolkata
T001998,C-1063,2026-07-09 06:13:33,3750.22,BR001,UPI_DEBIT,India-Delhi
T001999,C-1042,2026-07-09 06:37:22,17741.71,BR013,ATM_WITHDRAWAL,India-Chennai
T002000,C-1042,2026-07-09 07:06:52,3870.08,BR005,UPI_DEBIT,India-Bengaluru
T002001,C-1075,2026-07-09 07:29:38,1060.34,BR006,UPI_DEBIT,India-Delhi
T002002,C-1191,2026-07-09 07:43:31,48911.09,BR008,SALARY_CREDIT,India-Kolkata
T002003,C-1062,2026-07-09 07:52:46,17684.10,BR013,CARD_PAYMENT,India-Hyderabad
T002004,C-1266,2026-07-09 08:07:13,47540.61,BR006,SALARY_CREDIT,India-Chennai
T002005,C-1252,2026-07-09 08:45:19,5018.52,BR004,CARD_PAYMENT,India-Chennai
T002006,C-1087,2026-07-09 08:49:33,4334.28,BR002,UPI_DEBIT,India-Hyderabad
T002007,C-1266,2026-07-09 09:30:34,4051.22,BR005,UPI_DEBIT,India-Delhi
T002008,C-1238,2026-07-09 09:32:02,1771.84,BR010,UPI_DEBIT,India-Bengaluru
T002009,C-1249,2026-07-09 09:57:05,3623.18,BR012,UPI_DEBIT,India-Hyderabad
T002010,C-1056,2026-07-09 10:46:12,4709.41,BR010,UPI_DEBIT,India-Pune
T002011,C-1053,2026-07-09 12:37:50,13412.09,BR004,CARD_PAYMENT,India-Coimbatore
T002012,C-1266,2026-07-09 12:44:15,847.34,BR016,UPI_DEBIT,India-Kolkata
T002013,C-1066,2026-07-09 12:45:06,50732.11,BR016,NEFT_CREDIT,India-Pune
T002014,C-1055,2026-07-09 13:11:31,3370.03,BR013,UPI_DEBIT,India-Chennai
T002015,C-1203,2026-07-09 13:12:27,4936.30,BR014,UPI_DEBIT,India-Delhi
T002016,C-1242,2026-07-09 13:42:30,18238.32,BR017,CARD_PAYMENT,India-Mumbai
T002017,C-1155,2026-07-09 14:15:27,40061.33,BR014,NEFT_CREDIT,India-Hyderabad
T002018,C-1139,2026-07-09 14:26:37,15485.47,BR008,CARD_PAYMENT,India-Delhi
T002019,C-1049,2026-07-09 14:34:58,4709.74,BR014,UPI_DEBIT,India-Chennai
T002020,C-1047,2026-07-09 14:41:20,120869.85,BR016,SALARY_CREDIT,India-Kolkata
T002021,C-1228,2026-07-09 14:45:41,77417.08,BR002,NEFT_CREDIT,India-Bengaluru
T002022,C-1128,2026-07-09 15:07:11,18225.10,BR003,CARD_PAYMENT,India-Kolkata
T002023,C-1215,2026-07-09 16:31:43,3206.69,BR002,UPI_DEBIT,India-Pune
T002024,C-1110,2026-07-09 16:50:26,9363.76,BR009,CARD_PAYMENT,India-Pune
T002025,C-1092,2026-07-09 17:26:48,7268.34,BR008,CARD_PAYMENT,India-Coimbatore
T002026,C-1177,2026-07-09 17:36:07,1981.88,BR012,UPI_DEBIT,India-Mumbai
T002027,C-1207,2026-07-09 17:58:23,10979.82,BR001,ATM_WITHDRAWAL,India-Delhi
T002028,C-1114,2026-07-09 18:59:05,1267.24,BR006,UPI_DEBIT,India-Bengaluru
T002029,C-1199,2026-07-09 19:04:55,1018.55,BR005,UPI_DEBIT,India-Mumbai
T002030,C-1268,2026-07-09 19:09:33,16272.47,BR017,ATM_WITHDRAWAL,India-Bengaluru
T002031,C-1223,2026-07-09 19:43:08,4306.36,BR003,UPI_DEBIT,India-Bengaluru
T002032,C-1126,2026-07-09 20:07:05,603.79,BR002,UPI_DEBIT,India-Hyderabad
T002033,C-1218,2026-07-09 20:08:55,19645.45,BR003,CARD_PAYMENT,India-Chennai
T002034,C-1276,2026-07-09 20:11:24,12517.92,BR014,CARD_PAYMENT,India-Chennai
T002035,C-1060,2026-07-09 21:07:53,2483.75,BR016,UPI_DEBIT,India-Kolkata
T002036,C-1097,2026-07-09 21:14:37,69991.56,BR016,SALARY_CREDIT,India-Coimbatore
T002037,C-1186,2026-07-09 21:27:07,10823.80,BR009,CARD_PAYMENT,India-Kolkata
T002038,C-1120,2026-07-09 21:44:10,10200.20,BR018,ATM_WITHDRAWAL,India-Mumbai
T002039,C-1245,2026-07-09 22:01:20,13848.39,BR001,CARD_PAYMENT,India-Coimbatore
T002040,C-1216,2026-07-09 22:19:41,10842.58,BR008,CARD_PAYMENT,India-Delhi
T002041,C-1152,2026-07-09 22:50:24,13026.96,BR020,ATM_WITHDRAWAL,India-Kolkata
T002042,C-1163,2026-07-09 22:51:02,2655.37,BR013,UPI_DEBIT,India-Delhi
T002043,C-1209,2026-07-09 23:35:57,2084.54,BR013,UPI_DEBIT,India-Delhi
T002044,C-1085,2026-07-09 23:47:35,33517.58,BR019,SALARY_CREDIT,India-Pune
T002045,C-1102,2026-07-10 00:01:25,2164.26,BR008,UPI_DEBIT,India-Coimbatore
T002046,C-1140,2026-07-10 00:26:07,55238.54,BR004,SALARY_CREDIT,India-Coimbatore
T002047,C-1008,2026-07-10 00:49:46,4047.87,BR007,CARD_PAYMENT,India-Coimbatore
T002048,C-1232,2026-07-10 01:35:28,876.00,BR003,UPI_DEBIT,India-Coimbatore
T002049,C-1130,2026-07-10 03:12:07,794.22,BR013,UPI_DEBIT,India-Kolkata
T002050,C-1149,2026-07-10 03:59:51,2931.08,BR012,ATM_WITHDRAWAL,India-Delhi
T002051,C-1255,2026-07-10 04:48:16,4252.36,BR002,UPI_DEBIT,India-Coimbatore
T002052,C-1164,2026-07-10 04:58:04,9063.87,BR020,CARD_PAYMENT,India-Bengaluru
T002053,C-1190,2026-07-10 05:05:30,56765.86,BR018,NEFT_CREDIT,India-Mumbai
T002054,C-1209,2026-07-10 05:09:09,60125.57,BR019,NEFT_CREDIT,India-Kolkata
T002055,C-1119,2026-07-10 05:27:12,760.10,BR015,UPI_DEBIT,India-Chennai
T002056,C-1230,2026-07-10 05:32:11,79954.74,BR011,NEFT_CREDIT,India-Coimbatore
T002057,C-1282,2026-07-10 05:46:23,3753.48,BR001,ATM_WITHDRAWAL,India-Bengaluru
T002058,C-1090,2026-07-10 06:15:27,16898.23,BR005,CARD_PAYMENT,India-Coimbatore
T002059,C-1218,2026-07-10 07:21:54,2571.78,BR016,UPI_DEBIT,India-Hyderabad
T002060,C-1251,2026-07-10 07:42:13,4431.96,BR005,CARD_PAYMENT,India-Kolkata
T002061,C-1182,2026-07-10 07:44:01,4108.53,BR006,UPI_DEBIT,India-Bengaluru
T002062,C-1081,2026-07-10 08:24:39,3491.34,BR005,UPI_DEBIT,India-Chennai
T002063,C-1248,2026-07-10 08:27:08,15705.59,BR012,CARD_PAYMENT,India-Pune
T002064,C-1255,2026-07-10 08:57:47,35280.84,BR014,SALARY_CREDIT,India-Delhi
T002065,C-1272,2026-07-10 09:05:19,34752.51,BR006,NEFT_CREDIT,India-Coimbatore
T002066,C-1198,2026-07-10 09:21:41,42080.02,BR011,NEFT_CREDIT,India-Kolkata
T002067,C-1286,2026-07-10 09:27:56,11734.79,BR011,NEFT_CREDIT,India-Mumbai
T002068,C-1091,2026-07-10 09:28:22,2629.30,BR007,UPI_DEBIT,India-Pune
T002069,C-1243,2026-07-10 10:01:03,1839.66,BR019,UPI_DEBIT,India-Chennai
T002070,C-1061,2026-07-10 10:01:53,3333.89,BR017,CARD_PAYMENT,India-Pune
T002071,C-1050,2026-07-10 10:12:53,8341.82,BR016,CARD_PAYMENT,India-Bengaluru
T002072,C-1054,2026-07-10 10:26:09,6908.97,BR017,CARD_PAYMENT,India-Bengaluru
T002073,C-1204,2026-07-10 10:27:52,591.87,BR003,UPI_DEBIT,India-Hyderabad
T002074,C-1048,2026-07-10 10:55:54,4508.00,BR006,UPI_DEBIT,India-Coimbatore
T002075,C-1094,2026-07-10 11:58:14,2320.41,BR020,UPI_DEBIT,India-Hyderabad
T002076,C-1089,2026-07-10 12:15:21,19268.14,BR019,CARD_PAYMENT,India-Coimbatore
T002077,C-1087,2026-07-10 12:25:01,72345.18,BR014,NEFT_CREDIT,India-Coimbatore
T002078,C-1271,2026-07-10 12:30:36,4697.89,BR001,ATM_WITHDRAWAL,India-Chennai
T002079,C-1064,2026-07-10 13:02:25,1214.63,BR001,UPI_DEBIT,India-Chennai
T002080,C-1240,2026-07-10 13:36:42,15549.99,BR010,CARD_PAYMENT,India-Delhi
T002081,C-1079,2026-07-10 13:55:21,18991.64,BR009,ATM_WITHDRAWAL,India-Hyderabad
T002082,C-1224,2026-07-10 14:03:52,801.30,BR010,UPI_DEBIT,India-Hyderabad
T002083,C-1178,2026-07-10 14:10:49,3298.56,BR016,ATM_WITHDRAWAL,India-Kolkata
T002084,C-1083,2026-07-10 14:11:30,15514.68,BR004,CARD_PAYMENT,India-Chennai
T002085,C-1068,2026-07-10 14:13:37,2630.58,BR004,UPI_DEBIT,India-Kolkata
T002086,C-1279,2026-07-10 14:15:05,3229.96,BR003,UPI_DEBIT,India-Coimbatore
T002087,C-1057,2026-07-10 15:08:32,18872.37,BR008,CARD_PAYMENT,India-Mumbai
T002088,C-1178,2026-07-10 15:16:26,59082.96,BR006,NEFT_CREDIT,India-Delhi
T002089,C-1253,2026-07-10 15:49:28,7117.40,BR018,CARD_PAYMENT,India-Hyderabad
T002090,C-1066,2026-07-10 16:16:01,7516.43,BR005,ATM_WITHDRAWAL,India-Coimbatore
T002091,C-1298,2026-07-10 16:46:02,3612.38,BR003,UPI_DEBIT,India-Pune
T002092,C-1095,2026-07-10 17:12:36,1341.29,BR018,UPI_DEBIT,India-Coimbatore
T002093,C-1140,2026-07-10 17:16:37,2498.75,BR015,UPI_DEBIT,India-Mumbai
T002094,C-1140,2026-07-10 17:23:14,2771.31,BR003,UPI_DEBIT,India-Bengaluru
T002095,C-1129,2026-07-10 17:30:38,2201.61,BR005,UPI_DEBIT,India-Kolkata
T002096,C-1182,2026-07-10 17:44:25,49100.02,BR007,NEFT_CREDIT,India-Bengaluru
T002097,C-1157,2026-07-10 17:54:46,13793.14,BR003,CARD_PAYMENT,India-Delhi
T002098,C-1122,2026-07-10 18:16:19,8539.31,BR010,CARD_PAYMENT,India-Mumbai
T002099,C-1129,2026-07-10 19:35:33,3178.19,BR004,UPI_DEBIT,India-Hyderabad
T002100,C-1040,2026-07-10 19:43:23,2437.62,BR016,UPI_DEBIT,India-Kolkata
T002101,C-1256,2026-07-10 19:50:26,11758.26,BR010,NEFT_CREDIT,India-Coimbatore
T002102,C-1041,2026-07-10 20:12:27,4921.49,BR013,UPI_DEBIT,India-Coimbatore
T002103,C-1196,2026-07-10 20:34:36,2423.79,BR016,UPI_DEBIT,India-Bengaluru
T002104,C-1058,2026-07-10 21:00:53,14013.81,BR018,CARD_PAYMENT,India-Pune
T002105,C-1239,2026-07-10 21:22:24,3971.16,BR002,CARD_PAYMENT,India-Chennai
T002106,C-1263,2026-07-10 21:36:53,19683.27,BR006,ATM_WITHDRAWAL,India-Hyderabad
T002107,C-1136,2026-07-10 22:45:11,2251.43,BR012,UPI_DEBIT,India-Bengaluru
T002108,C-1257,2026-07-10 23:14:10,1702.47,BR001,UPI_DEBIT,India-Hyderabad
T002109,C-1161,2026-07-10 23:20:48,8031.74,BR011,CARD_PAYMENT,India-Coimbatore
T002110,C-1231,2026-07-11 00:13:10,1639.33,BR007,UPI_DEBIT,India-Kolkata
T002111,C-1293,2026-07-11 00:29:16,2427.10,BR012,UPI_DEBIT,India-Delhi
T002112,C-1241,2026-07-11 00:52:37,73524.69,BR005,SALARY_CREDIT,India-Bengaluru
T002113,C-1052,2026-07-11 01:09:26,5300.61,BR017,ATM_WITHDRAWAL,India-Kolkata
T002114,C-1206,2026-07-11 01:45:39,9013.64,BR002,NEFT_CREDIT,India-Hyderabad
T002115,C-1221,2026-07-11 02:26:11,16795.06,BR012,ATM_WITHDRAWAL,India-Chennai
T002116,C-1293,2026-07-11 02:33:07,2250.27,BR008,UPI_DEBIT,India-Bengaluru
T002117,C-1287,2026-07-11 03:56:28,2371.47,BR016,CARD_PAYMENT,India-Mumbai
T002118,C-1238,2026-07-11 04:37:37,847.07,BR009,UPI_DEBIT,India-Chennai
T002119,C-1063,2026-07-11 04:57:59,13441.95,BR004,CARD_PAYMENT,India-Kolkata
T002120,C-1266,2026-07-11 05:16:03,13516.46,BR018,CARD_PAYMENT,India-Mumbai
T002121,C-1070,2026-07-11 05:19:44,4433.23,BR006,UPI_DEBIT,India-Coimbatore
T002122,C-1064,2026-07-11 05:38:05,10537.71,BR020,NEFT_CREDIT,India-Kolkata
T002123,C-1123,2026-07-11 06:35:14,12045.73,BR006,CARD_PAYMENT,India-Hyderabad
T002124,C-1045,2026-07-11 06:47:56,12010.55,BR007,CARD_PAYMENT,India-Pune
T002125,C-1243,2026-07-11 07:52:20,4473.71,BR005,UPI_DEBIT,India-Pune
T002126,C-1043,2026-07-11 08:26:54,76591.80,BR012,NEFT_CREDIT,India-Mumbai
T002127,C-1241,2026-07-11 08:28:37,3091.20,BR015,UPI_DEBIT,India-Chennai
T002128,C-1246,2026-07-11 08:34:31,2095.26,BR008,UPI_DEBIT,India-Coimbatore
T002129,C-1076,2026-07-11 09:21:46,4799.39,BR003,CARD_PAYMENT,India-Mumbai
T002130,C-1188,2026-07-11 09:23:27,18571.93,BR016,CARD_PAYMENT,India-Coimbatore
T002131,C-1178,2026-07-11 10:01:32,6116.30,BR017,CARD_PAYMENT,India-Delhi
T002132,C-1120,2026-07-11 10:22:06,7151.06,BR015,CARD_PAYMENT,India-Hyderabad
T002133,C-1262,2026-07-11 10:59:42,44641.63,BR006,SALARY_CREDIT,India-Coimbatore
T002134,C-1093,2026-07-11 12:01:49,2943.38,BR010,UPI_DEBIT,India-Chennai
T002135,C-1007,2026-07-11 12:27:06,1360.98,BR007,UPI_DEBIT,India-Kolkata
T002136,C-1198,2026-07-11 12:54:10,16135.81,BR011,ATM_WITHDRAWAL,India-Kolkata
T002137,C-1137,2026-07-11 13:06:37,3121.33,BR020,UPI_DEBIT,India-Mumbai
T002138,C-1282,2026-07-11 14:59:13,2992.06,BR012,UPI_DEBIT,India-Kolkata
T002139,C-1229,2026-07-11 15:21:59,8447.04,BR004,ATM_WITHDRAWAL,India-Chennai
T002140,C-1141,2026-07-11 15:29:09,29669.89,BR013,NEFT_CREDIT,India-Mumbai
T002141,C-1181,2026-07-11 16:11:55,2884.52,BR012,UPI_DEBIT,India-Bengaluru
T002142,C-1144,2026-07-11 16:22:28,136462.99,BR004,SALARY_CREDIT,India-Pune
T002143,C-1066,2026-07-11 16:42:35,64024.56,BR020,NEFT_CREDIT,India-Mumbai
T002144,C-1272,2026-07-11 16:55:47,5087.93,BR013,CARD_PAYMENT,India-Hyderabad
T002145,C-1220,2026-07-11 16:59:43,2282.51,BR020,UPI_DEBIT,India-Chennai
T002146,C-1158,2026-07-11 17:52:27,2423.03,BR003,UPI_DEBIT,India-Pune
T002147,C-1139,2026-07-11 18:54:36,59916.54,BR005,NEFT_CREDIT,India-Mumbai
T002148,C-1180,2026-07-11 19:13:16,14502.27,BR002,ATM_WITHDRAWAL,India-Mumbai
T002149,C-1048,2026-07-11 19:30:52,1177.17,BR017,UPI_DEBIT,India-Hyderabad
T002150,C-1206,2026-07-11 20:30:25,7916.25,BR008,CARD_PAYMENT,India-Mumbai
T002151,C-1007,2026-07-11 21:39:00,8054.51,BR012,CARD_PAYMENT,India-Bengaluru
T002152,C-1216,2026-07-11 22:15:04,7758.90,BR012,CARD_PAYMENT,India-Mumbai
T002153,C-1295,2026-07-11 22:17:51,11889.17,BR004,ATM_WITHDRAWAL,India-Hyderabad
T002154,C-1120,2026-07-11 23:28:14,73645.93,BR007,SALARY_CREDIT,India-Mumbai
T002155,C-1070,2026-07-12 00:10:39,6400.07,BR012,CARD_PAYMENT,India-Delhi
T002156,C-1195,2026-07-12 00:13:05,1915.63,BR004,UPI_DEBIT,India-Hyderabad
T002157,C-1095,2026-07-12 00:28:13,18266.20,BR010,ATM_WITHDRAWAL,India-Bengaluru
T002158,C-1096,2026-07-12 01:01:15,145201.92,BR005,SALARY_CREDIT,India-Mumbai
T002159,C-1181,2026-07-12 01:02:18,2703.78,BR012,UPI_DEBIT,India-Kolkata
T002160,C-1135,2026-07-12 01:12:37,10789.32,BR020,CARD_PAYMENT,India-Delhi
T002161,C-1213,2026-07-12 01:32:31,1122.30,BR017,UPI_DEBIT,India-Mumbai
T002162,C-1238,2026-07-12 01:45:46,9703.54,BR016,NEFT_CREDIT,India-Mumbai
T002163,C-1171,2026-07-12 01:53:56,13595.79,BR006,CARD_PAYMENT,India-Pune
T002164,C-1146,2026-07-12 02:32:02,4286.71,BR007,UPI_DEBIT,India-Bengaluru
T002165,C-1268,2026-07-12 03:06:45,12835.09,BR013,CARD_PAYMENT,India-Mumbai
T002166,C-1174,2026-07-12 03:58:56,15993.69,BR009,CARD_PAYMENT,India-Chennai
T002167,C-1220,2026-07-12 04:23:47,1720.40,BR016,UPI_DEBIT,India-Hyderabad
T002168,C-1090,2026-07-12 04:28:34,70938.70,BR011,NEFT_CREDIT,India-Kolkata
T002169,C-1130,2026-07-12 05:43:46,12617.80,BR006,NEFT_CREDIT,India-Chennai
T002170,C-1052,2026-07-12 07:35:38,16431.06,BR006,CARD_PAYMENT,India-Chennai
T002171,C-1125,2026-07-12 08:09:27,7304.76,BR018,CARD_PAYMENT,India-Kolkata
T002172,C-1213,2026-07-12 08:19:29,18309.87,BR001,CARD_PAYMENT,India-Mumbai
T002173,C-1174,2026-07-12 08:23:55,19792.06,BR014,CARD_PAYMENT,India-Delhi
T002174,C-1234,2026-07-12 08:41:35,1692.26,BR012,UPI_DEBIT,India-Bengaluru
T002175,C-1207,2026-07-12 08:45:42,1533.58,BR004,UPI_DEBIT,India-Kolkata
T002176,C-1211,2026-07-12 08:54:45,402.98,BR007,UPI_DEBIT,India-Bengaluru
T002177,C-1134,2026-07-12 09:24:03,3492.94,BR011,UPI_DEBIT,India-Bengaluru
T002178,C-1281,2026-07-12 09:39:25,8767.68,BR008,CARD_PAYMENT,India-Coimbatore
T002179,C-1089,2026-07-12 10:00:04,2447.06,BR015,UPI_DEBIT,India-Chennai
T002180,C-1077,2026-07-12 10:10:52,123820.63,BR004,SALARY_CREDIT,India-Delhi
T002181,C-1164,2026-07-12 10:48:19,70006.20,BR010,NEFT_CREDIT,India-Bengaluru
T002182,C-1180,2026-07-12 10:59:48,9135.25,BR013,CARD_PAYMENT,India-Hyderabad
T002183,C-1285,2026-07-12 11:11:57,2381.20,BR015,CARD_PAYMENT,India-Mumbai
T002184,C-1080,2026-07-12 11:39:01,1486.97,BR018,UPI_DEBIT,India-Delhi
T002185,C-1059,2026-07-12 13:02:45,10870.06,BR013,CARD_PAYMENT,India-Kolkata
T002186,C-1093,2026-07-12 13:39:40,5486.90,BR018,CARD_PAYMENT,India-Bengaluru
T002187,C-1300,2026-07-12 13:44:47,10934.09,BR009,CARD_PAYMENT,India-Bengaluru
T002188,C-1114,2026-07-12 13:59:18,48082.33,BR012,NEFT_CREDIT,India-Bengaluru
T002189,C-1191,2026-07-12 14:24:47,3874.31,BR001,UPI_DEBIT,India-Bengaluru
T002190,C-1185,2026-07-12 14:38:32,10733.29,BR002,CARD_PAYMENT,India-Pune
T002191,C-1080,2026-07-12 15:05:31,4924.84,BR009,CARD_PAYMENT,India-Pune
T002192,C-1222,2026-07-12 16:04:21,4325.53,BR007,UPI_DEBIT,India-Pune
T002193,C-1199,2026-07-12 16:06:04,17422.03,BR001,CARD_PAYMENT,India-Delhi
T002194,C-1092,2026-07-12 17:01:56,22610.28,BR018,NEFT_CREDIT,India-Chennai
T002195,C-1149,2026-07-12 17:28:23,32457.62,BR005,NEFT_CREDIT,India-Coimbatore
T002196,C-1269,2026-07-12 18:32:24,29516.89,BR012,SALARY_CREDIT,India-Bengaluru
T002197,C-1241,2026-07-12 18:35:54,5071.27,BR008,CARD_PAYMENT,India-Coimbatore
T002198,C-1090,2026-07-12 18:41:50,3568.21,BR002,UPI_DEBIT,India-Pune
T002199,C-1249,2026-07-12 18:44:52,608.35,BR010,UPI_DEBIT,India-Kolkata
T002200,C-1239,2026-07-12 18:59:46,3862.35,BR018,CARD_PAYMENT,India-Bengaluru
T002201,C-1063,2026-07-12 19:04:06,1915.45,BR013,UPI_DEBIT,India-Kolkata
T002202,C-1294,2026-07-12 19:19:10,84426.23,BR001,SALARY_CREDIT,India-Kolkata
T002203,C-1238,2026-07-12 19:51:04,4885.37,BR014,UPI_DEBIT,India-Pune
T002204,C-1125,2026-07-12 20:09:28,3917.16,BR012,UPI_DEBIT,India-Kolkata
T002205,C-1267,2026-07-12 20:22:07,73057.61,BR008,NEFT_CREDIT,India-Hyderabad
T002206,C-1256,2026-07-12 20:26:57,13482.25,BR004,CARD_PAYMENT,India-Coimbatore
T002207,C-1239,2026-07-12 21:19:07,8053.42,BR011,CARD_PAYMENT,India-Hyderabad
T002208,C-1181,2026-07-12 21:27:19,3538.32,BR004,UPI_DEBIT,India-Hyderabad
T002209,C-1188,2026-07-12 21:47:00,63363.59,BR020,SALARY_CREDIT,India-Pune
T002210,C-1285,2026-07-12 23:50:38,2103.40,BR012,UPI_DEBIT,India-Bengaluru
T002211,C-1066,2026-07-12 23:54:53,703.77,BR019,UPI_DEBIT,India-Delhi
T002212,C-1182,2026-07-12 23:56:02,1106.80,BR011,UPI_DEBIT,India-Kolkata
T002213,C-1224,2026-07-13 00:04:29,18264.31,BR016,CARD_PAYMENT,India-Chennai
T002214,C-1292,2026-07-13 01:49:01,2453.50,BR019,UPI_DEBIT,India-Pune
T002215,C-1255,2026-07-13 02:59:38,54245.01,BR011,NEFT_CREDIT,India-Delhi
T002216,C-1164,2026-07-13 03:06:17,44745.24,BR015,NEFT_CREDIT,India-Chennai
T002217,C-1088,2026-07-13 03:36:31,5883.48,BR009,CARD_PAYMENT,India-Kolkata
T002218,C-1137,2026-07-13 03:54:11,123194.52,BR016,SALARY_CREDIT,India-Chennai
T002219,C-1282,2026-07-13 06:11:03,53866.35,BR009,SALARY_CREDIT,India-Hyderabad
T002220,C-1064,2026-07-13 07:15:25,3019.49,BR018,UPI_DEBIT,India-Kolkata
T002221,C-1093,2026-07-13 07:35:34,6454.18,BR015,ATM_WITHDRAWAL,India-Pune
T002222,C-1245,2026-07-13 08:27:49,91866.36,BR014,SALARY_CREDIT,India-Pune
T002223,C-1004,2026-07-13 08:43:55,6462.81,BR001,ATM_WITHDRAWAL,India-Chennai
T002224,C-1091,2026-07-13 09:09:09,9149.19,BR020,ATM_WITHDRAWAL,India-Coimbatore
T002225,C-1287,2026-07-13 09:27:37,9015.34,BR015,CARD_PAYMENT,India-Hyderabad
T002226,C-1240,2026-07-13 10:07:06,1375.50,BR001,UPI_DEBIT,India-Delhi
T002227,C-1006,2026-07-13 10:56:23,9048.43,BR019,CARD_PAYMENT,India-Bengaluru
T002228,C-1133,2026-07-13 11:49:20,6455.85,BR010,CARD_PAYMENT,India-Chennai
T002229,C-1044,2026-07-13 12:44:04,2250.01,BR010,CARD_PAYMENT,India-Mumbai
T002230,C-1248,2026-07-13 12:52:37,74354.20,BR019,NEFT_CREDIT,India-Delhi
T002231,C-1253,2026-07-13 13:10:24,836.05,BR017,UPI_DEBIT,India-Kolkata
T002232,C-1196,2026-07-13 13:13:53,18418.62,BR005,CARD_PAYMENT,India-Hyderabad
T002233,C-1155,2026-07-13 13:30:31,14504.99,BR013,CARD_PAYMENT,India-Mumbai
T002234,C-1090,2026-07-13 13:35:01,4520.91,BR018,UPI_DEBIT,India-Pune
T002235,C-1151,2026-07-13 13:42:59,1245.05,BR007,UPI_DEBIT,India-Bengaluru
T002236,C-1183,2026-07-13 13:48:53,15192.66,BR017,ATM_WITHDRAWAL,India-Bengaluru
T002237,C-1185,2026-07-13 14:14:05,3390.74,BR016,UPI_DEBIT,India-Pune
T002238,C-1152,2026-07-13 15:52:39,3132.13,BR006,UPI_DEBIT,India-Bengaluru
T002239,C-1279,2026-07-13 16:37:44,2386.30,BR010,ATM_WITHDRAWAL,India-Delhi
T002240,C-1295,2026-07-13 16:58:01,29796.15,BR007,SALARY_CREDIT,India-Bengaluru
T002241,C-1150,2026-07-13 16:58:10,1007.73,BR008,CARD_PAYMENT,India-Bengaluru
T002242,C-1263,2026-07-13 17:34:42,32163.95,BR020,SALARY_CREDIT,India-Hyderabad
T002243,C-1255,2026-07-13 18:37:56,2734.45,BR009,UPI_DEBIT,India-Pune
T002244,C-1071,2026-07-13 19:09:28,95231.28,BR001,SALARY_CREDIT,India-Hyderabad
T002245,C-1068,2026-07-13 19:18:18,17374.63,BR007,ATM_WITHDRAWAL,India-Pune
T002246,C-1278,2026-07-13 19:30:30,4007.46,BR007,UPI_DEBIT,India-Hyderabad
T002247,C-1245,2026-07-13 19:48:58,3365.13,BR001,CARD_PAYMENT,India-Hyderabad
T002248,C-1249,2026-07-13 19:58:09,4574.98,BR001,CARD_PAYMENT,India-Hyderabad
T002249,C-1298,2026-07-13 20:06:54,137690.70,BR018,SALARY_CREDIT,India-Bengaluru
T002250,C-1101,2026-07-13 20:32:49,1334.04,BR004,UPI_DEBIT,India-Mumbai
T002251,C-1140,2026-07-13 20:37:52,15710.32,BR010,CARD_PAYMENT,India-Pune
T002252,C-1137,2026-07-13 20:43:14,17219.90,BR016,NEFT_CREDIT,India-Bengaluru
T002253,C-1008,2026-07-13 20:59:59,19263.91,BR015,CARD_PAYMENT,India-Bengaluru
T002254,C-1156,2026-07-13 21:06:36,52122.30,BR014,NEFT_CREDIT,India-Chennai
T002255,C-1114,2026-07-13 22:29:48,2030.99,BR002,UPI_DEBIT,India-Hyderabad
T002256,C-1222,2026-07-13 23:00:39,4807.33,BR019,UPI_DEBIT,India-Kolkata
T002257,C-1061,2026-07-13 23:01:12,11590.46,BR017,ATM_WITHDRAWAL,India-Delhi
T002258,C-1234,2026-07-13 23:14:17,58298.88,BR007,NEFT_CREDIT,India-Mumbai
T002259,C-1119,2026-07-13 23:36:09,4285.37,BR009,UPI_DEBIT,India-Mumbai
T002260,C-1096,2026-07-13 23:42:17,4560.65,BR015,CARD_PAYMENT,India-Kolkata
T002261,C-1273,2026-07-13 23:48:25,18787.39,BR003,CARD_PAYMENT,India-Mumbai
T002262,C-1187,2026-07-14 00:22:26,3707.43,BR009,UPI_DEBIT,India-Kolkata
T002263,C-1127,2026-07-14 00:43:17,585.36,BR013,UPI_DEBIT,India-Bengaluru
T002264,C-1133,2026-07-14 00:50:31,13901.00,BR006,CARD_PAYMENT,India-Mumbai
T002265,C-1075,2026-07-14 01:03:00,54006.15,BR010,SALARY_CREDIT,India-Hyderabad
T002266,C-1289,2026-07-14 01:05:46,4908.12,BR017,UPI_DEBIT,India-Hyderabad
T002267,C-1122,2026-07-14 01:20:54,11386.32,BR011,ATM_WITHDRAWAL,India-Bengaluru
T002268,C-1097,2026-07-14 01:24:29,4305.52,BR002,UPI_DEBIT,India-Delhi
T002269,C-1173,2026-07-14 01:30:53,34345.03,BR014,SALARY_CREDIT,India-Chennai
T002270,C-1066,2026-07-14 01:37:42,18251.23,BR001,ATM_WITHDRAWAL,India-Pune
T002271,C-1118,2026-07-14 02:44:33,25120.25,BR001,NEFT_CREDIT,India-Kolkata
T002272,C-1255,2026-07-14 02:46:38,127516.43,BR003,SALARY_CREDIT,India-Mumbai
T002273,C-1256,2026-07-14 02:56:11,3920.27,BR012,UPI_DEBIT,India-Hyderabad
T002274,C-1194,2026-07-14 05:00:30,5514.73,BR017,NEFT_CREDIT,India-Kolkata
T002275,C-1298,2026-07-14 05:04:35,4168.54,BR009,UPI_DEBIT,India-Bengaluru
T002276,C-1064,2026-07-14 06:04:46,36132.62,BR011,NEFT_CREDIT,India-Mumbai
T002277,C-1051,2026-07-14 06:16:50,34836.48,BR011,NEFT_CREDIT,India-Bengaluru
T002278,C-1255,2026-07-14 06:19:59,28445.44,BR013,SALARY_CREDIT,India-Mumbai
T002279,C-1232,2026-07-14 07:02:07,39447.06,BR008,NEFT_CREDIT,India-Mumbai
T002280,C-1294,2026-07-14 07:16:35,4983.13,BR011,UPI_DEBIT,India-Hyderabad
T002281,C-1242,2026-07-14 07:58:27,2701.94,BR018,UPI_DEBIT,India-Chennai
T002282,C-1081,2026-07-14 08:06:19,3067.94,BR009,CARD_PAYMENT,India-Hyderabad
T002283,C-1200,2026-07-14 08:07:31,4005.28,BR014,UPI_DEBIT,India-Bengaluru
T002284,C-1249,2026-07-14 08:15:58,5822.60,BR003,ATM_WITHDRAWAL,India-Mumbai
T002285,C-1081,2026-07-14 08:39:33,49848.51,BR001,NEFT_CREDIT,India-Coimbatore
T002286,C-1063,2026-07-14 08:45:50,9539.87,BR003,ATM_WITHDRAWAL,India-Coimbatore
T002287,C-1198,2026-07-14 08:53:28,136249.54,BR001,SALARY_CREDIT,India-Bengaluru
T002288,C-1150,2026-07-14 09:02:49,4722.98,BR007,UPI_DEBIT,India-Mumbai
T002289,C-1067,2026-07-14 09:10:49,66341.50,BR008,NEFT_CREDIT,India-Delhi
T002290,C-1124,2026-07-14 09:32:32,7902.66,BR011,CARD_PAYMENT,India-Pune
T002291,C-1154,2026-07-14 09:57:10,76230.65,BR003,NEFT_CREDIT,India-Coimbatore
T002292,C-1201,2026-07-14 09:58:15,4110.58,BR005,UPI_DEBIT,India-Mumbai
T002293,C-1072,2026-07-14 10:09:41,52817.48,BR020,NEFT_CREDIT,India-Pune
T002294,C-1225,2026-07-14 12:29:36,8408.75,BR003,ATM_WITHDRAWAL,India-Delhi
T002295,C-1214,2026-07-14 12:36:48,101527.90,BR001,SALARY_CREDIT,India-Hyderabad
T002296,C-1105,2026-07-14 12:57:47,8123.01,BR017,CARD_PAYMENT,India-Hyderabad
T002297,C-1130,2026-07-14 13:10:21,3331.66,BR020,UPI_DEBIT,India-Bengaluru
T002298,C-1295,2026-07-14 13:36:13,50533.42,BR002,NEFT_CREDIT,India-Mumbai
T002299,C-1054,2026-07-14 13:57:07,114750.62,BR009,SALARY_CREDIT,India-Pune
T002300,C-1251,2026-07-14 15:07:08,47688.87,BR002,NEFT_CREDIT,India-Hyderabad
T002301,C-1229,2026-07-14 15:18:02,19324.75,BR017,ATM_WITHDRAWAL,India-Delhi
T002302,C-1299,2026-07-14 15:52:39,43168.29,BR013,NEFT_CREDIT,India-Mumbai
T002303,C-1078,2026-07-14 16:01:25,17366.46,BR008,CARD_PAYMENT,India-Coimbatore
T002304,C-1171,2026-07-14 17:35:53,12137.17,BR019,ATM_WITHDRAWAL,India-Kolkata
T002305,C-1076,2026-07-14 18:04:07,10677.71,BR006,ATM_WITHDRAWAL,India-Kolkata
T002306,C-1272,2026-07-14 19:28:52,6074.85,BR020,ATM_WITHDRAWAL,India-Chennai
T002307,C-1278,2026-07-14 19:38:39,109667.28,BR006,SALARY_CREDIT,India-Bengaluru
T002308,C-1082,2026-07-14 20:06:17,44779.37,BR010,SALARY_CREDIT,India-Chennai
T002309,C-1210,2026-07-14 21:03:57,11087.48,BR009,CARD_PAYMENT,India-Chennai
T002310,C-1184,2026-07-14 21:12:52,201.67,BR009,UPI_DEBIT,India-Coimbatore
T002311,C-1082,2026-07-14 21:53:39,70043.86,BR014,SALARY_CREDIT,India-Pune
T002312,C-1050,2026-07-14 22:14:59,2499.87,BR015,UPI_DEBIT,India-Chennai
T002313,C-1270,2026-07-14 22:30:44,4277.54,BR009,UPI_DEBIT,India-Pune
T002314,C-1099,2026-07-14 22:39:58,3913.86,BR012,UPI_DEBIT,India-Coimbatore
T002315,C-1076,2026-07-14 22:46:47,1712.11,BR012,UPI_DEBIT,India-Bengaluru
T002316,C-1251,2026-07-14 22:58:31,4510.47,BR007,UPI_DEBIT,India-Kolkata
T002317,C-1192,2026-07-14 23:30:47,373.72,BR017,UPI_DEBIT,India-Coimbatore
T002318,C-1295,2026-07-14 23:53:04,2332.69,BR016,UPI_DEBIT,India-Bengaluru
T002319,C-1126,2026-07-15 00:26:24,15918.51,BR002,CARD_PAYMENT,India-Pune
T002320,C-1091,2026-07-15 00:37:03,103198.12,BR020,SALARY_CREDIT,India-Bengaluru
T002321,C-1040,2026-07-15 00:59:05,1672.93,BR016,UPI_DEBIT,India-Pune
T002322,C-1224,2026-07-15 00:59:24,14417.26,BR005,CARD_PAYMENT,India-Hyderabad
T002323,C-1162,2026-07-15 02:08:48,4933.30,BR007,UPI_DEBIT,India-Mumbai
T002324,C-1265,2026-07-15 02:39:45,18274.01,BR014,CARD_PAYMENT,India-Coimbatore
T002325,C-1195,2026-07-15 03:21:40,14888.06,BR008,CARD_PAYMENT,India-Mumbai
T002326,C-1058,2026-07-15 03:40:52,91770.43,BR007,SALARY_CREDIT,India-Chennai
T002327,C-1196,2026-07-15 04:02:13,3383.87,BR015,UPI_DEBIT,India-Coimbatore
T002328,C-1268,2026-07-15 04:25:35,8415.09,BR011,CARD_PAYMENT,India-Kolkata
T002329,C-1087,2026-07-15 04:56:13,1715.08,BR016,UPI_DEBIT,India-Pune
T002330,C-1113,2026-07-15 05:06:19,3870.11,BR014,CARD_PAYMENT,India-Mumbai
T002331,C-1249,2026-07-15 06:04:20,119511.06,BR018,SALARY_CREDIT,India-Chennai
T002332,C-1007,2026-07-15 06:40:56,12990.45,BR005,CARD_PAYMENT,India-Hyderabad
T002333,C-1163,2026-07-15 06:47:06,15083.77,BR020,CARD_PAYMENT,India-Coimbatore
T002334,C-1277,2026-07-15 06:51:55,3140.13,BR017,UPI_DEBIT,India-Mumbai
T002335,C-1297,2026-07-15 06:56:24,14784.86,BR012,CARD_PAYMENT,India-Mumbai
T002336,C-1181,2026-07-15 07:03:02,2627.51,BR012,UPI_DEBIT,India-Hyderabad
T002337,C-1068,2026-07-15 07:43:04,1795.68,BR011,UPI_DEBIT,India-Bengaluru
T002338,C-1287,2026-07-15 07:54:36,75370.83,BR007,NEFT_CREDIT,India-Kolkata
T002339,C-1006,2026-07-15 08:00:54,33153.68,BR019,SALARY_CREDIT,India-Bengaluru
T002340,C-1296,2026-07-15 09:04:01,4255.97,BR003,ATM_WITHDRAWAL,India-Pune
T002341,C-1008,2026-07-15 09:11:55,729.08,BR011,UPI_DEBIT,India-Coimbatore
T002342,C-1135,2026-07-15 09:38:22,1545.46,BR005,UPI_DEBIT,India-Delhi
T002343,C-1100,2026-07-15 09:40:25,3486.10,BR013,UPI_DEBIT,India-Pune
T002344,C-1290,2026-07-15 10:43:27,1221.78,BR009,UPI_DEBIT,India-Kolkata
T002345,C-1089,2026-07-15 10:48:59,19930.33,BR020,CARD_PAYMENT,India-Delhi
T002346,C-1270,2026-07-15 11:31:36,40612.39,BR006,SALARY_CREDIT,India-Kolkata
T002347,C-1081,2026-07-15 11:57:12,4962.91,BR013,UPI_DEBIT,India-Mumbai
T002348,C-1282,2026-07-15 12:08:27,3931.49,BR002,UPI_DEBIT,India-Kolkata
T002349,C-1223,2026-07-15 13:14:07,6128.99,BR014,CARD_PAYMENT,India-Mumbai
T002350,C-1258,2026-07-15 13:35:18,3252.01,BR017,UPI_DEBIT,India-Chennai
T002351,C-1068,2026-07-15 13:36:00,130520.03,BR012,SALARY_CREDIT,India-Delhi
T002352,C-1069,2026-07-15 14:19:57,4484.12,BR006,UPI_DEBIT,India-Hyderabad
T002353,C-1261,2026-07-15 14:32:01,3989.85,BR017,UPI_DEBIT,India-Coimbatore
T002354,C-1284,2026-07-15 14:39:43,11998.00,BR013,NEFT_CREDIT,India-Chennai
T002355,C-1125,2026-07-15 14:52:51,1704.21,BR018,UPI_DEBIT,India-Bengaluru
T002356,C-1128,2026-07-15 15:13:35,4816.86,BR010,UPI_DEBIT,India-Pune
T002357,C-1270,2026-07-15 16:05:22,3744.60,BR009,UPI_DEBIT,India-Bengaluru
T002358,C-1110,2026-07-15 16:15:05,26119.45,BR002,SALARY_CREDIT,India-Coimbatore
T002359,C-1195,2026-07-15 16:37:31,310.17,BR004,UPI_DEBIT,India-Chennai
T002360,C-1083,2026-07-15 16:38:39,78991.29,BR020,NEFT_CREDIT,India-Chennai
T002361,C-1009,2026-07-15 17:19:14,105790.95,BR017,SALARY_CREDIT,India-Mumbai
T002362,C-1276,2026-07-15 17:36:38,229.98,BR003,UPI_DEBIT,India-Kolkata
T002363,C-1067,2026-07-15 18:52:33,1727.26,BR012,CARD_PAYMENT,India-Coimbatore
T002364,C-1070,2026-07-15 19:03:21,4587.91,BR011,UPI_DEBIT,India-Bengaluru
T002365,C-1085,2026-07-15 19:23:41,1647.11,BR003,UPI_DEBIT,India-Hyderabad
T002366,C-1239,2026-07-15 19:33:04,1867.93,BR005,CARD_PAYMENT,India-Coimbatore
T002367,C-1134,2026-07-15 19:39:41,1299.64,BR017,UPI_DEBIT,India-Coimbatore
T002368,C-1181,2026-07-15 19:51:12,13798.60,BR020,ATM_WITHDRAWAL,India-Coimbatore
T002369,C-1246,2026-07-15 20:01:34,17593.55,BR005,ATM_WITHDRAWAL,India-Coimbatore
T002370,C-1237,2026-07-15 20:53:39,482.50,BR017,UPI_DEBIT,India-Kolkata
T002371,C-1262,2026-07-15 21:16:26,4622.94,BR011,UPI_DEBIT,India-Hyderabad
T002372,C-1185,2026-07-15 21:51:49,27062.57,BR018,NEFT_CREDIT,India-Hyderabad
T002373,C-1069,2026-07-15 22:55:00,3746.01,BR005,UPI_DEBIT,India-Hyderabad
T002374,C-1134,2026-07-15 23:21:38,16829.93,BR013,CARD_PAYMENT,India-Coimbatore
T002375,C-1077,2026-07-15 23:47:15,4270.40,BR004,UPI_DEBIT,India-Bengaluru
T002376,C-1298,2026-07-16 00:28:22,2982.66,BR005,UPI_DEBIT,India-Pune
T002377,C-1240,2026-07-16 00:53:46,4392.88,BR001,UPI_DEBIT,India-Kolkata
T002378,C-1218,2026-07-16 01:43:28,2110.66,BR007,UPI_DEBIT,India-Bengaluru
T002379,C-1080,2026-07-16 03:33:59,4624.15,BR018,UPI_DEBIT,India-Bengaluru
T002380,C-1177,2026-07-16 04:00:12,13038.87,BR014,CARD_PAYMENT,India-Bengaluru
T002381,C-1040,2026-07-16 04:19:56,3813.77,BR011,UPI_DEBIT,India-Delhi
T002382,C-1208,2026-07-16 04:56:40,17832.32,BR011,CARD_PAYMENT,India-Pune
T002383,C-1191,2026-07-16 05:24:26,12738.20,BR015,CARD_PAYMENT,India-Delhi
T002384,C-1082,2026-07-16 05:40:48,5971.72,BR014,ATM_WITHDRAWAL,India-Chennai
T002385,C-1265,2026-07-16 05:59:10,1359.57,BR005,UPI_DEBIT,India-Chennai
T002386,C-1180,2026-07-16 06:01:42,15476.97,BR005,CARD_PAYMENT,India-Hyderabad
T002387,C-1270,2026-07-16 06:27:41,51914.14,BR015,SALARY_CREDIT,India-Coimbatore
T002388,C-1065,2026-07-16 06:46:55,2876.77,BR013,CARD_PAYMENT,India-Pune
T002389,C-1263,2026-07-16 07:05:07,3380.10,BR005,ATM_WITHDRAWAL,India-Hyderabad
T002390,C-1230,2026-07-16 07:06:59,1426.44,BR007,UPI_DEBIT,India-Bengaluru
T002391,C-1050,2026-07-16 07:13:17,121015.76,BR011,SALARY_CREDIT,India-Coimbatore
T002392,C-1137,2026-07-16 07:17:23,2078.88,BR001,UPI_DEBIT,India-Coimbatore
T002393,C-1079,2026-07-16 07:19:42,9799.67,BR010,CARD_PAYMENT,India-Pune
T002394,C-1156,2026-07-16 07:26:17,1045.38,BR003,UPI_DEBIT,India-Bengaluru
T002395,C-1172,2026-07-16 08:10:44,2836.69,BR001,CARD_PAYMENT,India-Bengaluru
T002396,C-1156,2026-07-16 08:52:25,78673.99,BR002,SALARY_CREDIT,India-Delhi
T002397,C-1172,2026-07-16 09:23:34,45355.35,BR007,SALARY_CREDIT,India-Hyderabad
T002398,C-1151,2026-07-16 09:38:20,652.75,BR001,UPI_DEBIT,India-Coimbatore
T002399,C-1087,2026-07-16 10:04:08,110790.18,BR020,SALARY_CREDIT,India-Coimbatore
T002400,C-1124,2026-07-16 10:07:17,3118.55,BR016,UPI_DEBIT,India-Bengaluru
T002401,C-1065,2026-07-16 10:15:02,26227.26,BR017,NEFT_CREDIT,India-Chennai
T002402,C-1054,2026-07-16 10:30:08,17258.21,BR008,NEFT_CREDIT,India-Kolkata
T002403,C-1128,2026-07-16 10:48:51,5928.99,BR019,CARD_PAYMENT,India-Pune
T002404,C-1054,2026-07-16 11:07:31,6019.93,BR007,NEFT_CREDIT,India-Coimbatore
T002405,C-1070,2026-07-16 11:40:48,4559.14,BR003,UPI_DEBIT,India-Chennai
T002406,C-1195,2026-07-16 11:50:26,1243.32,BR005,UPI_DEBIT,India-Pune
T002407,C-1044,2026-07-16 12:25:59,1854.38,BR016,UPI_DEBIT,India-Bengaluru
T002408,C-1183,2026-07-16 13:01:39,1419.22,BR005,UPI_DEBIT,India-Pune
T002409,C-1127,2026-07-16 13:13:50,26530.49,BR004,NEFT_CREDIT,India-Chennai
T002410,C-1048,2026-07-16 13:32:02,3569.78,BR020,UPI_DEBIT,India-Kolkata
T002411,C-1157,2026-07-16 13:42:29,46775.74,BR005,SALARY_CREDIT,India-Bengaluru
T002412,C-1206,2026-07-16 14:20:35,4216.84,BR005,UPI_DEBIT,India-Mumbai
T002413,C-1252,2026-07-16 15:08:28,16658.15,BR018,CARD_PAYMENT,India-Chennai
T002414,C-1130,2026-07-16 16:09:07,1480.17,BR002,UPI_DEBIT,India-Kolkata
T002415,C-1269,2026-07-16 16:11:27,4813.81,BR015,CARD_PAYMENT,India-Bengaluru
T002416,C-1041,2026-07-16 16:52:49,879.09,BR004,UPI_DEBIT,India-Pune
T002417,C-1073,2026-07-16 16:58:32,7464.51,BR006,CARD_PAYMENT,India-Pune
T002418,C-1154,2026-07-16 17:06:37,116117.79,BR005,SALARY_CREDIT,India-Coimbatore
T002419,C-1134,2026-07-16 17:31:58,3650.30,BR014,UPI_DEBIT,India-Chennai
T002420,C-1123,2026-07-16 17:42:29,129565.00,BR006,SALARY_CREDIT,India-Hyderabad
T002421,C-1009,2026-07-16 18:33:24,2334.26,BR016,UPI_DEBIT,India-Chennai
T002422,C-1228,2026-07-16 18:58:39,13307.09,BR003,CARD_PAYMENT,India-Chennai
T002423,C-1075,2026-07-16 19:06:07,923.22,BR012,UPI_DEBIT,India-Coimbatore
T002424,C-1266,2026-07-16 20:24:56,53406.36,BR017,SALARY_CREDIT,India-Coimbatore
T002425,C-1176,2026-07-16 22:25:20,1335.45,BR002,UPI_DEBIT,India-Coimbatore
T002426,C-1255,2026-07-16 22:47:45,3646.93,BR002,CARD_PAYMENT,India-Hyderabad
T002427,C-1132,2026-07-16 23:04:39,3959.58,BR010,UPI_DEBIT,India-Hyderabad
T002428,C-1185,2026-07-16 23:48:26,3270.62,BR005,UPI_DEBIT,India-Hyderabad
T002429,C-1113,2026-07-17 00:44:17,325.11,BR012,UPI_DEBIT,India-Chennai
T002430,C-1280,2026-07-17 01:55:56,22483.71,BR004,NEFT_CREDIT,India-Mumbai
T002431,C-1168,2026-07-17 02:12:55,7836.51,BR008,CARD_PAYMENT,India-Delhi
T002432,C-1070,2026-07-17 02:44:25,4938.99,BR007,UPI_DEBIT,India-Bengaluru
T002433,C-1007,2026-07-17 03:36:10,76774.87,BR007,NEFT_CREDIT,India-Hyderabad
T002434,C-1230,2026-07-17 04:10:06,673.01,BR002,UPI_DEBIT,India-Kolkata
T002435,C-1229,2026-07-17 04:21:41,659.19,BR003,UPI_DEBIT,India-Coimbatore
T002436,C-1127,2026-07-17 04:36:05,44350.71,BR009,NEFT_CREDIT,India-Mumbai
T002437,C-1207,2026-07-17 04:49:53,4620.73,BR020,UPI_DEBIT,India-Chennai
T002438,C-1153,2026-07-17 05:43:49,4386.15,BR011,UPI_DEBIT,India-Coimbatore
T002439,C-1050,2026-07-17 06:06:37,6350.20,BR018,ATM_WITHDRAWAL,India-Chennai
T002440,C-1248,2026-07-17 07:04:42,132764.31,BR002,SALARY_CREDIT,India-Coimbatore
T002441,C-1240,2026-07-17 07:53:30,109496.75,BR006,SALARY_CREDIT,India-Kolkata
T002442,C-1138,2026-07-17 09:16:44,148437.83,BR020,SALARY_CREDIT,India-Mumbai
T002443,C-1143,2026-07-17 09:44:04,3455.30,BR016,UPI_DEBIT,India-Coimbatore
T002444,C-1215,2026-07-17 09:51:22,4340.51,BR007,UPI_DEBIT,India-Kolkata
T002445,C-1179,2026-07-17 09:54:57,42232.99,BR002,NEFT_CREDIT,India-Kolkata
T002446,C-1171,2026-07-17 10:24:13,2135.98,BR016,UPI_DEBIT,India-Delhi
T002447,C-1234,2026-07-17 10:24:26,6437.17,BR003,CARD_PAYMENT,India-Mumbai
T002448,C-1102,2026-07-17 11:07:22,809.25,BR010,CARD_PAYMENT,India-Delhi
T002449,C-1158,2026-07-17 12:10:07,3940.00,BR007,CARD_PAYMENT,India-Hyderabad
T002450,C-1047,2026-07-17 13:22:34,24802.22,BR009,NEFT_CREDIT,India-Delhi
T002451,C-1006,2026-07-17 13:59:10,735.77,BR015,UPI_DEBIT,India-Pune
T002452,C-1296,2026-07-17 14:33:11,12263.82,BR001,ATM_WITHDRAWAL,India-Bengaluru
T002453,C-1296,2026-07-17 14:46:51,2241.86,BR001,CARD_PAYMENT,India-Coimbatore
T002454,C-1113,2026-07-17 14:52:58,11785.69,BR001,NEFT_CREDIT,India-Pune
T002455,C-1155,2026-07-17 15:54:29,6007.16,BR013,ATM_WITHDRAWAL,India-Pune
T002456,C-1180,2026-07-17 16:03:29,96732.66,BR015,SALARY_CREDIT,India-Kolkata
T002457,C-1170,2026-07-17 16:05:34,72426.45,BR014,NEFT_CREDIT,India-Hyderabad
T002458,C-1121,2026-07-17 16:18:53,1413.04,BR020,UPI_DEBIT,India-Coimbatore
T002459,C-1227,2026-07-17 16:32:30,1092.09,BR006,UPI_DEBIT,India-Delhi
T002460,C-1146,2026-07-17 16:36:53,8581.52,BR016,ATM_WITHDRAWAL,India-Coimbatore
T002461,C-1135,2026-07-17 17:03:27,76763.39,BR009,NEFT_CREDIT,India-Pune
T002462,C-1219,2026-07-17 17:43:20,1046.23,BR011,UPI_DEBIT,India-Pune
T002463,C-1046,2026-07-17 19:08:34,26039.92,BR004,NEFT_CREDIT,India-Hyderabad
T002464,C-1090,2026-07-17 20:28:41,609.00,BR016,UPI_DEBIT,India-Hyderabad
T002465,C-1132,2026-07-17 20:28:52,817.49,BR005,UPI_DEBIT,India-Bengaluru
T002466,C-1132,2026-07-17 20:50:21,2503.27,BR017,UPI_DEBIT,India-Chennai
T002467,C-1140,2026-07-17 21:14:23,3550.43,BR007,UPI_DEBIT,India-Chennai
T002468,C-1157,2026-07-17 21:25:20,4866.76,BR007,UPI_DEBIT,India-Chennai
T002469,C-1267,2026-07-17 21:27:39,1864.19,BR002,CARD_PAYMENT,India-Pune
T002470,C-1103,2026-07-17 22:03:26,10342.39,BR020,ATM_WITHDRAWAL,India-Coimbatore
T002471,C-1188,2026-07-17 22:38:23,2347.54,BR014,UPI_DEBIT,India-Coimbatore
T002472,C-1143,2026-07-17 23:26:44,2205.33,BR006,UPI_DEBIT,India-Coimbatore
T002473,C-1126,2026-07-17 23:41:09,566.09,BR019,UPI_DEBIT,India-Pune
T002474,C-1288,2026-07-17 23:43:01,3190.91,BR006,UPI_DEBIT,India-Coimbatore
T002475,C-1092,2026-07-17 23:49:54,629.88,BR016,UPI_DEBIT,India-Bengaluru
T002476,C-1174,2026-07-18 00:20:24,3755.76,BR012,UPI_DEBIT,India-Chennai
T002477,C-1007,2026-07-18 00:30:00,3759.27,BR008,UPI_DEBIT,India-Coimbatore
T002478,C-1281,2026-07-18 00:34:21,1645.35,BR020,UPI_DEBIT,India-Kolkata
T002479,C-1183,2026-07-18 01:06:43,24752.67,BR016,NEFT_CREDIT,India-Delhi
T002480,C-1040,2026-07-18 01:10:59,2578.56,BR011,UPI_DEBIT,India-Delhi
T002481,C-1287,2026-07-18 01:26:06,845.27,BR019,UPI_DEBIT,India-Delhi
T002482,C-1237,2026-07-18 02:09:22,565.62,BR010,UPI_DEBIT,India-Bengaluru
T002483,C-1160,2026-07-18 02:23:11,506.08,BR016,UPI_DEBIT,India-Kolkata
T002484,C-1262,2026-07-18 02:51:32,50979.41,BR012,NEFT_CREDIT,India-Delhi
T002485,C-1056,2026-07-18 03:20:44,2726.15,BR013,UPI_DEBIT,India-Delhi
T002486,C-1114,2026-07-18 03:41:34,4702.14,BR013,CARD_PAYMENT,India-Coimbatore
T002487,C-1233,2026-07-18 03:53:13,73949.71,BR005,NEFT_CREDIT,India-Delhi
T002488,C-1274,2026-07-18 04:02:20,88892.10,BR018,SALARY_CREDIT,India-Pune
T002489,C-1046,2026-07-18 04:26:23,36715.69,BR002,NEFT_CREDIT,India-Delhi
T002490,C-1291,2026-07-18 04:46:17,77106.29,BR008,NEFT_CREDIT,India-Chennai
T002491,C-1263,2026-07-18 05:17:48,14110.69,BR014,CARD_PAYMENT,India-Coimbatore
T002492,C-1100,2026-07-18 05:37:28,75097.45,BR005,NEFT_CREDIT,India-Pune
T002493,C-1300,2026-07-18 05:58:31,433.41,BR001,UPI_DEBIT,India-Bengaluru
T002494,C-1169,2026-07-18 06:32:15,3744.96,BR007,UPI_DEBIT,India-Mumbai
T002495,C-1275,2026-07-18 06:44:11,72260.29,BR001,SALARY_CREDIT,India-Bengaluru
T002496,C-1064,2026-07-18 06:51:59,4090.02,BR011,UPI_DEBIT,India-Pune
T002497,C-1160,2026-07-18 06:59:41,2210.99,BR002,CARD_PAYMENT,India-Bengaluru
T002498,C-1155,2026-07-18 07:06:08,3325.90,BR015,UPI_DEBIT,India-Bengaluru
T002499,C-1060,2026-07-18 08:12:45,2579.37,BR018,CARD_PAYMENT,India-Mumbai
T002500,C-1052,2026-07-18 08:13:44,4952.73,BR007,UPI_DEBIT,India-Pune
T002501,C-1178,2026-07-18 08:14:33,798.21,BR006,UPI_DEBIT,India-Kolkata
T002502,C-1242,2026-07-18 08:35:22,13074.94,BR016,CARD_PAYMENT,India-Pune
T002503,C-1107,2026-07-18 08:39:02,4018.96,BR018,UPI_DEBIT,India-Mumbai
T002504,C-1138,2026-07-18 09:03:13,1732.77,BR003,UPI_DEBIT,India-Hyderabad
T002505,C-1166,2026-07-18 10:11:11,14561.23,BR003,CARD_PAYMENT,India-Coimbatore
T002506,C-1170,2026-07-18 10:16:26,3927.66,BR009,UPI_DEBIT,India-Mumbai
T002507,C-1059,2026-07-18 10:25:24,86577.34,BR005,SALARY_CREDIT,India-Bengaluru
T002508,C-1239,2026-07-18 10:39:58,13399.49,BR010,ATM_WITHDRAWAL,India-Coimbatore
T002509,C-1088,2026-07-18 10:41:18,1164.57,BR002,UPI_DEBIT,India-Hyderabad
T002510,C-1105,2026-07-18 11:15:53,75419.38,BR018,NEFT_CREDIT,India-Coimbatore
T002511,C-1150,2026-07-18 11:20:49,108149.31,BR016,SALARY_CREDIT,India-Pune
T002512,C-1222,2026-07-18 11:32:30,3385.50,BR005,UPI_DEBIT,India-Pune
T002513,C-1094,2026-07-18 11:46:16,3307.50,BR003,UPI_DEBIT,India-Hyderabad
T002514,C-1183,2026-07-18 12:35:15,8933.96,BR017,CARD_PAYMENT,India-Pune
T002515,C-1237,2026-07-18 12:48:34,4554.79,BR011,UPI_DEBIT,India-Mumbai
T002516,C-1231,2026-07-18 12:50:37,9406.67,BR002,CARD_PAYMENT,India-Bengaluru
T002517,C-1059,2026-07-18 13:21:26,18538.27,BR020,ATM_WITHDRAWAL,India-Delhi
T002518,C-1118,2026-07-18 13:48:48,15826.89,BR016,CARD_PAYMENT,India-Kolkata
T002519,C-1232,2026-07-18 14:10:27,4918.12,BR017,UPI_DEBIT,India-Coimbatore
T002520,C-1242,2026-07-18 14:27:00,4067.46,BR014,UPI_DEBIT,India-Coimbatore
T002521,C-1188,2026-07-18 14:54:39,32521.27,BR020,SALARY_CREDIT,India-Kolkata
T002522,C-1065,2026-07-18 15:27:21,2098.07,BR011,UPI_DEBIT,India-Pune
T002523,C-1191,2026-07-18 15:47:43,129189.16,BR006,SALARY_CREDIT,India-Mumbai
T002524,C-1080,2026-07-18 15:55:05,54539.03,BR006,NEFT_CREDIT,India-Mumbai
T002525,C-1065,2026-07-18 16:12:05,1340.59,BR015,UPI_DEBIT,India-Mumbai
T002526,C-1107,2026-07-18 16:45:06,10938.11,BR015,CARD_PAYMENT,India-Hyderabad
T002527,C-1161,2026-07-18 17:06:18,19109.81,BR016,ATM_WITHDRAWAL,India-Hyderabad
T002528,C-1109,2026-07-18 17:32:01,59759.08,BR020,NEFT_CREDIT,India-Kolkata
T002529,C-1298,2026-07-18 17:32:50,2610.46,BR005,UPI_DEBIT,India-Chennai
T002530,C-1248,2026-07-18 18:52:29,14058.83,BR013,CARD_PAYMENT,India-Hyderabad
T002531,C-1282,2026-07-18 18:58:37,202.07,BR015,UPI_DEBIT,India-Coimbatore
T002532,C-1139,2026-07-18 19:21:33,1409.12,BR012,UPI_DEBIT,India-Bengaluru
T002533,C-1198,2026-07-18 19:48:23,10632.86,BR006,ATM_WITHDRAWAL,India-Pune
T002534,C-1009,2026-07-18 19:53:50,13000.68,BR005,ATM_WITHDRAWAL,India-Mumbai
T002535,C-1246,2026-07-18 20:07:50,1838.88,BR005,UPI_DEBIT,India-Bengaluru
T002536,C-1191,2026-07-18 20:11:00,4039.70,BR019,UPI_DEBIT,India-Mumbai
T002537,C-1178,2026-07-18 20:14:35,7033.20,BR002,ATM_WITHDRAWAL,India-Kolkata
T002538,C-1297,2026-07-18 20:31:18,4579.00,BR002,UPI_DEBIT,India-Delhi
T002539,C-1053,2026-07-18 20:44:56,956.83,BR011,CARD_PAYMENT,India-Coimbatore
T002540,C-1230,2026-07-18 21:29:25,64362.13,BR003,SALARY_CREDIT,India-Chennai
T002541,C-1131,2026-07-18 21:43:52,4766.57,BR010,UPI_DEBIT,India-Kolkata
T002542,C-1273,2026-07-18 21:46:56,2667.96,BR007,UPI_DEBIT,India-Chennai
T002543,C-1247,2026-07-18 22:00:41,71749.19,BR017,NEFT_CREDIT,India-Bengaluru
T002544,C-1066,2026-07-18 22:02:29,35974.33,BR020,NEFT_CREDIT,India-Hyderabad
T002545,C-1079,2026-07-19 00:00:57,19066.61,BR015,CARD_PAYMENT,India-Pune
T002546,C-1229,2026-07-19 00:44:41,4762.51,BR011,ATM_WITHDRAWAL,India-Delhi
T002547,C-1114,2026-07-19 01:10:57,18266.14,BR008,CARD_PAYMENT,India-Bengaluru
T002548,C-1253,2026-07-19 01:45:15,7668.72,BR010,CARD_PAYMENT,India-Delhi
T002549,C-1262,2026-07-19 02:28:38,10654.92,BR020,ATM_WITHDRAWAL,India-Coimbatore
T002550,C-1171,2026-07-19 02:30:08,1448.32,BR006,UPI_DEBIT,India-Coimbatore
T002551,C-1200,2026-07-19 02:40:54,10555.07,BR014,CARD_PAYMENT,India-Kolkata
T002552,C-1074,2026-07-19 02:57:58,57056.74,BR018,SALARY_CREDIT,India-Coimbatore
T002553,C-1086,2026-07-19 03:12:29,1784.03,BR009,UPI_DEBIT,India-Bengaluru
T002554,C-1171,2026-07-19 03:20:15,79534.68,BR014,NEFT_CREDIT,India-Delhi
T002555,C-1099,2026-07-19 03:23:08,3330.23,BR011,ATM_WITHDRAWAL,India-Pune
T002556,C-1216,2026-07-19 03:31:42,1110.64,BR012,UPI_DEBIT,India-Kolkata
T002557,C-1151,2026-07-19 03:46:52,4606.08,BR007,UPI_DEBIT,India-Kolkata
T002558,C-1067,2026-07-19 04:38:56,8287.87,BR002,NEFT_CREDIT,India-Coimbatore
T002559,C-1145,2026-07-19 05:21:07,19489.45,BR001,CARD_PAYMENT,India-Delhi
T002560,C-1056,2026-07-19 05:42:38,3498.17,BR006,UPI_DEBIT,India-Coimbatore
T002561,C-1156,2026-07-19 06:08:54,103549.28,BR007,SALARY_CREDIT,India-Hyderabad
T002562,C-1119,2026-07-19 06:25:36,377.04,BR004,UPI_DEBIT,India-Coimbatore
T002563,C-1100,2026-07-19 06:32:52,51160.07,BR004,NEFT_CREDIT,India-Mumbai
T002564,C-1136,2026-07-19 07:08:12,4098.53,BR009,CARD_PAYMENT,India-Hyderabad
T002565,C-1051,2026-07-19 07:50:55,4617.57,BR016,UPI_DEBIT,India-Chennai
T002566,C-1262,2026-07-19 08:13:24,1853.13,BR007,UPI_DEBIT,India-Mumbai
T002567,C-1044,2026-07-19 08:28:30,3528.03,BR015,UPI_DEBIT,India-Kolkata
T002568,C-1146,2026-07-19 08:50:11,3374.12,BR003,UPI_DEBIT,India-Pune
T002569,C-1078,2026-07-19 10:26:42,12283.40,BR014,CARD_PAYMENT,India-Chennai
T002570,C-1178,2026-07-19 10:27:35,32158.60,BR007,SALARY_CREDIT,India-Chennai
T002571,C-1176,2026-07-19 10:28:19,4914.27,BR013,UPI_DEBIT,India-Mumbai
T002572,C-1097,2026-07-19 10:44:46,3523.72,BR018,CARD_PAYMENT,India-Bengaluru
T002573,C-1186,2026-07-19 10:53:01,2188.63,BR009,UPI_DEBIT,India-Kolkata
T002574,C-1008,2026-07-19 12:09:46,3102.37,BR012,UPI_DEBIT,India-Bengaluru
T002575,C-1257,2026-07-19 12:27:41,13981.56,BR016,CARD_PAYMENT,India-Mumbai
T002576,C-1107,2026-07-19 12:39:35,3542.56,BR013,CARD_PAYMENT,India-Hyderabad
T002577,C-1247,2026-07-19 13:02:58,17939.30,BR006,CARD_PAYMENT,India-Delhi
T002578,C-1298,2026-07-19 13:08:17,3995.66,BR001,CARD_PAYMENT,India-Pune
T002579,C-1095,2026-07-19 13:11:38,46093.28,BR005,NEFT_CREDIT,India-Pune
T002580,C-1197,2026-07-19 13:19:56,3573.29,BR002,UPI_DEBIT,India-Coimbatore
T002581,C-1272,2026-07-19 13:48:22,61953.09,BR003,NEFT_CREDIT,India-Bengaluru
T002582,C-1238,2026-07-19 13:51:23,4316.80,BR008,UPI_DEBIT,India-Chennai
T002583,C-1146,2026-07-19 14:09:56,2383.15,BR009,UPI_DEBIT,India-Chennai
T002584,C-1101,2026-07-19 14:11:10,41846.77,BR007,NEFT_CREDIT,India-Hyderabad
T002585,C-1117,2026-07-19 14:22:03,12696.19,BR016,CARD_PAYMENT,India-Hyderabad
T002586,C-1292,2026-07-19 15:16:26,668.08,BR013,UPI_DEBIT,India-Bengaluru
T002587,C-1009,2026-07-19 15:26:48,3028.25,BR010,UPI_DEBIT,India-Delhi
T002588,C-1069,2026-07-19 15:31:17,3267.20,BR007,UPI_DEBIT,India-Kolkata
T002589,C-1251,2026-07-19 15:41:41,3667.69,BR002,UPI_DEBIT,India-Chennai
T002590,C-1185,2026-07-19 16:05:53,20604.80,BR015,NEFT_CREDIT,India-Bengaluru
T002591,C-1214,2026-07-19 17:19:42,2579.87,BR012,UPI_DEBIT,India-Bengaluru
T002592,C-1284,2026-07-19 17:23:49,3638.84,BR005,UPI_DEBIT,India-Bengaluru
T002593,C-1296,2026-07-19 17:25:10,3865.43,BR017,UPI_DEBIT,India-Kolkata
T002594,C-1076,2026-07-19 17:34:46,15407.18,BR020,CARD_PAYMENT,India-Chennai
T002595,C-1240,2026-07-19 17:48:15,7172.47,BR007,ATM_WITHDRAWAL,India-Delhi
T002596,C-1251,2026-07-19 18:22:20,56906.69,BR019,NEFT_CREDIT,India-Hyderabad
T002597,C-1246,2026-07-19 18:28:26,1645.41,BR020,UPI_DEBIT,India-Bengaluru
T002598,C-1067,2026-07-19 19:12:19,6439.40,BR010,CARD_PAYMENT,India-Bengaluru
T002599,C-1291,2026-07-19 20:15:29,12340.30,BR007,NEFT_CREDIT,India-Hyderabad
T002600,C-1179,2026-07-19 20:20:17,732.64,BR018,UPI_DEBIT,India-Pune
T002601,C-1271,2026-07-19 20:48:34,1109.77,BR014,UPI_DEBIT,India-Kolkata
T002602,C-1154,2026-07-19 22:08:33,338.69,BR005,UPI_DEBIT,India-Pune
T002603,C-1049,2026-07-19 22:19:06,4695.34,BR008,ATM_WITHDRAWAL,India-Pune
T002604,C-1218,2026-07-19 22:32:52,2503.37,BR012,UPI_DEBIT,India-Kolkata
T002605,C-1073,2026-07-19 23:47:30,74946.59,BR009,NEFT_CREDIT,India-Delhi
T002606,C-1048,2026-07-19 23:59:52,7156.89,BR015,ATM_WITHDRAWAL,India-Kolkata
T002607,C-1268,2026-07-20 00:48:10,4615.86,BR005,ATM_WITHDRAWAL,India-Kolkata
T002608,C-1164,2026-07-20 02:02:16,58741.10,BR020,NEFT_CREDIT,India-Mumbai
T002609,C-1128,2026-07-20 02:31:34,8830.52,BR005,CARD_PAYMENT,India-Kolkata
T002610,C-1058,2026-07-20 02:43:35,13111.20,BR014,ATM_WITHDRAWAL,India-Coimbatore
T002611,C-1058,2026-07-20 03:48:36,31433.65,BR019,NEFT_CREDIT,India-Kolkata
T002612,C-1184,2026-07-20 04:02:34,15414.32,BR001,CARD_PAYMENT,India-Pune
T002613,C-1240,2026-07-20 04:38:57,124830.04,BR010,SALARY_CREDIT,India-Pune
T002614,C-1237,2026-07-20 04:54:49,2113.50,BR011,UPI_DEBIT,India-Chennai
T002615,C-1144,2026-07-20 05:42:31,99063.87,BR008,SALARY_CREDIT,India-Chennai
T002616,C-1234,2026-07-20 06:52:21,55018.85,BR009,NEFT_CREDIT,India-Bengaluru
T002617,C-1140,2026-07-20 07:21:10,1969.37,BR011,UPI_DEBIT,India-Pune
T002618,C-1078,2026-07-20 08:03:56,729.15,BR016,UPI_DEBIT,India-Delhi
T002619,C-1266,2026-07-20 09:33:33,1648.06,BR014,UPI_DEBIT,India-Kolkata
T002620,C-1105,2026-07-20 09:41:26,15860.59,BR020,CARD_PAYMENT,India-Chennai
T002621,C-1094,2026-07-20 09:50:55,4638.44,BR014,CARD_PAYMENT,India-Bengaluru
T002622,C-1263,2026-07-20 09:58:58,149017.86,BR003,SALARY_CREDIT,India-Kolkata
T002623,C-1283,2026-07-20 12:02:38,18432.97,BR005,NEFT_CREDIT,India-Bengaluru
T002624,C-1210,2026-07-20 12:09:48,5970.59,BR005,CARD_PAYMENT,India-Kolkata
T002625,C-1246,2026-07-20 12:34:40,13071.86,BR008,CARD_PAYMENT,India-Bengaluru
T002626,C-1193,2026-07-20 12:47:04,5654.81,BR015,CARD_PAYMENT,India-Mumbai
T002627,C-1218,2026-07-20 14:26:51,19208.50,BR010,ATM_WITHDRAWAL,India-Chennai
T002628,C-1269,2026-07-20 14:55:51,6631.30,BR003,CARD_PAYMENT,India-Delhi
T002629,C-1248,2026-07-20 15:01:52,3055.29,BR017,CARD_PAYMENT,India-Hyderabad
T002630,C-1059,2026-07-20 15:03:27,1184.97,BR005,UPI_DEBIT,India-Bengaluru
T002631,C-1160,2026-07-20 15:24:46,2073.59,BR017,UPI_DEBIT,India-Delhi
T002632,C-1095,2026-07-20 15:35:56,139361.89,BR016,SALARY_CREDIT,India-Delhi
T002633,C-1194,2026-07-20 15:55:06,2053.33,BR004,CARD_PAYMENT,India-Chennai
T002634,C-1238,2026-07-20 15:57:37,3289.94,BR011,ATM_WITHDRAWAL,India-Kolkata
T002635,C-1134,2026-07-20 15:58:52,714.28,BR003,UPI_DEBIT,India-Bengaluru
T002636,C-1075,2026-07-20 15:59:48,26785.52,BR008,NEFT_CREDIT,India-Delhi
T002637,C-1108,2026-07-20 16:23:40,7958.84,BR012,CARD_PAYMENT,India-Hyderabad
T002638,C-1246,2026-07-20 17:02:15,19365.78,BR008,ATM_WITHDRAWAL,India-Chennai
T002639,C-1134,2026-07-20 17:21:14,75050.93,BR017,NEFT_CREDIT,India-Hyderabad
T002640,C-1186,2026-07-20 17:47:14,17453.43,BR020,ATM_WITHDRAWAL,India-Delhi
T002641,C-1114,2026-07-20 18:20:36,2529.20,BR004,UPI_DEBIT,India-Delhi
T002642,C-1223,2026-07-20 19:29:26,349.16,BR003,UPI_DEBIT,India-Delhi
T002643,C-1182,2026-07-20 20:24:23,7623.47,BR001,NEFT_CREDIT,India-Delhi
T002644,C-1202,2026-07-20 20:29:10,60157.90,BR018,SALARY_CREDIT,India-Delhi
T002645,C-1176,2026-07-20 21:05:43,14023.12,BR016,CARD_PAYMENT,India-Delhi
T002646,C-1069,2026-07-20 21:49:31,72662.26,BR006,NEFT_CREDIT,India-Chennai
T002647,C-1286,2026-07-20 22:34:42,4628.36,BR011,CARD_PAYMENT,India-Coimbatore
T002648,C-1040,2026-07-20 22:39:04,45822.49,BR017,NEFT_CREDIT,India-Pune
T002649,C-1075,2026-07-20 23:05:39,11573.78,BR018,CARD_PAYMENT,India-Delhi
T002650,C-1182,2026-07-20 23:21:07,41939.96,BR012,SALARY_CREDIT,India-Delhi
T002651,C-1052,2026-07-20 23:30:38,2168.64,BR014,ATM_WITHDRAWAL,India-Kolkata
T002652,C-1220,2026-07-21 00:55:09,13371.19,BR011,CARD_PAYMENT,India-Mumbai
T002653,C-1277,2026-07-21 02:30:41,4977.37,BR013,UPI_DEBIT,India-Hyderabad
T002654,C-1202,2026-07-21 03:11:21,566.76,BR008,UPI_DEBIT,India-Bengaluru
T002655,C-1067,2026-07-21 04:06:02,3605.93,BR008,UPI_DEBIT,India-Pune
T002656,C-1078,2026-07-21 04:31:08,47941.83,BR020,NEFT_CREDIT,India-Chennai
T002657,C-1198,2026-07-21 04:50:31,62161.79,BR006,NEFT_CREDIT,India-Chennai
T002658,C-1069,2026-07-21 05:58:10,41628.48,BR004,NEFT_CREDIT,India-Coimbatore
T002659,C-1220,2026-07-21 06:10:41,50575.24,BR014,SALARY_CREDIT,India-Pune
T002660,C-1207,2026-07-21 06:18:03,54046.83,BR007,SALARY_CREDIT,India-Hyderabad
T002661,C-1282,2026-07-21 06:26:48,3446.45,BR001,UPI_DEBIT,India-Pune
T002662,C-1008,2026-07-21 06:54:51,7064.19,BR013,CARD_PAYMENT,India-Pune
T002663,C-1049,2026-07-21 06:55:34,27123.42,BR017,NEFT_CREDIT,India-Kolkata
T002664,C-1074,2026-07-21 07:46:46,14571.03,BR006,CARD_PAYMENT,India-Mumbai
T002665,C-1214,2026-07-21 08:34:24,2201.64,BR010,UPI_DEBIT,India-Kolkata
T002666,C-1082,2026-07-21 08:35:42,3163.66,BR003,UPI_DEBIT,India-Chennai
T002667,C-1241,2026-07-21 08:40:13,931.58,BR013,UPI_DEBIT,India-Bengaluru
T002668,C-1222,2026-07-21 09:29:29,67871.43,BR001,NEFT_CREDIT,India-Coimbatore
T002669,C-1283,2026-07-21 09:49:10,4733.22,BR018,UPI_DEBIT,India-Hyderabad
T002670,C-1054,2026-07-21 09:52:36,8409.76,BR003,CARD_PAYMENT,India-Mumbai
T002671,C-1238,2026-07-21 11:00:53,61963.66,BR005,SALARY_CREDIT,India-Hyderabad
T002672,C-1256,2026-07-21 13:38:38,56225.90,BR018,NEFT_CREDIT,India-Bengaluru
T002673,C-1119,2026-07-21 13:44:32,18440.95,BR001,CARD_PAYMENT,India-Hyderabad
T002674,C-1134,2026-07-21 13:49:09,125326.46,BR015,SALARY_CREDIT,India-Chennai
T002675,C-1060,2026-07-21 13:59:37,765.88,BR018,UPI_DEBIT,India-Coimbatore
T002676,C-1105,2026-07-21 13:59:46,18494.19,BR003,CARD_PAYMENT,India-Chennai
T002677,C-1148,2026-07-21 14:12:59,853.69,BR007,UPI_DEBIT,India-Bengaluru
T002678,C-1147,2026-07-21 15:03:10,12411.66,BR002,ATM_WITHDRAWAL,India-Mumbai
T002679,C-1272,2026-07-21 15:18:08,7583.02,BR020,ATM_WITHDRAWAL,India-Delhi
T002680,C-1084,2026-07-21 15:19:32,2441.97,BR001,UPI_DEBIT,India-Pune
T002681,C-1253,2026-07-21 15:50:26,8926.29,BR004,NEFT_CREDIT,India-Bengaluru
T002682,C-1271,2026-07-21 16:32:29,15419.49,BR010,CARD_PAYMENT,India-Hyderabad
T002683,C-1293,2026-07-21 16:48:02,19194.49,BR003,CARD_PAYMENT,India-Pune
T002684,C-1109,2026-07-21 17:42:02,504.42,BR016,UPI_DEBIT,India-Hyderabad
T002685,C-1296,2026-07-21 17:52:32,1886.67,BR010,UPI_DEBIT,India-Mumbai
T002686,C-1299,2026-07-21 19:48:20,3457.15,BR002,UPI_DEBIT,India-Hyderabad
T002687,C-1290,2026-07-21 19:51:02,5360.25,BR012,CARD_PAYMENT,India-Delhi
T002688,C-1284,2026-07-21 20:04:30,52684.39,BR004,NEFT_CREDIT,India-Bengaluru
T002689,C-1187,2026-07-21 20:33:30,4873.28,BR018,CARD_PAYMENT,India-Hyderabad
T002690,C-1115,2026-07-21 21:23:13,4303.94,BR020,UPI_DEBIT,India-Kolkata
T002691,C-1240,2026-07-21 21:28:02,9868.76,BR020,CARD_PAYMENT,India-Pune
T002692,C-1088,2026-07-21 21:55:32,896.31,BR010,CARD_PAYMENT,India-Pune
T002693,C-1094,2026-07-21 22:34:25,4650.82,BR019,UPI_DEBIT,India-Coimbatore
T002694,C-1221,2026-07-21 23:25:22,4482.15,BR018,UPI_DEBIT,India-Delhi
T002695,C-1112,2026-07-21 23:36:31,25790.07,BR003,NEFT_CREDIT,India-Hyderabad
T002696,C-1236,2026-07-22 00:21:13,19298.63,BR014,ATM_WITHDRAWAL,India-Coimbatore
T002697,C-1184,2026-07-22 00:45:01,19464.49,BR019,CARD_PAYMENT,India-Kolkata
T002698,C-1195,2026-07-22 01:22:27,54179.99,BR015,NEFT_CREDIT,India-Coimbatore
T002699,C-1264,2026-07-22 01:31:18,11191.51,BR014,CARD_PAYMENT,India-Kolkata
T002700,C-1296,2026-07-22 01:41:50,4982.07,BR013,UPI_DEBIT,India-Pune
T002701,C-1240,2026-07-22 02:43:05,10848.82,BR008,CARD_PAYMENT,India-Bengaluru
T002702,C-1008,2026-07-22 02:44:29,4197.59,BR005,UPI_DEBIT,India-Pune
T002703,C-1090,2026-07-22 03:03:11,4878.51,BR009,UPI_DEBIT,India-Delhi
T002704,C-1008,2026-07-22 05:06:20,14870.78,BR005,ATM_WITHDRAWAL,India-Hyderabad
T002705,C-1132,2026-07-22 07:25:40,1594.60,BR019,UPI_DEBIT,India-Pune
T002706,C-1043,2026-07-22 08:23:15,2985.41,BR013,UPI_DEBIT,India-Delhi
T002707,C-1252,2026-07-22 08:32:44,1182.61,BR007,UPI_DEBIT,India-Kolkata
T002708,C-1274,2026-07-22 08:42:08,9217.49,BR001,CARD_PAYMENT,India-Chennai
T002709,C-1251,2026-07-22 08:50:20,3296.90,BR005,UPI_DEBIT,India-Pune
T002710,C-1059,2026-07-22 09:07:43,5623.96,BR010,CARD_PAYMENT,India-Bengaluru
T002711,C-1116,2026-07-22 10:13:18,7928.05,BR001,CARD_PAYMENT,India-Delhi
T002712,C-1240,2026-07-22 10:23:50,2782.71,BR001,UPI_DEBIT,India-Mumbai
T002713,C-1210,2026-07-22 10:42:26,125339.11,BR017,SALARY_CREDIT,India-Bengaluru
T002714,C-1274,2026-07-22 11:36:57,8219.57,BR016,ATM_WITHDRAWAL,India-Kolkata
T002715,C-1273,2026-07-22 11:37:23,5094.10,BR012,ATM_WITHDRAWAL,India-Kolkata
T002716,C-1133,2026-07-22 12:07:25,2411.99,BR017,UPI_DEBIT,India-Pune
T002717,C-1200,2026-07-22 12:38:02,3879.32,BR016,CARD_PAYMENT,India-Pune
T002718,C-1106,2026-07-22 12:43:17,12369.04,BR017,CARD_PAYMENT,India-Hyderabad
T002719,C-1231,2026-07-22 13:28:47,8104.70,BR001,CARD_PAYMENT,India-Mumbai
T002720,C-1106,2026-07-22 13:47:42,1037.44,BR016,UPI_DEBIT,India-Chennai
T002721,C-1268,2026-07-22 15:52:20,46349.97,BR004,SALARY_CREDIT,India-Pune
T002722,C-1074,2026-07-22 15:56:43,2034.68,BR004,UPI_DEBIT,India-Chennai
T002723,C-1061,2026-07-22 16:33:21,2640.59,BR018,UPI_DEBIT,India-Pune
T002724,C-1061,2026-07-22 18:37:23,12860.35,BR020,ATM_WITHDRAWAL,India-Chennai
T002725,C-1066,2026-07-22 19:58:08,1621.99,BR017,CARD_PAYMENT,India-Pune
T002726,C-1049,2026-07-22 20:10:01,4746.66,BR006,UPI_DEBIT,India-Pune
T002727,C-1210,2026-07-22 20:44:10,232.64,BR002,UPI_DEBIT,India-Coimbatore
T002728,C-1288,2026-07-22 21:19:37,4762.51,BR006,UPI_DEBIT,India-Coimbatore
T002729,C-1190,2026-07-22 21:47:04,7304.95,BR004,ATM_WITHDRAWAL,India-Delhi
T002730,C-1155,2026-07-22 22:05:41,4665.84,BR015,UPI_DEBIT,India-Chennai
T002731,C-1295,2026-07-22 22:44:21,82156.97,BR015,SALARY_CREDIT,India-Chennai
T002732,C-1149,2026-07-22 22:59:17,3049.50,BR011,UPI_DEBIT,India-Pune
T002733,C-1106,2026-07-22 23:05:59,1910.24,BR017,UPI_DEBIT,India-Pune
T002734,C-1074,2026-07-23 00:19:40,5635.14,BR005,CARD_PAYMENT,India-Coimbatore
T002735,C-1146,2026-07-23 00:39:42,3650.93,BR007,UPI_DEBIT,India-Coimbatore
T002736,C-1065,2026-07-23 00:42:48,28635.29,BR007,NEFT_CREDIT,India-Chennai
T002737,C-1155,2026-07-23 00:56:56,18145.69,BR004,CARD_PAYMENT,India-Bengaluru
T002738,C-1266,2026-07-23 02:17:12,1375.79,BR011,UPI_DEBIT,India-Hyderabad
T002739,C-1040,2026-07-23 02:26:07,1623.60,BR006,UPI_DEBIT,India-Hyderabad
T002740,C-1231,2026-07-23 02:51:29,3833.13,BR019,UPI_DEBIT,India-Hyderabad
T002741,C-1283,2026-07-23 02:52:32,1041.17,BR004,UPI_DEBIT,India-Mumbai
T002742,C-1237,2026-07-23 03:41:19,4403.87,BR010,UPI_DEBIT,India-Bengaluru
T002743,C-1207,2026-07-23 03:59:58,11066.99,BR001,NEFT_CREDIT,India-Kolkata
T002744,C-1086,2026-07-23 04:15:12,1677.48,BR002,UPI_DEBIT,India-Chennai
T002745,C-1079,2026-07-23 05:31:42,3175.79,BR005,CARD_PAYMENT,India-Delhi
T002746,C-1130,2026-07-23 05:47:12,2614.24,BR011,CARD_PAYMENT,India-Bengaluru
T002747,C-1218,2026-07-23 05:54:50,61926.58,BR007,NEFT_CREDIT,India-Mumbai
T002748,C-1103,2026-07-23 06:22:07,2420.63,BR016,UPI_DEBIT,India-Hyderabad
T002749,C-1101,2026-07-23 06:30:02,13791.19,BR009,CARD_PAYMENT,India-Delhi
T002750,C-1006,2026-07-23 06:57:33,9650.53,BR018,ATM_WITHDRAWAL,India-Kolkata
T002751,C-1121,2026-07-23 08:23:24,2799.73,BR020,UPI_DEBIT,India-Pune
T002752,C-1165,2026-07-23 08:41:21,9777.94,BR015,CARD_PAYMENT,India-Mumbai
T002753,C-1193,2026-07-23 08:50:59,694.06,BR007,UPI_DEBIT,India-Hyderabad
T002754,C-1286,2026-07-23 09:22:50,6981.40,BR001,NEFT_CREDIT,India-Delhi
T002755,C-1194,2026-07-23 09:45:50,77581.35,BR013,SALARY_CREDIT,India-Hyderabad
T002756,C-1040,2026-07-23 09:56:10,8241.56,BR005,CARD_PAYMENT,India-Bengaluru
T002757,C-1055,2026-07-23 10:00:28,4696.66,BR004,UPI_DEBIT,India-Pune
T002758,C-1254,2026-07-23 10:14:59,2795.67,BR011,UPI_DEBIT,India-Hyderabad
T002759,C-1151,2026-07-23 11:09:56,124153.09,BR004,SALARY_CREDIT,India-Pune
T002760,C-1049,2026-07-23 11:29:32,19369.48,BR019,CARD_PAYMENT,India-Coimbatore
T002761,C-1160,2026-07-23 11:55:47,3871.35,BR009,UPI_DEBIT,India-Coimbatore
T002762,C-1070,2026-07-23 12:00:45,143224.69,BR014,SALARY_CREDIT,India-Bengaluru
T002763,C-1276,2026-07-23 12:11:57,17401.17,BR003,CARD_PAYMENT,India-Mumbai
T002764,C-1116,2026-07-23 12:52:16,19447.84,BR020,CARD_PAYMENT,India-Pune
T002765,C-1238,2026-07-23 14:28:00,10241.34,BR010,ATM_WITHDRAWAL,India-Pune
T002766,C-1097,2026-07-23 15:01:07,3607.55,BR003,UPI_DEBIT,India-Coimbatore
T002767,C-1072,2026-07-23 15:07:23,9935.86,BR020,ATM_WITHDRAWAL,India-Mumbai
T002768,C-1285,2026-07-23 15:09:09,579.49,BR010,UPI_DEBIT,India-Pune
T002769,C-1299,2026-07-23 15:15:35,75304.97,BR012,NEFT_CREDIT,India-Pune
T002770,C-1114,2026-07-23 15:28:11,9195.84,BR018,ATM_WITHDRAWAL,India-Delhi
T002771,C-1142,2026-07-23 15:50:40,35270.18,BR018,NEFT_CREDIT,India-Chennai
T002772,C-1049,2026-07-23 16:30:30,3922.39,BR006,UPI_DEBIT,India-Chennai
T002773,C-1296,2026-07-23 17:30:51,13989.47,BR017,CARD_PAYMENT,India-Hyderabad
T002774,C-1165,2026-07-23 18:30:36,408.63,BR020,UPI_DEBIT,India-Delhi
T002775,C-1213,2026-07-23 18:32:04,14621.54,BR011,NEFT_CREDIT,India-Hyderabad
T002776,C-1200,2026-07-23 19:06:49,39847.16,BR001,NEFT_CREDIT,India-Kolkata
T002777,C-1077,2026-07-23 19:07:15,3240.01,BR009,UPI_DEBIT,India-Delhi
T002778,C-1090,2026-07-23 19:56:28,11674.25,BR020,CARD_PAYMENT,India-Hyderabad
T002779,C-1110,2026-07-23 20:30:57,992.10,BR007,UPI_DEBIT,India-Pune
T002780,C-1209,2026-07-23 20:43:16,17896.38,BR007,ATM_WITHDRAWAL,India-Pune
T002781,C-1297,2026-07-23 21:52:37,15765.32,BR009,CARD_PAYMENT,India-Delhi
T002782,C-1281,2026-07-23 22:11:37,18753.04,BR009,CARD_PAYMENT,India-Delhi
T002783,C-1248,2026-07-23 22:26:26,8590.53,BR018,CARD_PAYMENT,India-Coimbatore
T002784,C-1277,2026-07-24 00:45:16,11040.12,BR007,ATM_WITHDRAWAL,India-Delhi
T002785,C-1254,2026-07-24 01:11:12,6707.75,BR003,CARD_PAYMENT,India-Chennai
T002786,C-1131,2026-07-24 01:20:31,810.12,BR005,UPI_DEBIT,India-Kolkata
T002787,C-1137,2026-07-24 01:46:18,18864.72,BR016,CARD_PAYMENT,India-Delhi
T002788,C-1300,2026-07-24 01:47:18,16902.66,BR010,CARD_PAYMENT,India-Delhi
T002789,C-1235,2026-07-24 01:50:17,4379.63,BR019,UPI_DEBIT,India-Pune
T002790,C-1093,2026-07-24 02:24:10,14963.27,BR015,CARD_PAYMENT,India-Bengaluru
T002791,C-1067,2026-07-24 03:39:23,8093.29,BR003,ATM_WITHDRAWAL,India-Kolkata
T002792,C-1206,2026-07-24 03:49:58,16146.96,BR020,CARD_PAYMENT,India-Mumbai
T002793,C-1217,2026-07-24 03:53:33,7885.37,BR006,ATM_WITHDRAWAL,India-Chennai
T002794,C-1280,2026-07-24 03:56:52,5332.88,BR013,CARD_PAYMENT,India-Delhi
T002795,C-1007,2026-07-24 04:04:41,4258.14,BR006,UPI_DEBIT,India-Chennai
T002796,C-1104,2026-07-24 04:06:30,4876.68,BR006,UPI_DEBIT,India-Chennai
T002797,C-1176,2026-07-24 04:20:46,85455.50,BR016,SALARY_CREDIT,India-Chennai
T002798,C-1263,2026-07-24 05:04:09,940.87,BR014,UPI_DEBIT,India-Bengaluru
T002799,C-1096,2026-07-24 05:04:21,11815.14,BR019,NEFT_CREDIT,India-Coimbatore
T002800,C-1216,2026-07-24 05:10:23,4735.26,BR016,UPI_DEBIT,India-Chennai
T002801,C-1228,2026-07-24 05:38:40,1359.33,BR001,UPI_DEBIT,India-Delhi
T002802,C-1151,2026-07-24 05:40:01,1298.42,BR004,UPI_DEBIT,India-Delhi
T002803,C-1235,2026-07-24 05:44:13,5287.65,BR003,CARD_PAYMENT,India-Pune
T002804,C-1205,2026-07-24 06:24:56,2628.75,BR010,UPI_DEBIT,India-Pune
T002805,C-1136,2026-07-24 06:38:31,8209.66,BR003,ATM_WITHDRAWAL,India-Hyderabad
T002806,C-1090,2026-07-24 06:46:44,2013.13,BR002,UPI_DEBIT,India-Coimbatore
T002807,C-1260,2026-07-24 07:01:06,4508.11,BR016,UPI_DEBIT,India-Pune
T002808,C-1076,2026-07-24 07:26:56,109275.31,BR003,SALARY_CREDIT,India-Coimbatore
T002809,C-1168,2026-07-24 07:39:10,3403.10,BR008,UPI_DEBIT,India-Hyderabad
T002810,C-1233,2026-07-24 07:55:18,18676.17,BR017,CARD_PAYMENT,India-Pune
T002811,C-1275,2026-07-24 08:00:03,4953.68,BR017,UPI_DEBIT,India-Pune
T002812,C-1280,2026-07-24 08:09:32,2943.68,BR013,UPI_DEBIT,India-Coimbatore
T002813,C-1090,2026-07-24 08:39:53,4063.09,BR017,UPI_DEBIT,India-Kolkata
T002814,C-1053,2026-07-24 08:52:54,46485.13,BR010,SALARY_CREDIT,India-Pune
T002815,C-1065,2026-07-24 10:19:42,6469.47,BR001,CARD_PAYMENT,India-Hyderabad
T002816,C-1205,2026-07-24 10:24:13,22928.40,BR016,NEFT_CREDIT,India-Hyderabad
T002817,C-1259,2026-07-24 10:26:56,1785.74,BR016,UPI_DEBIT,India-Coimbatore
T002818,C-1260,2026-07-24 11:32:46,4472.80,BR014,ATM_WITHDRAWAL,India-Hyderabad
T002819,C-1231,2026-07-24 12:29:16,4575.32,BR015,UPI_DEBIT,India-Kolkata
T002820,C-1072,2026-07-24 13:34:12,885.73,BR007,UPI_DEBIT,India-Coimbatore
T002821,C-1288,2026-07-24 13:35:05,774.56,BR015,UPI_DEBIT,India-Coimbatore
T002822,C-1040,2026-07-24 13:51:02,1620.61,BR013,CARD_PAYMENT,India-Chennai
T002823,C-1207,2026-07-24 14:09:50,20987.25,BR013,NEFT_CREDIT,India-Bengaluru
T002824,C-1150,2026-07-24 14:13:12,6170.42,BR002,CARD_PAYMENT,India-Pune
T002825,C-1172,2026-07-24 14:26:12,3009.32,BR004,UPI_DEBIT,India-Hyderabad
T002826,C-1256,2026-07-24 15:22:00,1141.70,BR014,UPI_DEBIT,India-Chennai
T002827,C-1280,2026-07-24 15:43:10,4643.64,BR018,CARD_PAYMENT,India-Coimbatore
T002828,C-1084,2026-07-24 16:00:26,7309.98,BR012,CARD_PAYMENT,India-Mumbai
T002829,C-1097,2026-07-24 16:03:02,17501.89,BR019,ATM_WITHDRAWAL,India-Kolkata
T002830,C-1300,2026-07-24 16:18:59,2788.66,BR015,UPI_DEBIT,India-Mumbai
T002831,C-1221,2026-07-24 16:25:08,18851.21,BR002,CARD_PAYMENT,India-Delhi
T002832,C-1150,2026-07-24 16:30:28,125763.74,BR013,SALARY_CREDIT,India-Bengaluru
T002833,C-1192,2026-07-24 16:45:49,14642.77,BR001,CARD_PAYMENT,India-Delhi
T002834,C-1190,2026-07-24 17:22:39,12376.10,BR016,ATM_WITHDRAWAL,India-Kolkata
T002835,C-1125,2026-07-24 17:26:30,4377.03,BR015,UPI_DEBIT,India-Bengaluru
T002836,C-1091,2026-07-24 17:59:56,3740.19,BR004,UPI_DEBIT,India-Delhi
T002837,C-1179,2026-07-24 18:33:56,1364.50,BR015,UPI_DEBIT,India-Coimbatore
T002838,C-1154,2026-07-24 19:02:24,15059.96,BR005,CARD_PAYMENT,India-Pune
T002839,C-1091,2026-07-24 19:25:45,2742.01,BR011,UPI_DEBIT,India-Kolkata
T002840,C-1045,2026-07-24 19:45:34,15136.26,BR008,NEFT_CREDIT,India-Chennai
T002841,C-1137,2026-07-24 20:18:37,1831.25,BR001,UPI_DEBIT,India-Pune
T002842,C-1047,2026-07-24 20:20:18,134612.95,BR004,SALARY_CREDIT,India-Mumbai
T002843,C-1156,2026-07-24 20:35:34,74745.70,BR008,NEFT_CREDIT,India-Chennai
T002844,C-1064,2026-07-24 20:53:41,29928.93,BR006,NEFT_CREDIT,India-Kolkata
T002845,C-1195,2026-07-24 20:56:55,1299.84,BR009,CARD_PAYMENT,India-Chennai
T002846,C-1206,2026-07-24 20:59:56,11100.02,BR010,CARD_PAYMENT,India-Bengaluru
T002847,C-1288,2026-07-24 21:17:37,3374.74,BR015,UPI_DEBIT,India-Bengaluru
T002848,C-1054,2026-07-24 21:29:24,19172.49,BR002,CARD_PAYMENT,India-Bengaluru
T002849,C-1261,2026-07-24 21:37:57,4707.23,BR009,UPI_DEBIT,India-Mumbai
T002850,C-1005,2026-07-24 22:34:46,4309.00,BR012,UPI_DEBIT,India-Bengaluru
T002851,C-1100,2026-07-24 23:08:56,3241.41,BR008,UPI_DEBIT,India-Pune
T002852,C-1202,2026-07-24 23:41:50,622.93,BR009,UPI_DEBIT,India-Chennai
T002853,C-1058,2026-07-25 00:31:06,72508.31,BR018,NEFT_CREDIT,India-Hyderabad
T002854,C-1291,2026-07-25 00:57:46,114749.66,BR005,SALARY_CREDIT,India-Mumbai
T002855,C-1225,2026-07-25 03:03:01,9400.56,BR004,ATM_WITHDRAWAL,India-Mumbai
T002856,C-1048,2026-07-25 03:30:41,5035.32,BR015,NEFT_CREDIT,India-Bengaluru
T002857,C-1181,2026-07-25 04:12:47,128490.42,BR012,SALARY_CREDIT,India-Mumbai
T002858,C-1092,2026-07-25 04:26:47,7537.59,BR017,CARD_PAYMENT,India-Mumbai
T002859,C-1247,2026-07-25 04:35:04,65098.64,BR016,SALARY_CREDIT,India-Pune
T002860,C-1235,2026-07-25 05:23:52,47831.85,BR002,SALARY_CREDIT,India-Kolkata
T002861,C-1127,2026-07-25 05:25:24,2230.86,BR001,UPI_DEBIT,India-Chennai
T002862,C-1194,2026-07-25 05:57:26,15060.86,BR014,ATM_WITHDRAWAL,India-Chennai
T002863,C-1146,2026-07-25 06:40:47,37701.25,BR013,NEFT_CREDIT,India-Coimbatore
T002864,C-1299,2026-07-25 06:58:35,3641.65,BR007,UPI_DEBIT,India-Kolkata
T002865,C-1284,2026-07-25 07:54:19,61948.39,BR009,NEFT_CREDIT,India-Delhi
T002866,C-1064,2026-07-25 08:40:34,940.14,BR020,CARD_PAYMENT,India-Chennai
T002867,C-1225,2026-07-25 08:49:09,4611.77,BR004,ATM_WITHDRAWAL,India-Delhi
T002868,C-1120,2026-07-25 08:51:33,3828.84,BR010,UPI_DEBIT,India-Coimbatore
T002869,C-1099,2026-07-25 10:02:32,29345.40,BR019,NEFT_CREDIT,India-Coimbatore
T002870,C-1213,2026-07-25 10:51:54,74371.98,BR004,SALARY_CREDIT,India-Mumbai
T002871,C-1125,2026-07-25 11:27:04,56071.70,BR009,NEFT_CREDIT,India-Kolkata
T002872,C-1300,2026-07-25 12:12:41,70255.52,BR020,NEFT_CREDIT,India-Chennai
T002873,C-1092,2026-07-25 13:58:30,59559.06,BR015,SALARY_CREDIT,India-Chennai
T002874,C-1157,2026-07-25 14:52:41,4778.18,BR017,UPI_DEBIT,India-Hyderabad
T002875,C-1159,2026-07-25 14:52:47,34113.62,BR018,NEFT_CREDIT,India-Kolkata
T002876,C-1114,2026-07-25 15:32:26,450.50,BR013,UPI_DEBIT,India-Coimbatore
T002877,C-1109,2026-07-25 15:55:58,4101.40,BR017,UPI_DEBIT,India-Delhi
T002878,C-1190,2026-07-25 16:15:36,11603.14,BR005,CARD_PAYMENT,India-Coimbatore
T002879,C-1285,2026-07-25 16:49:58,359.09,BR008,UPI_DEBIT,India-Delhi
T002880,C-1248,2026-07-25 18:46:02,3623.09,BR016,UPI_DEBIT,India-Bengaluru
T002881,C-1188,2026-07-25 19:03:41,2565.81,BR010,UPI_DEBIT,India-Kolkata
T002882,C-1226,2026-07-25 19:51:58,935.64,BR019,UPI_DEBIT,India-Hyderabad
T002883,C-1125,2026-07-25 20:23:17,44062.45,BR016,NEFT_CREDIT,India-Mumbai
T002884,C-1064,2026-07-25 20:51:48,40572.55,BR019,NEFT_CREDIT,India-Delhi
T002885,C-1120,2026-07-25 21:00:20,74258.44,BR014,NEFT_CREDIT,India-Kolkata
T002886,C-1057,2026-07-25 21:15:18,17280.80,BR017,ATM_WITHDRAWAL,India-Pune
T002887,C-1222,2026-07-25 21:21:54,8696.65,BR012,NEFT_CREDIT,India-Mumbai
T002888,C-1059,2026-07-25 21:39:46,1587.16,BR017,UPI_DEBIT,India-Coimbatore
T002889,C-1119,2026-07-25 22:17:50,39664.57,BR019,NEFT_CREDIT,India-Chennai
T002890,C-1262,2026-07-25 22:47:12,54121.99,BR007,NEFT_CREDIT,India-Bengaluru
T002891,C-1085,2026-07-25 23:01:10,4535.65,BR012,UPI_DEBIT,India-Coimbatore
T002892,C-1184,2026-07-25 23:04:38,4055.63,BR020,UPI_DEBIT,India-Delhi
T002893,C-1103,2026-07-26 00:05:51,4584.60,BR013,UPI_DEBIT,India-Mumbai
T002894,C-1148,2026-07-26 00:55:11,3376.52,BR001,UPI_DEBIT,India-Coimbatore
T002895,C-1099,2026-07-26 01:00:33,4341.40,BR019,UPI_DEBIT,India-Hyderabad
T002896,C-1276,2026-07-26 01:18:59,2914.48,BR006,UPI_DEBIT,India-Pune
T002897,C-1073,2026-07-26 01:31:31,16547.97,BR009,ATM_WITHDRAWAL,India-Mumbai
T002898,C-1240,2026-07-26 01:40:30,18000.91,BR014,CARD_PAYMENT,India-Bengaluru
T002899,C-1079,2026-07-26 01:54:50,394.64,BR020,UPI_DEBIT,India-Mumbai
T002900,C-1128,2026-07-26 02:02:43,2668.07,BR004,UPI_DEBIT,India-Coimbatore
T002901,C-1240,2026-07-26 02:16:45,79269.98,BR004,SALARY_CREDIT,India-Kolkata
T002902,C-1178,2026-07-26 02:21:19,23083.56,BR009,NEFT_CREDIT,India-Mumbai
T002903,C-1201,2026-07-26 02:26:52,107038.63,BR006,SALARY_CREDIT,India-Delhi
T002904,C-1135,2026-07-26 02:28:24,3837.01,BR014,ATM_WITHDRAWAL,India-Delhi
T002905,C-1217,2026-07-26 02:59:48,1072.43,BR002,UPI_DEBIT,India-Delhi
T002906,C-1287,2026-07-26 03:03:57,17568.47,BR009,CARD_PAYMENT,India-Kolkata
T002907,C-1219,2026-07-26 03:06:01,14838.07,BR007,CARD_PAYMENT,India-Kolkata
T002908,C-1055,2026-07-26 03:19:18,1740.19,BR008,UPI_DEBIT,India-Chennai
T002909,C-1058,2026-07-26 03:30:15,4970.02,BR006,UPI_DEBIT,India-Coimbatore
T002910,C-1068,2026-07-26 03:50:47,3326.98,BR013,CARD_PAYMENT,India-Delhi
T002911,C-1096,2026-07-26 03:54:08,1719.68,BR001,UPI_DEBIT,India-Kolkata
T002912,C-1096,2026-07-26 04:14:01,2114.69,BR014,UPI_DEBIT,India-Bengaluru
T002913,C-1190,2026-07-26 04:31:38,11714.52,BR011,ATM_WITHDRAWAL,India-Delhi
T002914,C-1277,2026-07-26 04:32:48,2689.75,BR018,UPI_DEBIT,India-Chennai
T002915,C-1063,2026-07-26 04:44:23,16248.71,BR014,CARD_PAYMENT,India-Kolkata
T002916,C-1243,2026-07-26 05:59:50,11985.03,BR017,NEFT_CREDIT,India-Bengaluru
T002917,C-1126,2026-07-26 06:48:01,4619.82,BR007,UPI_DEBIT,India-Kolkata
T002918,C-1174,2026-07-26 07:16:09,75714.80,BR020,SALARY_CREDIT,India-Delhi
T002919,C-1206,2026-07-26 08:44:34,15284.43,BR006,ATM_WITHDRAWAL,India-Coimbatore
T002920,C-1230,2026-07-26 08:48:56,7276.02,BR012,CARD_PAYMENT,India-Delhi
T002921,C-1059,2026-07-26 09:43:13,4539.89,BR003,UPI_DEBIT,India-Kolkata
T002922,C-1198,2026-07-26 09:43:31,46685.42,BR020,NEFT_CREDIT,India-Chennai
T002923,C-1250,2026-07-26 10:28:01,45707.09,BR006,NEFT_CREDIT,India-Delhi
T002924,C-1082,2026-07-26 10:50:46,7227.85,BR001,ATM_WITHDRAWAL,India-Bengaluru
T002925,C-1281,2026-07-26 11:18:06,54287.22,BR011,NEFT_CREDIT,India-Coimbatore
T002926,C-1067,2026-07-26 11:33:49,87296.32,BR015,SALARY_CREDIT,India-Coimbatore
T002927,C-1280,2026-07-26 11:43:53,1285.58,BR002,CARD_PAYMENT,India-Mumbai
T002928,C-1201,2026-07-26 12:19:43,3751.51,BR016,UPI_DEBIT,India-Hyderabad
T002929,C-1217,2026-07-26 13:37:09,74494.72,BR006,NEFT_CREDIT,India-Hyderabad
T002930,C-1230,2026-07-26 13:43:09,12086.68,BR018,CARD_PAYMENT,India-Bengaluru
T002931,C-1060,2026-07-26 14:04:12,2397.88,BR014,UPI_DEBIT,India-Hyderabad
T002932,C-1128,2026-07-26 14:21:43,16216.08,BR002,CARD_PAYMENT,India-Coimbatore
T002933,C-1198,2026-07-26 14:40:18,25886.34,BR012,NEFT_CREDIT,India-Hyderabad
T002934,C-1169,2026-07-26 14:48:46,3956.67,BR001,UPI_DEBIT,India-Chennai
T002935,C-1273,2026-07-26 15:10:48,2954.62,BR003,UPI_DEBIT,India-Pune
T002936,C-1257,2026-07-26 16:22:28,708.69,BR013,UPI_DEBIT,India-Pune
T002937,C-1210,2026-07-26 16:42:15,3684.85,BR020,UPI_DEBIT,India-Coimbatore
T002938,C-1250,2026-07-26 16:44:22,12699.84,BR015,CARD_PAYMENT,India-Hyderabad
T002939,C-1128,2026-07-26 17:14:56,54394.18,BR010,NEFT_CREDIT,India-Kolkata
T002940,C-1182,2026-07-26 17:52:51,822.31,BR004,UPI_DEBIT,India-Kolkata
T002941,C-1219,2026-07-26 18:14:19,13768.25,BR012,ATM_WITHDRAWAL,India-Bengaluru
T002942,C-1195,2026-07-26 18:46:35,4710.65,BR014,UPI_DEBIT,India-Hyderabad
T002943,C-1191,2026-07-26 19:08:10,1655.28,BR012,UPI_DEBIT,India-Mumbai
T002944,C-1267,2026-07-26 19:37:27,387.34,BR016,UPI_DEBIT,India-Chennai
T002945,C-1079,2026-07-26 21:13:25,98744.63,BR016,SALARY_CREDIT,India-Kolkata
T002946,C-1156,2026-07-26 22:21:05,7746.37,BR008,CARD_PAYMENT,India-Delhi
T002947,C-1164,2026-07-26 23:04:58,65524.74,BR011,NEFT_CREDIT,India-Bengaluru
T002948,C-1242,2026-07-26 23:17:45,350.48,BR002,UPI_DEBIT,India-Pune
T002949,C-1231,2026-07-26 23:42:47,16610.54,BR001,CARD_PAYMENT,India-Mumbai
T002950,C-1123,2026-07-26 23:42:51,115302.77,BR017,SALARY_CREDIT,India-Pune
T002951,C-1075,2026-07-27 00:04:54,2754.43,BR007,UPI_DEBIT,India-Coimbatore
T002952,C-1181,2026-07-27 00:12:17,2569.81,BR003,UPI_DEBIT,India-Pune
T002953,C-1152,2026-07-27 01:40:02,17260.75,BR012,CARD_PAYMENT,India-Kolkata
T002954,C-1250,2026-07-27 02:01:20,102699.77,BR018,SALARY_CREDIT,India-Chennai
T002955,C-1159,2026-07-27 02:07:47,64066.71,BR011,NEFT_CREDIT,India-Mumbai
T002956,C-1175,2026-07-27 02:49:47,18972.42,BR003,CARD_PAYMENT,India-Mumbai
T002957,C-1049,2026-07-27 03:53:15,25848.05,BR011,SALARY_CREDIT,India-Chennai
T002958,C-1090,2026-07-27 03:58:35,1265.87,BR001,UPI_DEBIT,India-Bengaluru
T002959,C-1273,2026-07-27 05:11:31,300.47,BR003,UPI_DEBIT,India-Hyderabad
T002960,C-1253,2026-07-27 05:43:31,6309.57,BR019,CARD_PAYMENT,India-Kolkata
T002961,C-1280,2026-07-27 06:33:18,3354.20,BR017,UPI_DEBIT,India-Mumbai
T002962,C-1146,2026-07-27 06:36:22,21163.32,BR016,NEFT_CREDIT,India-Mumbai
T002963,C-1186,2026-07-27 07:15:11,16950.56,BR009,CARD_PAYMENT,India-Hyderabad
T002964,C-1094,2026-07-27 07:21:10,91936.52,BR016,SALARY_CREDIT,India-Bengaluru
T002965,C-1112,2026-07-27 07:35:43,24183.37,BR010,NEFT_CREDIT,India-Kolkata
T002966,C-1083,2026-07-27 07:48:25,50760.57,BR006,SALARY_CREDIT,India-Delhi
T002967,C-1069,2026-07-27 08:12:54,71789.72,BR013,SALARY_CREDIT,India-Chennai
T002968,C-1120,2026-07-27 08:41:36,16933.68,BR005,CARD_PAYMENT,India-Delhi
T002969,C-1050,2026-07-27 08:59:01,5569.22,BR006,ATM_WITHDRAWAL,India-Mumbai
T002970,C-1153,2026-07-27 09:02:19,1107.46,BR015,UPI_DEBIT,India-Mumbai
T002971,C-1280,2026-07-27 09:17:36,521.36,BR013,UPI_DEBIT,India-Bengaluru
T002972,C-1270,2026-07-27 11:04:26,11788.38,BR001,CARD_PAYMENT,India-Coimbatore
T002973,C-1163,2026-07-27 11:37:49,5468.62,BR003,CARD_PAYMENT,India-Chennai
T002974,C-1221,2026-07-27 12:08:47,18588.50,BR003,NEFT_CREDIT,India-Hyderabad
T002975,C-1131,2026-07-27 12:31:21,8455.24,BR014,ATM_WITHDRAWAL,India-Coimbatore
T002976,C-1171,2026-07-27 12:40:16,3110.71,BR002,UPI_DEBIT,India-Kolkata
T002977,C-1159,2026-07-27 13:01:40,47621.12,BR004,NEFT_CREDIT,India-Bengaluru
T002978,C-1004,2026-07-27 13:43:21,2443.37,BR017,UPI_DEBIT,India-Delhi
T002979,C-1175,2026-07-27 13:49:33,1981.66,BR007,CARD_PAYMENT,India-Hyderabad
T002980,C-1152,2026-07-27 14:05:29,13671.30,BR006,CARD_PAYMENT,India-Coimbatore
T002981,C-1161,2026-07-27 14:19:35,2754.80,BR015,UPI_DEBIT,India-Pune
T002982,C-1152,2026-07-27 14:30:24,2973.22,BR015,UPI_DEBIT,India-Kolkata
T002983,C-1182,2026-07-27 15:08:05,3640.15,BR010,UPI_DEBIT,India-Kolkata
T002984,C-1173,2026-07-27 15:08:54,2504.63,BR010,UPI_DEBIT,India-Coimbatore
T002985,C-1184,2026-07-27 15:15:22,1322.17,BR018,UPI_DEBIT,India-Mumbai
T002986,C-1087,2026-07-27 15:57:33,4292.59,BR009,UPI_DEBIT,India-Chennai
T002987,C-1111,2026-07-27 16:45:32,5301.72,BR018,CARD_PAYMENT,India-Hyderabad
T002988,C-1240,2026-07-27 17:36:41,28270.53,BR008,SALARY_CREDIT,India-Kolkata
T002989,C-1043,2026-07-27 18:11:24,987.24,BR009,UPI_DEBIT,India-Bengaluru
T002990,C-1287,2026-07-27 18:13:25,4345.24,BR001,UPI_DEBIT,India-Delhi
T002991,C-1118,2026-07-27 18:46:00,12304.25,BR015,NEFT_CREDIT,India-Mumbai
T002992,C-1205,2026-07-27 19:36:03,59121.08,BR002,SALARY_CREDIT,India-Coimbatore
T002993,C-1214,2026-07-27 20:39:25,17203.83,BR011,ATM_WITHDRAWAL,India-Bengaluru
T002994,C-1211,2026-07-27 20:41:08,4837.87,BR013,ATM_WITHDRAWAL,India-Delhi
T002995,C-1127,2026-07-27 21:53:52,46896.61,BR017,NEFT_CREDIT,India-Mumbai
T002996,C-1149,2026-07-27 22:36:01,5738.42,BR016,ATM_WITHDRAWAL,India-Kolkata
T002997,C-1244,2026-07-27 23:20:45,733.40,BR013,UPI_DEBIT,India-Chennai
T002998,C-1106,2026-07-27 23:26:36,5093.60,BR005,CARD_PAYMENT,India-Delhi
T002999,C-1117,2026-07-27 23:33:29,18696.69,BR002,ATM_WITHDRAWAL,India-Pune
T003000,C-1189,2026-07-27 23:36:12,8702.61,BR014,CARD_PAYMENT,India-Kolkata
T003001,C-1070,2026-07-28 00:00:37,5345.48,BR005,NEFT_CREDIT,India-Bengaluru
T003002,C-1259,2026-07-28 00:19:46,13937.14,BR018,ATM_WITHDRAWAL,India-Pune
T003003,C-1263,2026-07-28 00:50:32,64284.72,BR013,NEFT_CREDIT,India-Kolkata
T003004,C-1118,2026-07-28 01:17:26,5404.93,BR007,CARD_PAYMENT,India-Bengaluru
T003005,C-1222,2026-07-28 01:22:07,72388.14,BR008,NEFT_CREDIT,India-Delhi
T003006,C-1134,2026-07-28 01:50:49,63316.99,BR004,SALARY_CREDIT,India-Coimbatore
T003007,C-1129,2026-07-28 02:06:02,7581.40,BR007,CARD_PAYMENT,India-Chennai
T003008,C-1243,2026-07-28 02:07:33,14028.73,BR001,CARD_PAYMENT,India-Pune
T003009,C-1266,2026-07-28 03:02:33,4787.63,BR017,CARD_PAYMENT,India-Hyderabad
T003010,C-1202,2026-07-28 03:11:38,16836.83,BR017,CARD_PAYMENT,India-Chennai
T003011,C-1092,2026-07-28 03:44:57,994.85,BR001,UPI_DEBIT,India-Coimbatore
T003012,C-1075,2026-07-28 04:06:23,126598.38,BR006,SALARY_CREDIT,India-Kolkata
T003013,C-1240,2026-07-28 06:02:24,4978.83,BR003,ATM_WITHDRAWAL,India-Hyderabad
T003014,C-1111,2026-07-28 06:43:16,14146.79,BR012,CARD_PAYMENT,India-Delhi
T003015,C-1077,2026-07-28 08:38:51,27240.34,BR019,SALARY_CREDIT,India-Mumbai
T003016,C-1141,2026-07-28 08:39:56,7141.32,BR008,CARD_PAYMENT,India-Chennai
T003017,C-1085,2026-07-28 09:34:56,302.07,BR016,UPI_DEBIT,India-Pune
T003018,C-1197,2026-07-28 10:18:25,3773.51,BR007,UPI_DEBIT,India-Coimbatore
T003019,C-1131,2026-07-28 11:06:16,18370.59,BR004,CARD_PAYMENT,India-Coimbatore
T003020,C-1090,2026-07-28 11:25:49,4884.51,BR002,UPI_DEBIT,India-Mumbai
T003021,C-1189,2026-07-28 11:27:45,2155.39,BR011,UPI_DEBIT,India-Bengaluru
T003022,C-1008,2026-07-28 12:03:33,812.90,BR012,UPI_DEBIT,India-Pune
T003023,C-1256,2026-07-28 12:07:36,38781.01,BR003,NEFT_CREDIT,India-Chennai
T003024,C-1119,2026-07-28 12:28:22,36061.17,BR016,NEFT_CREDIT,India-Kolkata
T003025,C-1166,2026-07-28 13:07:28,4723.10,BR014,UPI_DEBIT,India-Coimbatore
T003026,C-1158,2026-07-28 13:37:06,11333.19,BR001,ATM_WITHDRAWAL,India-Mumbai
T003027,C-1047,2026-07-28 14:39:38,6012.86,BR002,ATM_WITHDRAWAL,India-Hyderabad
T003028,C-1131,2026-07-28 15:35:02,5216.13,BR008,CARD_PAYMENT,India-Delhi
T003029,C-1251,2026-07-28 15:53:35,17442.55,BR012,CARD_PAYMENT,India-Pune
T003030,C-1239,2026-07-28 16:05:35,61951.62,BR005,NEFT_CREDIT,India-Mumbai
T003031,C-1205,2026-07-28 16:10:44,14236.09,BR018,CARD_PAYMENT,India-Coimbatore
T003032,C-1192,2026-07-28 16:49:44,3316.97,BR020,UPI_DEBIT,India-Chennai
T003033,C-1105,2026-07-28 17:37:27,10065.65,BR007,NEFT_CREDIT,India-Bengaluru
T003034,C-1258,2026-07-28 18:56:02,904.25,BR006,UPI_DEBIT,India-Delhi
T003035,C-1149,2026-07-28 19:25:55,16982.50,BR010,CARD_PAYMENT,India-Pune
T003036,C-1158,2026-07-28 21:09:01,18218.17,BR017,ATM_WITHDRAWAL,India-Delhi
T003037,C-1230,2026-07-28 21:09:24,1575.32,BR012,UPI_DEBIT,India-Bengaluru
T003038,C-1209,2026-07-28 21:52:49,69943.98,BR017,NEFT_CREDIT,India-Mumbai
T003039,C-1194,2026-07-28 23:24:15,1584.32,BR013,UPI_DEBIT,India-Delhi
T003040,C-1146,2026-07-29 00:38:35,8523.64,BR017,NEFT_CREDIT,India-Pune
T003041,C-1223,2026-07-29 01:06:29,13293.91,BR015,CARD_PAYMENT,India-Bengaluru
T003042,C-1044,2026-07-29 01:20:01,4228.39,BR016,UPI_DEBIT,India-Delhi
T003043,C-1106,2026-07-29 03:32:03,1877.43,BR016,UPI_DEBIT,India-Hyderabad
T003044,C-1127,2026-07-29 03:59:06,39569.24,BR017,NEFT_CREDIT,India-Hyderabad
T003045,C-1049,2026-07-29 06:27:18,1337.76,BR020,UPI_DEBIT,India-Pune
T003046,C-1247,2026-07-29 06:34:24,66417.09,BR013,SALARY_CREDIT,India-Kolkata
T003047,C-1137,2026-07-29 06:40:06,11600.15,BR010,CARD_PAYMENT,India-Bengaluru
T003048,C-1104,2026-07-29 06:58:17,334.27,BR001,UPI_DEBIT,India-Mumbai
T003049,C-1289,2026-07-29 07:46:27,3518.34,BR005,UPI_DEBIT,India-Kolkata
T003050,C-1161,2026-07-29 08:05:01,679.64,BR006,UPI_DEBIT,India-Kolkata
T003051,C-1297,2026-07-29 08:22:54,6028.90,BR016,CARD_PAYMENT,India-Hyderabad
T003052,C-1065,2026-07-29 08:58:20,4702.43,BR006,UPI_DEBIT,India-Hyderabad
T003053,C-1204,2026-07-29 11:07:02,1033.64,BR002,UPI_DEBIT,India-Coimbatore
T003054,C-1137,2026-07-29 12:51:09,16110.85,BR012,ATM_WITHDRAWAL,India-Kolkata
T003055,C-1214,2026-07-29 12:59:41,1703.12,BR007,UPI_DEBIT,India-Kolkata
T003056,C-1258,2026-07-29 13:57:23,2025.67,BR020,UPI_DEBIT,India-Coimbatore
T003057,C-1096,2026-07-29 14:14:22,62911.47,BR013,SALARY_CREDIT,India-Bengaluru
T003058,C-1213,2026-07-29 14:16:54,50716.51,BR005,NEFT_CREDIT,India-Hyderabad
T003059,C-1264,2026-07-29 14:18:50,646.37,BR012,UPI_DEBIT,India-Hyderabad
T003060,C-1202,2026-07-29 14:51:30,4966.09,BR002,UPI_DEBIT,India-Hyderabad
T003061,C-1300,2026-07-29 14:52:21,4429.41,BR010,UPI_DEBIT,India-Chennai
T003062,C-1118,2026-07-29 16:20:01,1744.33,BR017,UPI_DEBIT,India-Pune
T003063,C-1091,2026-07-29 17:18:42,59988.95,BR003,SALARY_CREDIT,India-Kolkata
T003064,C-1097,2026-07-29 17:19:59,4899.72,BR020,UPI_DEBIT,India-Bengaluru
T003065,C-1066,2026-07-29 18:29:57,16941.93,BR008,CARD_PAYMENT,India-Bengaluru
T003066,C-1295,2026-07-29 18:30:11,2005.51,BR017,UPI_DEBIT,India-Kolkata
T003067,C-1081,2026-07-29 18:49:12,3217.02,BR001,CARD_PAYMENT,India-Coimbatore
T003068,C-1105,2026-07-29 19:51:39,10862.74,BR001,CARD_PAYMENT,India-Kolkata
T003069,C-1116,2026-07-29 19:53:28,3711.53,BR008,UPI_DEBIT,India-Delhi
T003070,C-1234,2026-07-29 20:04:17,65786.14,BR018,NEFT_CREDIT,India-Bengaluru
T003071,C-1077,2026-07-29 20:24:02,79144.24,BR008,NEFT_CREDIT,India-Mumbai
T003072,C-1046,2026-07-29 21:30:34,5216.35,BR015,NEFT_CREDIT,India-Chennai
T003073,C-1007,2026-07-29 21:40:30,14639.49,BR011,NEFT_CREDIT,India-Hyderabad
T003074,C-1184,2026-07-29 21:43:52,1753.16,BR011,UPI_DEBIT,India-Coimbatore
T003075,C-1196,2026-07-29 22:04:11,3742.01,BR017,UPI_DEBIT,India-Pune
T003076,C-1103,2026-07-29 22:10:22,42043.13,BR005,NEFT_CREDIT,India-Hyderabad
T003077,C-1221,2026-07-29 22:37:33,122265.53,BR001,SALARY_CREDIT,India-Chennai
T003078,C-1185,2026-07-29 23:13:13,2286.75,BR012,UPI_DEBIT,India-Bengaluru
T003079,C-1289,2026-07-30 00:12:37,2622.95,BR005,UPI_DEBIT,India-Pune
T003080,C-1254,2026-07-30 01:29:28,2819.73,BR005,UPI_DEBIT,India-Chennai
T003081,C-1132,2026-07-30 02:14:54,12985.29,BR001,ATM_WITHDRAWAL,India-Hyderabad
T003082,C-1110,2026-07-30 02:26:30,6811.43,BR004,ATM_WITHDRAWAL,India-Mumbai
T003083,C-1059,2026-07-30 02:37:46,2846.30,BR017,UPI_DEBIT,India-Mumbai
T003084,C-1133,2026-07-30 02:42:09,515.57,BR006,UPI_DEBIT,India-Hyderabad
T003085,C-1251,2026-07-30 03:12:04,25508.24,BR017,NEFT_CREDIT,India-Chennai
T003086,C-1297,2026-07-30 04:12:37,5880.65,BR003,CARD_PAYMENT,India-Pune
T003087,C-1150,2026-07-30 04:49:30,28643.84,BR002,SALARY_CREDIT,India-Pune
T003088,C-1285,2026-07-30 04:58:01,16251.26,BR002,CARD_PAYMENT,India-Kolkata
T003089,C-1193,2026-07-30 05:00:36,24965.67,BR016,NEFT_CREDIT,India-Chennai
T003090,C-1187,2026-07-30 05:43:57,17059.86,BR020,CARD_PAYMENT,India-Kolkata
T003091,C-1286,2026-07-30 06:42:01,4128.46,BR012,UPI_DEBIT,India-Hyderabad
T003092,C-1107,2026-07-30 07:17:19,100283.94,BR002,SALARY_CREDIT,India-Delhi
T003093,C-1149,2026-07-30 07:29:15,971.78,BR010,UPI_DEBIT,India-Pune
T003094,C-1177,2026-07-30 07:30:58,3556.17,BR018,UPI_DEBIT,India-Mumbai
T003095,C-1182,2026-07-30 07:43:26,1653.43,BR020,UPI_DEBIT,India-Pune
T003096,C-1008,2026-07-30 08:08:22,656.45,BR016,UPI_DEBIT,India-Chennai
T003097,C-1074,2026-07-30 08:38:51,3695.88,BR002,UPI_DEBIT,India-Chennai
T003098,C-1063,2026-07-30 08:48:06,29318.10,BR002,NEFT_CREDIT,India-Pune
T003099,C-1217,2026-07-30 09:03:02,572.47,BR019,UPI_DEBIT,India-Kolkata
T003100,C-1172,2026-07-30 09:15:39,4848.93,BR018,UPI_DEBIT,India-Pune
T003101,C-1282,2026-07-30 09:23:25,14361.31,BR011,CARD_PAYMENT,India-Chennai
T003102,C-1256,2026-07-30 09:29:06,15951.04,BR008,CARD_PAYMENT,India-Pune
T003103,C-1092,2026-07-30 09:48:10,76205.28,BR001,NEFT_CREDIT,India-Chennai
T003104,C-1192,2026-07-30 09:50:11,60872.47,BR002,SALARY_CREDIT,India-Kolkata
T003105,C-1265,2026-07-30 10:14:03,18483.70,BR018,ATM_WITHDRAWAL,India-Coimbatore
T003106,C-1218,2026-07-30 10:41:25,7838.56,BR004,CARD_PAYMENT,India-Pune
T003107,C-1206,2026-07-30 10:49:36,6295.55,BR013,CARD_PAYMENT,India-Coimbatore
T003108,C-1111,2026-07-30 11:24:36,137904.65,BR016,SALARY_CREDIT,India-Mumbai
T003109,C-1234,2026-07-30 11:28:01,16373.54,BR007,NEFT_CREDIT,India-Bengaluru
T003110,C-1070,2026-07-30 11:44:23,67203.81,BR011,NEFT_CREDIT,India-Bengaluru
T003111,C-1164,2026-07-30 12:15:50,10771.26,BR013,ATM_WITHDRAWAL,India-Hyderabad
T003112,C-1070,2026-07-30 12:59:39,1953.19,BR004,CARD_PAYMENT,India-Kolkata
T003113,C-1265,2026-07-30 13:00:24,18713.52,BR018,CARD_PAYMENT,India-Hyderabad
T003114,C-1111,2026-07-30 13:11:07,5600.96,BR010,ATM_WITHDRAWAL,India-Delhi
T003115,C-1044,2026-07-30 13:28:03,3698.38,BR008,UPI_DEBIT,India-Mumbai
T003116,C-1050,2026-07-30 13:46:56,13770.95,BR004,CARD_PAYMENT,India-Mumbai
T003117,C-1212,2026-07-30 13:47:50,2384.71,BR005,UPI_DEBIT,India-Chennai
T003118,C-1137,2026-07-30 14:40:27,2485.77,BR007,UPI_DEBIT,India-Delhi
T003119,C-1242,2026-07-30 14:46:56,14101.05,BR017,ATM_WITHDRAWAL,India-Pune
T003120,C-1081,2026-07-30 15:05:00,68661.94,BR016,NEFT_CREDIT,India-Hyderabad
T003121,C-1086,2026-07-30 15:23:30,5196.08,BR015,CARD_PAYMENT,India-Kolkata
T003122,C-1219,2026-07-30 16:01:46,8752.94,BR008,CARD_PAYMENT,India-Delhi
T003123,C-1226,2026-07-30 16:49:43,16184.51,BR017,CARD_PAYMENT,India-Kolkata
T003124,C-1209,2026-07-30 17:09:10,13882.05,BR018,NEFT_CREDIT,India-Bengaluru
T003125,C-1197,2026-07-30 17:45:00,29191.75,BR013,NEFT_CREDIT,India-Chennai
T003126,C-1048,2026-07-30 19:03:24,2076.31,BR012,UPI_DEBIT,India-Coimbatore
T003127,C-1141,2026-07-30 19:30:59,4027.38,BR001,UPI_DEBIT,India-Kolkata
T003128,C-1131,2026-07-30 19:50:43,970.38,BR017,UPI_DEBIT,India-Coimbatore
T003129,C-1299,2026-07-30 20:14:43,1467.48,BR004,UPI_DEBIT,India-Pune
T003130,C-1075,2026-07-30 21:02:49,3365.01,BR006,UPI_DEBIT,India-Pune
T003131,C-1056,2026-07-30 21:22:02,4088.75,BR003,UPI_DEBIT,India-Delhi
T003132,C-1115,2026-07-30 21:31:34,20586.43,BR003,NEFT_CREDIT,India-Mumbai
T003133,C-1083,2026-07-30 21:33:05,18627.71,BR018,CARD_PAYMENT,India-Pune
T003134,C-1190,2026-07-30 21:47:39,69805.31,BR013,NEFT_CREDIT,India-Pune
T003135,C-1223,2026-07-30 22:22:16,2776.21,BR020,UPI_DEBIT,India-Mumbai
T003136,C-1243,2026-07-30 23:17:47,3031.55,BR019,UPI_DEBIT,India-Mumbai
T003137,C-1075,2026-07-30 23:29:16,6593.50,BR016,CARD_PAYMENT,India-Chennai
T003138,C-1266,2026-07-30 23:33:22,1287.43,BR016,UPI_DEBIT,India-Coimbatore
T003139,C-1236,2026-07-30 23:36:17,16737.86,BR009,ATM_WITHDRAWAL,India-Bengaluru
T003140,C-1230,2026-07-31 00:06:31,9992.04,BR009,CARD_PAYMENT,India-Coimbatore
T003141,C-1107,2026-07-31 00:35:50,2754.59,BR016,CARD_PAYMENT,India-Hyderabad
T003142,C-1198,2026-07-31 00:48:15,34064.20,BR014,SALARY_CREDIT,India-Delhi
T003143,C-1048,2026-07-31 01:24:09,69391.51,BR015,NEFT_CREDIT,India-Bengaluru
T003144,C-1287,2026-07-31 02:00:47,4199.95,BR001,UPI_DEBIT,India-Hyderabad
T003145,C-1140,2026-07-31 02:27:06,2841.96,BR017,UPI_DEBIT,India-Hyderabad
T003146,C-1096,2026-07-31 03:38:55,69286.92,BR003,NEFT_CREDIT,India-Hyderabad
T003147,C-1162,2026-07-31 04:44:44,4471.56,BR016,ATM_WITHDRAWAL,India-Delhi
T003148,C-1167,2026-07-31 05:29:35,14316.39,BR015,ATM_WITHDRAWAL,India-Hyderabad
T003149,C-1175,2026-07-31 06:18:09,9875.28,BR018,CARD_PAYMENT,India-Delhi
T003150,C-1185,2026-07-31 06:28:22,14848.33,BR006,CARD_PAYMENT,India-Delhi
T003151,C-1218,2026-07-31 06:29:41,253.19,BR012,UPI_DEBIT,India-Delhi
T003152,C-1147,2026-07-31 08:28:48,11431.34,BR011,NEFT_CREDIT,India-Chennai
T003153,C-1079,2026-07-31 08:37:34,4233.63,BR008,UPI_DEBIT,India-Chennai
T003154,C-1238,2026-07-31 09:46:45,2486.47,BR020,UPI_DEBIT,India-Bengaluru
T003155,C-1109,2026-07-31 10:03:41,5537.66,BR008,CARD_PAYMENT,India-Chennai
T003156,C-1061,2026-07-31 10:17:43,2651.67,BR001,UPI_DEBIT,India-Hyderabad
T003157,C-1112,2026-07-31 10:32:52,2509.09,BR018,UPI_DEBIT,India-Delhi
T003158,C-1081,2026-07-31 10:34:35,2068.68,BR018,UPI_DEBIT,India-Mumbai
T003159,C-1071,2026-07-31 10:40:42,4420.86,BR001,UPI_DEBIT,India-Bengaluru
T003160,C-1276,2026-07-31 11:14:47,14571.17,BR005,CARD_PAYMENT,India-Kolkata
T003161,C-1262,2026-07-31 11:39:53,17257.06,BR018,CARD_PAYMENT,India-Pune
T003162,C-1228,2026-07-31 13:00:03,2786.13,BR017,UPI_DEBIT,India-Kolkata
T003163,C-1044,2026-07-31 13:11:51,17050.33,BR017,CARD_PAYMENT,India-Delhi
T003164,C-1108,2026-07-31 13:36:14,5447.13,BR007,ATM_WITHDRAWAL,India-Kolkata
T003165,C-1179,2026-07-31 13:47:20,261.35,BR008,UPI_DEBIT,India-Bengaluru
T003166,C-1279,2026-07-31 13:54:16,4689.46,BR011,UPI_DEBIT,India-Hyderabad
T003167,C-1142,2026-07-31 14:15:05,17003.53,BR007,ATM_WITHDRAWAL,India-Bengaluru
T003168,C-1250,2026-07-31 14:26:04,330.82,BR002,UPI_DEBIT,India-Pune
T003169,C-1177,2026-07-31 14:46:12,4608.43,BR019,ATM_WITHDRAWAL,India-Coimbatore
T003170,C-1264,2026-07-31 15:26:40,12201.66,BR019,CARD_PAYMENT,India-Pune
T003171,C-1152,2026-07-31 16:09:22,12367.68,BR009,CARD_PAYMENT,India-Pune
T003172,C-1223,2026-07-31 16:32:10,12852.34,BR001,CARD_PAYMENT,India-Chennai
T003173,C-1256,2026-07-31 16:32:28,684.67,BR015,UPI_DEBIT,India-Kolkata
T003174,C-1262,2026-07-31 18:21:59,4753.95,BR001,UPI_DEBIT,India-Kolkata
T003175,C-1112,2026-07-31 18:50:47,15197.41,BR006,CARD_PAYMENT,India-Bengaluru
T003176,C-1060,2026-07-31 19:06:12,11018.11,BR007,CARD_PAYMENT,India-Delhi
T003177,C-1220,2026-07-31 20:12:11,2037.11,BR001,UPI_DEBIT,India-Bengaluru
T003178,C-1258,2026-07-31 20:42:17,1909.65,BR012,UPI_DEBIT,India-Delhi
T003179,C-1275,2026-07-31 21:23:30,18851.80,BR009,CARD_PAYMENT,India-Coimbatore
T003180,C-1297,2026-07-31 21:25:54,203.22,BR014,UPI_DEBIT,India-Coimbatore
T003181,C-1074,2026-07-31 21:56:52,4992.18,BR019,UPI_DEBIT,India-Kolkata
T003182,C-1263,2026-07-31 22:09:06,3823.50,BR006,UPI_DEBIT,India-Coimbatore
T003183,C-1285,2026-07-31 22:35:57,2705.10,BR015,UPI_DEBIT,India-Bengaluru
T003184,C-1244,2026-07-31 22:40:58,36847.35,BR005,SALARY_CREDIT,India-Delhi
T003185,C-1265,2026-07-31 23:03:39,378.17,BR015,UPI_DEBIT,India-Delhi
T003186,C-1128,2026-07-31 23:11:39,1738.81,BR017,UPI_DEBIT,India-Delhi
T003187,C-1042,2026-08-01 00:21:19,4015.05,BR016,UPI_DEBIT,India-Hyderabad
T003188,C-1160,2026-08-01 00:41:34,3220.02,BR007,UPI_DEBIT,India-Hyderabad
T003189,C-1244,2026-08-01 00:50:34,9432.59,BR012,CARD_PAYMENT,India-Chennai
T003190,C-1252,2026-08-01 00:52:57,4287.24,BR011,UPI_DEBIT,India-Chennai
T003191,C-1124,2026-08-01 01:00:07,7061.85,BR004,ATM_WITHDRAWAL,India-Bengaluru
T003192,C-1247,2026-08-01 01:08:57,3415.74,BR008,UPI_DEBIT,India-Bengaluru
T003193,C-1221,2026-08-01 01:18:43,17330.41,BR008,ATM_WITHDRAWAL,India-Kolkata
T003194,C-1300,2026-08-01 01:31:14,44262.44,BR012,SALARY_CREDIT,India-Bengaluru
T003195,C-1051,2026-08-01 01:45:32,3854.28,BR015,UPI_DEBIT,India-Hyderabad
T003196,C-1214,2026-08-01 04:05:02,4014.20,BR002,UPI_DEBIT,India-Hyderabad
T003197,C-1220,2026-08-01 04:20:16,1186.04,BR018,UPI_DEBIT,India-Pune
T003198,C-1113,2026-08-01 04:22:05,6134.40,BR012,ATM_WITHDRAWAL,India-Mumbai
T003199,C-1190,2026-08-01 04:26:17,18628.18,BR017,ATM_WITHDRAWAL,India-Mumbai
T003200,C-1080,2026-08-01 04:28:26,17685.49,BR007,CARD_PAYMENT,India-Pune
T003201,C-1242,2026-08-01 05:08:15,67538.36,BR007,NEFT_CREDIT,India-Mumbai
T003202,C-1075,2026-08-01 05:52:12,1308.46,BR005,UPI_DEBIT,India-Kolkata
T003203,C-1219,2026-08-01 07:01:39,8022.36,BR020,ATM_WITHDRAWAL,India-Pune
T003204,C-1080,2026-08-01 07:07:40,3785.92,BR005,UPI_DEBIT,India-Kolkata
T003205,C-1235,2026-08-01 07:24:18,2703.07,BR004,UPI_DEBIT,India-Hyderabad
T003206,C-1178,2026-08-01 08:15:10,9386.79,BR010,CARD_PAYMENT,India-Chennai
T003207,C-1045,2026-08-01 08:15:36,16919.27,BR007,ATM_WITHDRAWAL,India-Delhi
T003208,C-1189,2026-08-01 08:57:34,3865.76,BR017,UPI_DEBIT,India-Delhi
T003209,C-1106,2026-08-01 08:59:37,4903.66,BR008,ATM_WITHDRAWAL,India-Coimbatore
T003210,C-1155,2026-08-01 09:37:57,2011.60,BR007,CARD_PAYMENT,India-Coimbatore
T003211,C-1001,2026-08-01 09:45:33,3581.25,BR004,UPI_DEBIT,India-Kolkata
T003212,C-1002,2026-08-01 10:00:00,85000.00,BR020,SALARY_CREDIT,India-Hyderabad
T003213,C-1240,2026-08-01 10:12:34,2277.56,BR002,UPI_DEBIT,India-Delhi
T003214,C-1285,2026-08-01 10:17:35,4290.48,BR017,UPI_DEBIT,India-Chennai
T003215,C-1290,2026-08-01 10:44:32,22554.83,BR005,NEFT_CREDIT,India-Chennai
T003216,C-1297,2026-08-01 11:45:56,5204.39,BR010,CARD_PAYMENT,India-Delhi
T003217,C-1095,2026-08-01 13:30:54,18907.13,BR003,CARD_PAYMENT,India-Mumbai
T003218,C-1280,2026-08-01 14:06:08,4728.70,BR015,UPI_DEBIT,India-Delhi
T003219,C-1041,2026-08-01 14:50:05,78716.89,BR017,SALARY_CREDIT,India-Bengaluru
T003220,C-1255,2026-08-01 15:18:02,8596.15,BR019,CARD_PAYMENT,India-Mumbai
T003221,C-1256,2026-08-01 15:22:08,4187.16,BR013,CARD_PAYMENT,India-Coimbatore
T003222,C-1243,2026-08-01 15:59:17,139644.18,BR005,SALARY_CREDIT,India-Hyderabad
T003223,C-1070,2026-08-01 16:13:07,252.00,BR008,UPI_DEBIT,India-Kolkata
T003224,C-1198,2026-08-01 16:32:53,6579.71,BR011,ATM_WITHDRAWAL,India-Chennai
T003225,C-1142,2026-08-01 17:05:32,3042.45,BR015,UPI_DEBIT,India-Delhi
T003226,C-1001,2026-08-01 17:17:42,3103.35,BR012,UPI_DEBIT,India-Chennai
T003227,C-1154,2026-08-01 17:33:52,56847.79,BR007,NEFT_CREDIT,India-Delhi
T003228,C-1224,2026-08-01 17:36:02,1326.53,BR011,UPI_DEBIT,India-Delhi
T003229,C-1145,2026-08-01 17:37:16,12469.40,BR003,NEFT_CREDIT,India-Coimbatore
T003230,C-1245,2026-08-01 17:41:30,5806.52,BR015,ATM_WITHDRAWAL,India-Delhi
T003231,C-1211,2026-08-01 18:17:09,35170.62,BR017,NEFT_CREDIT,India-Kolkata
T003232,C-1130,2026-08-01 19:04:57,49482.15,BR014,SALARY_CREDIT,India-Coimbatore
T003233,C-1217,2026-08-01 19:43:07,14114.75,BR006,CARD_PAYMENT,India-Kolkata
T003234,C-1205,2026-08-01 19:59:09,123929.77,BR020,SALARY_CREDIT,India-Kolkata
T003235,C-1167,2026-08-01 20:14:38,1622.17,BR002,UPI_DEBIT,India-Coimbatore
T003236,C-1136,2026-08-01 20:59:26,915.59,BR010,UPI_DEBIT,India-Delhi
T003237,C-1181,2026-08-01 21:47:42,40194.32,BR002,NEFT_CREDIT,India-Coimbatore
T003238,C-1186,2026-08-01 21:53:52,2870.32,BR011,CARD_PAYMENT,India-Bengaluru
T003239,C-1088,2026-08-01 22:49:48,69365.85,BR015,NEFT_CREDIT,India-Kolkata
T003240,C-1136,2026-08-01 22:52:30,72281.00,BR004,SALARY_CREDIT,India-Delhi
T003241,C-1282,2026-08-01 23:11:13,6653.79,BR018,CARD_PAYMENT,India-Pune
T003242,C-1137,2026-08-01 23:13:53,1254.66,BR018,UPI_DEBIT,India-Kolkata
T003243,C-1066,2026-08-01 23:20:01,13158.03,BR005,ATM_WITHDRAWAL,India-Chennai
T003244,C-1170,2026-08-01 23:50:50,8143.69,BR004,ATM_WITHDRAWAL,India-Mumbai
T003245,C-1218,2026-08-02 00:44:04,3531.09,BR001,UPI_DEBIT,India-Mumbai
T003246,C-1133,2026-08-02 00:59:36,59283.44,BR019,NEFT_CREDIT,India-Bengaluru
T003247,C-1137,2026-08-02 01:00:08,2728.19,BR004,UPI_DEBIT,India-Hyderabad
T003248,C-1100,2026-08-02 01:15:15,1777.14,BR003,UPI_DEBIT,India-Delhi
T003249,C-1180,2026-08-02 01:51:48,3926.51,BR010,UPI_DEBIT,India-Coimbatore
T003250,C-1046,2026-08-02 02:18:48,10605.42,BR012,CARD_PAYMENT,India-Kolkata
T003251,C-1090,2026-08-02 02:21:07,9509.63,BR008,CARD_PAYMENT,India-Delhi
T003252,C-1130,2026-08-02 02:34:57,148547.18,BR001,SALARY_CREDIT,India-Hyderabad
T003253,C-1284,2026-08-02 02:37:08,9199.32,BR004,NEFT_CREDIT,India-Chennai
T003254,C-1236,2026-08-02 02:38:18,18996.20,BR015,ATM_WITHDRAWAL,India-Pune
T003255,C-1129,2026-08-02 02:46:11,17972.63,BR019,CARD_PAYMENT,India-Bengaluru
T003256,C-1252,2026-08-02 02:46:23,259.09,BR020,UPI_DEBIT,India-Delhi
T003257,C-1093,2026-08-02 03:31:06,40031.64,BR017,NEFT_CREDIT,India-Mumbai
T003258,C-1009,2026-08-02 03:53:52,1282.91,BR003,CARD_PAYMENT,India-Kolkata
T003259,C-1238,2026-08-02 05:34:38,4702.85,BR019,UPI_DEBIT,India-Bengaluru
T003260,C-1061,2026-08-02 05:42:07,31059.08,BR011,NEFT_CREDIT,India-Pune
T003261,C-1283,2026-08-02 05:43:27,143506.17,BR005,SALARY_CREDIT,India-Delhi
T003262,C-1150,2026-08-02 05:59:03,18281.98,BR014,CARD_PAYMENT,India-Coimbatore
T003263,C-1282,2026-08-02 06:09:34,16598.59,BR002,CARD_PAYMENT,India-Hyderabad
T003264,C-1224,2026-08-02 06:26:26,18387.91,BR001,CARD_PAYMENT,India-Bengaluru
T003265,C-1069,2026-08-02 06:49:15,1026.89,BR018,UPI_DEBIT,India-Mumbai
T003266,C-1055,2026-08-02 07:44:52,130976.55,BR008,SALARY_CREDIT,India-Delhi
T003267,C-1274,2026-08-02 07:58:40,298.55,BR002,UPI_DEBIT,India-Chennai
T003268,C-1005,2026-08-02 08:07:43,7306.46,BR018,ATM_WITHDRAWAL,India-Pune
T003269,C-1127,2026-08-02 08:23:32,2730.97,BR005,UPI_DEBIT,India-Mumbai
T003270,C-1101,2026-08-02 08:44:29,46147.92,BR011,NEFT_CREDIT,India-Kolkata
T003271,C-1220,2026-08-02 09:18:47,19750.77,BR003,CARD_PAYMENT,India-Pune
T003272,C-1140,2026-08-02 09:32:37,3111.42,BR011,UPI_DEBIT,India-Mumbai
T003273,C-1171,2026-08-02 09:41:33,98913.46,BR011,SALARY_CREDIT,India-Chennai
T003274,C-1091,2026-08-02 10:05:26,17667.83,BR002,CARD_PAYMENT,India-Hyderabad
T003275,C-1011,2026-08-02 10:39:45,925242.50,BR019,CASH_DEPOSIT,India-Bengaluru
T003276,C-1016,2026-08-02 10:57:01,948007.40,BR019,CASH_DEPOSIT,India-Hyderabad
T003277,C-1014,2026-08-02 11:11:34,902557.54,BR018,CASH_DEPOSIT,India-Kolkata
T003278,C-1019,2026-08-02 11:28:47,950991.28,BR005,CASH_DEPOSIT,India-Kolkata
T003279,C-1258,2026-08-02 11:39:43,307.18,BR005,UPI_DEBIT,India-Hyderabad
T003280,C-1277,2026-08-02 11:52:34,54005.98,BR012,SALARY_CREDIT,India-Hyderabad
T003281,C-1002,2026-08-02 11:59:08,6375.78,BR019,UPI_DEBIT,India-Hyderabad
T003282,C-1063,2026-08-02 12:54:27,77795.77,BR012,SALARY_CREDIT,India-Hyderabad
T003283,C-1126,2026-08-02 12:55:58,14383.32,BR006,CARD_PAYMENT,India-Chennai
T003284,C-1010,2026-08-02 13:11:22,915722.55,BR015,CASH_DEPOSIT,India-Coimbatore
T003285,C-1007,2026-08-02 13:13:16,22413.14,BR020,NEFT_CREDIT,India-Bengaluru
T003286,C-1012,2026-08-02 13:26:00,905158.04,BR008,CASH_DEPOSIT,India-Mumbai
T003287,C-1133,2026-08-02 13:37:01,5680.50,BR015,NEFT_CREDIT,India-Delhi
T003288,C-1045,2026-08-02 13:38:55,861.04,BR016,UPI_DEBIT,India-Chennai
T003289,C-1013,2026-08-02 13:44:21,926060.01,BR004,CASH_DEPOSIT,India-Hyderabad
T003290,C-1115,2026-08-02 14:15:24,56532.05,BR014,NEFT_CREDIT,India-Delhi
T003291,C-1043,2026-08-02 15:07:22,19300.05,BR012,CARD_PAYMENT,India-Kolkata
T003292,C-1185,2026-08-02 15:21:54,17590.38,BR008,ATM_WITHDRAWAL,India-Chennai
T003293,C-1017,2026-08-02 15:22:51,969513.31,BR018,CASH_DEPOSIT,India-Chennai
T003294,C-1015,2026-08-02 15:45:23,985589.99,BR008,CASH_DEPOSIT,India-Hyderabad
T003295,C-1018,2026-08-02 16:07:35,946705.17,BR012,CASH_DEPOSIT,India-Coimbatore
T003296,C-1158,2026-08-02 17:23:47,2383.06,BR004,UPI_DEBIT,India-Mumbai
T003297,C-1003,2026-08-02 17:26:55,40000.00,BR003,NEFT_CREDIT,India-Kolkata
T003298,C-1097,2026-08-02 17:27:53,32204.70,BR011,SALARY_CREDIT,India-Mumbai
T003299,C-1193,2026-08-02 17:33:40,1693.39,BR018,UPI_DEBIT,India-Coimbatore
T003300,C-1251,2026-08-02 17:40:38,4811.39,BR017,UPI_DEBIT,India-Hyderabad
T003301,C-1237,2026-08-02 19:10:30,5362.58,BR004,ATM_WITHDRAWAL,India-Chennai
T003302,C-1115,2026-08-02 19:57:30,17094.58,BR010,CARD_PAYMENT,India-Mumbai
T003303,C-1117,2026-08-02 20:01:18,407.00,BR001,UPI_DEBIT,India-Pune
T003304,C-1069,2026-08-02 21:23:30,7433.75,BR005,CARD_PAYMENT,India-Mumbai
T003305,C-1231,2026-08-02 22:24:30,7401.38,BR016,CARD_PAYMENT,India-Mumbai
T003306,C-1227,2026-08-02 22:32:16,101557.56,BR009,SALARY_CREDIT,India-Mumbai
T003307,C-1074,2026-08-02 22:44:04,4807.11,BR006,UPI_DEBIT,India-Hyderabad
T003308,C-1252,2026-08-02 22:55:43,2116.63,BR018,UPI_DEBIT,India-Hyderabad
T003309,C-1091,2026-08-02 23:25:08,4068.76,BR006,UPI_DEBIT,India-Pune
T003310,C-1263,2026-08-02 23:38:39,2493.43,BR007,CARD_PAYMENT,India-Hyderabad
T003311,C-1089,2026-08-03 01:10:21,71498.99,BR017,SALARY_CREDIT,India-Delhi
T003312,C-1121,2026-08-03 01:34:13,4530.00,BR007,UPI_DEBIT,India-Kolkata
T003313,C-1046,2026-08-03 02:32:25,12103.93,BR020,CARD_PAYMENT,India-Bengaluru
T003314,C-1257,2026-08-03 02:52:30,430.90,BR006,UPI_DEBIT,India-Hyderabad
T003315,C-1213,2026-08-03 03:19:09,7024.71,BR010,NEFT_CREDIT,India-Delhi
T003316,C-1247,2026-08-03 03:22:25,3244.08,BR004,UPI_DEBIT,India-Kolkata
T003317,C-1214,2026-08-03 03:38:13,91088.59,BR014,SALARY_CREDIT,India-Delhi
T003318,C-1050,2026-08-03 04:00:17,965.78,BR008,UPI_DEBIT,India-Delhi
T003319,C-1062,2026-08-03 04:04:11,7031.63,BR011,CARD_PAYMENT,India-Hyderabad
T003320,C-1199,2026-08-03 04:59:03,11816.88,BR019,CARD_PAYMENT,India-Bengaluru
T003321,C-1231,2026-08-03 05:04:13,890.69,BR016,UPI_DEBIT,India-Chennai
T003322,C-1065,2026-08-03 06:00:10,1959.79,BR018,UPI_DEBIT,India-Coimbatore
T003323,C-1142,2026-08-03 07:35:15,16751.58,BR010,CARD_PAYMENT,India-Mumbai
T003324,C-1083,2026-08-03 07:56:17,3392.81,BR014,UPI_DEBIT,India-Chennai
T003325,C-1058,2026-08-03 08:26:23,4599.10,BR008,UPI_DEBIT,India-Delhi
T003326,C-1297,2026-08-03 08:40:35,19847.93,BR008,CARD_PAYMENT,India-Bengaluru
T003327,C-1197,2026-08-03 08:41:48,3151.88,BR007,UPI_DEBIT,India-Coimbatore
T003328,C-1229,2026-08-03 08:49:12,59132.37,BR008,NEFT_CREDIT,India-Coimbatore
T003329,C-1001,2026-08-03 09:20:42,2457.34,BR016,UPI_DEBIT,India-Chennai
T003330,C-1029,2026-08-03 09:25:05,626864.12,BR006,NEFT_CREDIT,India-Hyderabad
T003331,C-1074,2026-08-03 09:34:31,85628.77,BR019,SALARY_CREDIT,India-Delhi
T003332,C-1285,2026-08-03 09:56:10,1959.55,BR018,UPI_DEBIT,India-Delhi
T003333,C-1233,2026-08-03 10:15:04,201.94,BR005,UPI_DEBIT,India-Mumbai
T003334,C-1001,2026-08-03 10:20:32,990377.55,BR004,CASH_DEPOSIT,India-Bengaluru
T003335,C-1021,2026-08-03 10:34:49,711153.01,BR001,NEFT_CREDIT,India-Delhi
T003336,C-1166,2026-08-03 11:14:41,68540.21,BR006,SALARY_CREDIT,India-Delhi
T003337,C-1203,2026-08-03 11:21:39,1026.94,BR019,CARD_PAYMENT,India-Delhi
T003338,C-1029,2026-08-03 11:25:05,619890.09,BR003,NEFT_DEBIT,India-Delhi
T003339,C-1026,2026-08-03 12:12:53,684568.03,BR006,NEFT_CREDIT,India-Bengaluru
T003340,C-1024,2026-08-03 12:34:39,799438.31,BR018,NEFT_CREDIT,India-Bengaluru
T003341,C-1291,2026-08-03 12:35:34,62408.15,BR002,SALARY_CREDIT,India-Coimbatore
T003342,C-1025,2026-08-03 12:41:39,735985.27,BR016,NEFT_CREDIT,India-Mumbai
T003343,C-1281,2026-08-03 12:47:54,2536.48,BR001,UPI_DEBIT,India-Chennai
T003344,C-1277,2026-08-03 12:48:13,1173.09,BR011,UPI_DEBIT,India-Mumbai
T003345,C-1281,2026-08-03 12:53:49,8303.61,BR011,ATM_WITHDRAWAL,India-Bengaluru
T003346,C-1022,2026-08-03 13:30:16,669482.52,BR016,NEFT_CREDIT,India-Pune
T003347,C-1116,2026-08-03 13:37:21,1506.81,BR014,UPI_DEBIT,India-Delhi
T003348,C-1027,2026-08-03 13:44:10,742961.29,BR004,NEFT_CREDIT,India-Chennai
T003349,C-1140,2026-08-03 14:04:02,4568.33,BR005,UPI_DEBIT,India-Hyderabad
T003350,C-1284,2026-08-03 14:11:07,1251.93,BR010,UPI_DEBIT,India-Kolkata
T003351,C-1020,2026-08-03 14:21:03,684887.27,BR013,NEFT_CREDIT,India-Chennai
T003352,C-1023,2026-08-03 14:21:23,697846.92,BR006,NEFT_CREDIT,India-Delhi
T003353,C-1076,2026-08-03 14:26:48,7443.60,BR012,CARD_PAYMENT,India-Kolkata
T003354,C-1256,2026-08-03 14:36:00,59753.14,BR009,SALARY_CREDIT,India-Coimbatore
T003355,C-1028,2026-08-03 14:37:03,675480.45,BR018,NEFT_CREDIT,India-Pune
T003356,C-1297,2026-08-03 15:04:07,4735.15,BR010,UPI_DEBIT,India-Mumbai
T003357,C-1071,2026-08-03 15:12:32,6718.73,BR014,ATM_WITHDRAWAL,India-Bengaluru
T003358,C-1041,2026-08-03 15:46:09,3144.52,BR020,UPI_DEBIT,India-Pune
T003359,C-1001,2026-08-03 15:58:33,924571.13,BR014,CASH_DEPOSIT,India-Coimbatore
T003360,C-1092,2026-08-03 15:59:16,12059.34,BR003,CARD_PAYMENT,India-Delhi
T003361,C-1001,2026-08-03 16:09:30,3571.93,BR004,UPI_DEBIT,India-Coimbatore
T003362,C-1020,2026-08-03 16:21:03,657959.00,BR009,NEFT_DEBIT,India-Chennai
T003363,C-1095,2026-08-03 16:33:05,16471.98,BR001,CARD_PAYMENT,India-Coimbatore
T003364,C-1021,2026-08-03 16:34:49,684982.11,BR008,NEFT_DEBIT,India-Coimbatore
T003365,C-1230,2026-08-03 16:36:09,898.84,BR014,UPI_DEBIT,India-Chennai
T003366,C-1091,2026-08-03 16:37:30,131658.43,BR002,SALARY_CREDIT,India-Delhi
T003367,C-1058,2026-08-03 17:09:58,4643.36,BR009,UPI_DEBIT,India-Mumbai
T003368,C-1168,2026-08-03 17:14:28,3713.73,BR002,UPI_DEBIT,India-Delhi
T003369,C-1158,2026-08-03 17:56:53,557.50,BR020,UPI_DEBIT,India-Delhi
T003370,C-1125,2026-08-03 17:58:18,18929.62,BR004,NEFT_CREDIT,India-Chennai
T003371,C-1024,2026-08-03 18:34:39,778869.48,BR005,NEFT_DEBIT,India-Chennai
T003372,C-1291,2026-08-03 19:18:13,18869.06,BR008,ATM_WITHDRAWAL,India-Delhi
T003373,C-1232,2026-08-03 19:35:04,16017.05,BR005,ATM_WITHDRAWAL,India-Pune
T003374,C-1161,2026-08-03 20:02:38,4529.96,BR018,UPI_DEBIT,India-Kolkata
T003375,C-1239,2026-08-03 20:30:33,1081.85,BR014,UPI_DEBIT,India-Mumbai
T003376,C-1009,2026-08-03 20:53:13,4635.50,BR016,UPI_DEBIT,India-Kolkata
T003377,C-1170,2026-08-03 21:02:09,4699.34,BR017,UPI_DEBIT,India-Coimbatore
T003378,C-1026,2026-08-03 21:12:53,668456.66,BR016,NEFT_DEBIT,India-Bengaluru
T003379,C-1027,2026-08-03 21:44:10,724865.88,BR007,NEFT_DEBIT,India-Kolkata
T003380,C-1238,2026-08-03 22:18:58,142561.49,BR017,SALARY_CREDIT,India-Hyderabad
T003381,C-1297,2026-08-03 23:07:06,19854.57,BR013,CARD_PAYMENT,India-Hyderabad
T003382,C-1242,2026-08-03 23:07:11,4334.79,BR020,CARD_PAYMENT,India-Hyderabad
T003383,C-1175,2026-08-03 23:17:49,3211.23,BR004,UPI_DEBIT,India-Delhi
T003384,C-1022,2026-08-03 23:30:16,636991.61,BR016,NEFT_DEBIT,India-Chennai
T003385,C-1025,2026-08-03 23:41:39,705690.25,BR012,NEFT_DEBIT,India-Delhi
T003386,C-1078,2026-08-03 23:54:40,3896.75,BR008,UPI_DEBIT,India-Coimbatore
T003387,C-1188,2026-08-04 00:07:04,4204.52,BR001,UPI_DEBIT,India-Delhi
T003388,C-1226,2026-08-04 00:20:50,74897.73,BR001,NEFT_CREDIT,India-Delhi
T003389,C-1028,2026-08-04 00:37:03,667843.12,BR003,NEFT_DEBIT,India-Coimbatore
T003390,C-1009,2026-08-04 02:33:37,3212.85,BR007,UPI_DEBIT,India-Coimbatore
T003391,C-1206,2026-08-04 02:36:53,3225.78,BR013,UPI_DEBIT,India-Pune
T003392,C-1262,2026-08-04 03:02:10,2051.39,BR018,ATM_WITHDRAWAL,India-Delhi
T003393,C-1042,2026-08-04 03:02:18,65123.27,BR020,NEFT_CREDIT,India-Chennai
T003394,C-1116,2026-08-04 04:01:38,7739.24,BR007,NEFT_CREDIT,India-Chennai
T003395,C-1159,2026-08-04 05:24:08,18559.01,BR003,CARD_PAYMENT,India-Coimbatore
T003396,C-1056,2026-08-04 05:49:49,17829.40,BR017,CARD_PAYMENT,India-Coimbatore
T003397,C-1044,2026-08-04 06:05:07,3603.96,BR008,UPI_DEBIT,India-Chennai
T003398,C-1279,2026-08-04 06:05:59,75734.45,BR017,NEFT_CREDIT,India-Hyderabad
T003399,C-1101,2026-08-04 06:59:05,4982.56,BR003,UPI_DEBIT,India-Coimbatore
T003400,C-1041,2026-08-04 07:33:11,1082.71,BR020,UPI_DEBIT,India-Pune
T003401,C-1183,2026-08-04 09:19:08,7472.03,BR012,CARD_PAYMENT,India-Mumbai
T003402,C-1023,2026-08-04 09:21:23,687058.19,BR006,NEFT_DEBIT,India-Hyderabad
T003403,C-1292,2026-08-04 09:33:11,4991.48,BR012,CARD_PAYMENT,India-Mumbai
T003404,C-1213,2026-08-04 09:51:33,1330.17,BR007,CARD_PAYMENT,India-Delhi
T003405,C-1290,2026-08-04 09:51:39,16277.72,BR010,CARD_PAYMENT,India-Hyderabad
T003406,C-1061,2026-08-04 10:23:42,148173.61,BR015,SALARY_CREDIT,India-Kolkata
T003407,C-1031,2026-08-04 10:36:23,122817.63,BR003,NEFT_DEBIT,North Korea
T003408,C-1032,2026-08-04 10:57:28,86957.93,BR012,NEFT_DEBIT,Iran
T003409,C-1282,2026-08-04 11:25:32,1360.37,BR002,UPI_DEBIT,India-Kolkata
T003410,C-1033,2026-08-04 11:35:40,82337.04,BR008,NEFT_DEBIT,North Korea
T003411,C-1036,2026-08-04 11:38:32,140584.68,BR004,NEFT_DEBIT,Myanmar
T003412,C-1264,2026-08-04 11:48:50,1850.67,BR018,UPI_DEBIT,India-Kolkata
T003413,C-1212,2026-08-04 12:29:18,3124.42,BR016,UPI_DEBIT,India-Bengaluru
T003414,C-1119,2026-08-04 12:39:00,143250.65,BR011,SALARY_CREDIT,India-Delhi
T003415,C-1162,2026-08-04 12:46:19,35047.10,BR004,NEFT_CREDIT,India-Mumbai
T003416,C-1155,2026-08-04 12:49:17,1575.39,BR008,UPI_DEBIT,India-Chennai
T003417,C-1220,2026-08-04 12:50:47,10005.75,BR016,NEFT_CREDIT,India-Chennai
T003418,C-1012,2026-08-04 13:07:06,961724.39,BR019,CASH_DEPOSIT,India-Pune
T003419,C-1126,2026-08-04 13:10:22,73321.35,BR004,SALARY_CREDIT,India-Coimbatore
T003420,C-1004,2026-08-04 13:16:36,19406.86,BR015,CARD_PAYMENT,India-Mumbai
T003421,C-1019,2026-08-04 13:21:53,910606.15,BR009,CASH_DEPOSIT,India-Coimbatore
T003422,C-1037,2026-08-04 13:28:49,72160.96,BR009,NEFT_DEBIT,Myanmar
T003423,C-1229,2026-08-04 13:38:01,18164.71,BR005,ATM_WITHDRAWAL,India-Delhi
T003424,C-1014,2026-08-04 13:50:09,920543.02,BR001,CASH_DEPOSIT,India-Hyderabad
T003425,C-1114,2026-08-04 13:52:58,3348.44,BR007,UPI_DEBIT,India-Bengaluru
T003426,C-1035,2026-08-04 14:32:22,21650.98,BR019,NEFT_DEBIT,North Korea
T003427,C-1038,2026-08-04 14:41:34,65244.89,BR018,NEFT_DEBIT,North Korea
T003428,C-1087,2026-08-04 14:44:00,7361.89,BR007,CARD_PAYMENT,India-Chennai
T003429,C-1244,2026-08-04 14:54:50,3237.52,BR015,UPI_DEBIT,India-Hyderabad
T003430,C-1015,2026-08-04 14:55:12,933725.39,BR015,CASH_DEPOSIT,India-Coimbatore
T003431,C-1034,2026-08-04 15:17:41,101780.95,BR003,NEFT_DEBIT,Myanmar
T003432,C-1010,2026-08-04 15:18:29,915926.61,BR017,CASH_DEPOSIT,India-Coimbatore
T003433,C-1220,2026-08-04 15:19:43,2376.00,BR006,UPI_DEBIT,India-Mumbai
T003434,C-1013,2026-08-04 15:20:37,981266.44,BR018,CASH_DEPOSIT,India-Pune
T003435,C-1009,2026-08-04 15:34:15,4081.38,BR002,UPI_DEBIT,India-Bengaluru
T003436,C-1039,2026-08-04 15:40:31,105328.53,BR010,NEFT_DEBIT,North Korea
T003437,C-1064,2026-08-04 15:55:10,1738.52,BR005,UPI_DEBIT,India-Pune
T003438,C-1059,2026-08-04 16:02:24,1581.08,BR010,UPI_DEBIT,India-Delhi
T003439,C-1221,2026-08-04 16:03:16,953.51,BR004,UPI_DEBIT,India-Bengaluru
T003440,C-1030,2026-08-04 16:12:49,25920.41,BR019,NEFT_DEBIT,Myanmar
T003441,C-1049,2026-08-04 16:17:53,4308.93,BR007,UPI_DEBIT,India-Chennai
T003442,C-1017,2026-08-04 17:01:11,928320.50,BR005,CASH_DEPOSIT,India-Chennai
T003443,C-1166,2026-08-04 17:22:22,43472.10,BR001,NEFT_CREDIT,India-Kolkata
T003444,C-1178,2026-08-04 17:24:51,4823.41,BR002,UPI_DEBIT,India-Bengaluru
T003445,C-1001,2026-08-04 17:33:51,902410.73,BR008,CASH_DEPOSIT,India-Chennai
T003446,C-1151,2026-08-04 17:46:57,2612.20,BR012,CARD_PAYMENT,India-Bengaluru
T003447,C-1016,2026-08-04 18:02:25,934252.37,BR017,CASH_DEPOSIT,India-Chennai
T003448,C-1011,2026-08-04 18:18:36,924129.06,BR018,CASH_DEPOSIT,India-Chennai
T003449,C-1160,2026-08-04 18:21:29,2697.29,BR019,UPI_DEBIT,India-Coimbatore
T003450,C-1018,2026-08-04 18:22:05,906213.14,BR003,CASH_DEPOSIT,India-Coimbatore
T003451,C-1211,2026-08-04 18:31:46,44304.18,BR014,NEFT_CREDIT,India-Hyderabad
T003452,C-1001,2026-08-04 18:39:35,939958.42,BR019,CASH_DEPOSIT,India-Coimbatore
T003453,C-1163,2026-08-04 18:44:21,18277.04,BR013,CARD_PAYMENT,India-Bengaluru
T003454,C-1073,2026-08-04 19:52:18,24704.51,BR017,NEFT_CREDIT,India-Coimbatore
T003455,C-1210,2026-08-04 20:08:49,1262.99,BR009,CARD_PAYMENT,India-Pune
T003456,C-1228,2026-08-04 20:10:18,3815.71,BR013,UPI_DEBIT,India-Coimbatore
T003457,C-1259,2026-08-04 20:36:00,6912.20,BR019,CARD_PAYMENT,India-Bengaluru
T003458,C-1294,2026-08-04 21:05:39,1093.41,BR002,UPI_DEBIT,India-Mumbai
T003459,C-1285,2026-08-04 22:12:05,15963.02,BR013,CARD_PAYMENT,India-Bengaluru
T003460,C-1209,2026-08-04 23:04:43,1045.12,BR017,UPI_DEBIT,India-Chennai
T003461,C-1202,2026-08-04 23:11:39,36705.91,BR002,NEFT_CREDIT,India-Bengaluru
T003462,C-1249,2026-08-04 23:29:40,4270.59,BR008,UPI_DEBIT,India-Pune
T003463,C-1119,2026-08-04 23:52:53,2636.14,BR005,ATM_WITHDRAWAL,India-Delhi
T003464,C-1252,2026-08-04 23:53:37,2280.31,BR005,CARD_PAYMENT,India-Hyderabad
T003465,C-1161,2026-08-05 02:10:34,2253.67,BR011,UPI_DEBIT,India-Kolkata
T003466,C-1181,2026-08-05 02:28:53,7511.86,BR017,ATM_WITHDRAWAL,India-Bengaluru
T003467,C-1259,2026-08-05 02:34:49,3781.89,BR001,CARD_PAYMENT,India-Pune
T003468,C-1279,2026-08-05 02:47:49,3515.01,BR015,UPI_DEBIT,India-Mumbai
T003469,C-1216,2026-08-05 03:09:20,1421.49,BR003,UPI_DEBIT,India-Pune
T003470,C-1291,2026-08-05 04:22:46,21529.31,BR007,NEFT_CREDIT,India-Chennai
T003471,C-1178,2026-08-05 05:01:35,2081.43,BR014,CARD_PAYMENT,India-Bengaluru
T003472,C-1176,2026-08-05 06:33:28,27716.32,BR010,NEFT_CREDIT,India-Mumbai
T003473,C-1133,2026-08-05 06:46:27,19020.88,BR015,CARD_PAYMENT,India-Bengaluru
T003474,C-1142,2026-08-05 06:50:20,2220.07,BR011,UPI_DEBIT,India-Hyderabad
T003475,C-1279,2026-08-05 07:08:27,135335.61,BR010,SALARY_CREDIT,India-Delhi
T003476,C-1070,2026-08-05 07:49:27,14055.86,BR007,CARD_PAYMENT,India-Delhi
T003477,C-1205,2026-08-05 08:09:36,16289.34,BR019,CARD_PAYMENT,India-Mumbai
T003478,C-1280,2026-08-05 08:13:50,1732.51,BR020,UPI_DEBIT,India-Kolkata
T003479,C-1299,2026-08-05 09:35:13,2997.44,BR017,UPI_DEBIT,India-Hyderabad
T003480,C-1294,2026-08-05 09:53:53,46016.02,BR009,NEFT_CREDIT,India-Pune
T003481,C-1286,2026-08-05 10:07:28,287.85,BR007,UPI_DEBIT,India-Chennai
T003482,C-1007,2026-08-05 10:26:01,19288.90,BR015,CARD_PAYMENT,India-Chennai
T003483,C-1218,2026-08-05 10:45:34,49467.46,BR003,NEFT_CREDIT,India-Kolkata
T003484,C-1043,2026-08-05 10:53:53,3509.94,BR012,UPI_DEBIT,India-Bengaluru
T003485,C-1080,2026-08-05 12:07:34,3783.25,BR009,UPI_DEBIT,India-Hyderabad
T003486,C-1186,2026-08-05 12:32:07,1238.04,BR010,CARD_PAYMENT,India-Coimbatore
T003487,C-1275,2026-08-05 12:50:05,4280.04,BR017,CARD_PAYMENT,India-Pune
T003488,C-1211,2026-08-05 13:29:11,18229.11,BR004,CARD_PAYMENT,India-Bengaluru
T003489,C-1252,2026-08-05 13:38:56,12179.50,BR019,CARD_PAYMENT,India-Delhi
T003490,C-1164,2026-08-05 13:46:18,19212.71,BR007,CARD_PAYMENT,India-Chennai
T003491,C-1177,2026-08-05 14:33:39,30370.12,BR002,NEFT_CREDIT,India-Delhi
T003492,C-1080,2026-08-05 14:54:55,3665.63,BR001,UPI_DEBIT,India-Pune
T003493,C-1043,2026-08-05 15:37:43,86585.49,BR019,SALARY_CREDIT,India-Kolkata
T003494,C-1196,2026-08-05 15:42:12,2121.26,BR005,UPI_DEBIT,India-Pune
T003495,C-1156,2026-08-05 16:28:33,3806.78,BR004,UPI_DEBIT,India-Coimbatore
T003496,C-1001,2026-08-05 16:45:59,3850.60,BR018,UPI_DEBIT,India-Hyderabad
T003497,C-1107,2026-08-05 16:55:45,3854.24,BR008,UPI_DEBIT,India-Hyderabad
T003498,C-1111,2026-08-05 17:50:30,1156.95,BR003,UPI_DEBIT,India-Delhi
T003499,C-1001,2026-08-05 18:28:15,900240.81,BR003,CASH_DEPOSIT,India-Delhi
T003500,C-1276,2026-08-05 18:31:27,4740.53,BR001,UPI_DEBIT,India-Mumbai
T003501,C-1003,2026-08-05 18:33:13,50352.53,BR015,NEFT_DEBIT,Iran
T003502,C-1105,2026-08-05 18:57:04,35008.37,BR008,NEFT_CREDIT,India-Delhi
T003503,C-1095,2026-08-05 20:19:18,3951.39,BR004,UPI_DEBIT,India-Kolkata
T003504,C-1213,2026-08-05 20:49:30,32027.98,BR005,NEFT_CREDIT,India-Chennai
T003505,C-1105,2026-08-05 21:11:19,19976.71,BR008,CARD_PAYMENT,India-Bengaluru
T003506,C-1159,2026-08-05 22:03:31,2089.44,BR015,UPI_DEBIT,India-Pune
T003507,C-1268,2026-08-05 22:26:55,935.46,BR006,UPI_DEBIT,India-Mumbai
T003508,C-1009,2026-08-05 22:28:03,1012.90,BR018,UPI_DEBIT,India-Chennai
T003509,C-1216,2026-08-05 22:34:12,95587.82,BR018,SALARY_CREDIT,India-Kolkata
T003510,C-1115,2026-08-05 22:52:48,3375.28,BR002,UPI_DEBIT,India-Pune
T003511,C-1254,2026-08-05 22:52:53,954.68,BR014,UPI_DEBIT,India-Pune
T003512,C-1257,2026-08-05 23:18:02,5073.90,BR003,ATM_WITHDRAWAL,India-Coimbatore
T003513,C-1200,2026-08-05 23:25:26,4840.72,BR019,UPI_DEBIT,India-Coimbatore
T003514,C-1113,2026-08-06 00:03:43,25045.87,BR016,NEFT_CREDIT,India-Delhi
T003515,C-1213,2026-08-06 00:15:05,4600.64,BR020,UPI_DEBIT,India-Kolkata
T003516,C-1091,2026-08-06 01:40:44,1712.22,BR004,UPI_DEBIT,India-Kolkata
T003517,C-1273,2026-08-06 01:40:55,503.89,BR016,UPI_DEBIT,India-Hyderabad
T003518,C-1009,2026-08-06 02:05:25,60250.76,BR004,SALARY_CREDIT,India-Mumbai
T003519,C-1179,2026-08-06 02:07:44,2996.99,BR018,UPI_DEBIT,India-Delhi
T003520,C-1232,2026-08-06 02:25:51,1726.88,BR009,CARD_PAYMENT,India-Coimbatore
T003521,C-1101,2026-08-06 03:43:53,15761.72,BR020,CARD_PAYMENT,India-Chennai
T003522,C-1056,2026-08-06 04:37:30,4033.93,BR016,UPI_DEBIT,India-Kolkata
T003523,C-1261,2026-08-06 05:06:54,3985.66,BR008,UPI_DEBIT,India-Delhi
T003524,C-1188,2026-08-06 06:00:47,480.21,BR018,UPI_DEBIT,India-Bengaluru
T003525,C-1144,2026-08-06 06:03:48,3356.35,BR015,UPI_DEBIT,India-Coimbatore
T003526,C-1152,2026-08-06 06:07:53,4222.54,BR007,UPI_DEBIT,India-Chennai
T003527,C-1074,2026-08-06 06:11:55,1482.33,BR020,UPI_DEBIT,India-Coimbatore
T003528,C-1079,2026-08-06 06:13:48,1862.54,BR019,UPI_DEBIT,India-Chennai
T003529,C-1158,2026-08-06 06:27:47,6977.38,BR008,CARD_PAYMENT,India-Hyderabad
T003530,C-1087,2026-08-06 07:23:42,1972.87,BR018,UPI_DEBIT,India-Chennai
T003531,C-1260,2026-08-06 08:00:18,149000.48,BR017,SALARY_CREDIT,India-Pune
T003532,C-1254,2026-08-06 08:04:30,9109.24,BR011,ATM_WITHDRAWAL,India-Bengaluru
T003533,C-1007,2026-08-06 08:11:25,2403.39,BR019,UPI_DEBIT,India-Kolkata
T003534,C-1182,2026-08-06 08:21:16,1347.24,BR014,UPI_DEBIT,India-Chennai
T003535,C-1066,2026-08-06 08:56:00,3322.28,BR018,UPI_DEBIT,India-Pune
T003536,C-1233,2026-08-06 09:16:54,8160.05,BR006,ATM_WITHDRAWAL,India-Bengaluru
T003537,C-1221,2026-08-06 09:55:09,514.96,BR007,UPI_DEBIT,India-Hyderabad
T003538,C-1017,2026-08-06 09:56:07,946349.30,BR001,CASH_DEPOSIT,India-Pune
T003539,C-1007,2026-08-06 10:28:26,11503.45,BR003,CARD_PAYMENT,India-Bengaluru
T003540,C-1011,2026-08-06 10:50:16,908678.77,BR014,CASH_DEPOSIT,India-Chennai
T003541,C-1255,2026-08-06 10:53:56,15085.65,BR010,CARD_PAYMENT,India-Pune
T003542,C-1056,2026-08-06 11:01:42,11433.77,BR020,CARD_PAYMENT,India-Mumbai
T003543,C-1179,2026-08-06 11:01:48,1729.42,BR020,CARD_PAYMENT,India-Hyderabad
T003544,C-1278,2026-08-06 11:21:46,31108.65,BR019,NEFT_CREDIT,India-Mumbai
T003545,C-1043,2026-08-06 11:44:56,343.42,BR013,UPI_DEBIT,India-Hyderabad
T003546,C-1121,2026-08-06 12:11:06,2685.15,BR011,CARD_PAYMENT,India-Bengaluru
T003547,C-1170,2026-08-06 12:12:54,73783.25,BR006,NEFT_CREDIT,India-Chennai
T003548,C-1259,2026-08-06 12:31:35,1920.85,BR002,UPI_DEBIT,India-Pune
T003549,C-1013,2026-08-06 12:35:03,964951.04,BR004,CASH_DEPOSIT,India-Chennai
T003550,C-1255,2026-08-06 12:51:05,1879.11,BR011,UPI_DEBIT,India-Kolkata
T003551,C-1006,2026-08-06 12:54:51,77956.66,BR006,NEFT_CREDIT,India-Kolkata
T003552,C-1019,2026-08-06 13:09:34,956418.91,BR008,CASH_DEPOSIT,India-Pune
T003553,C-1191,2026-08-06 13:11:50,93472.52,BR002,SALARY_CREDIT,India-Bengaluru
T003554,C-1018,2026-08-06 13:16:48,959589.75,BR006,CASH_DEPOSIT,India-Pune
T003555,C-1001,2026-08-06 13:52:06,942717.21,BR016,CASH_DEPOSIT,India-Pune
T003556,C-1278,2026-08-06 14:00:01,1636.64,BR018,UPI_DEBIT,India-Kolkata
T003557,C-1245,2026-08-06 14:22:58,39561.24,BR001,NEFT_CREDIT,India-Mumbai
T003558,C-1012,2026-08-06 14:49:29,954652.96,BR020,CASH_DEPOSIT,India-Mumbai
T003559,C-1130,2026-08-06 14:54:07,75499.29,BR014,NEFT_CREDIT,India-Pune
T003560,C-1239,2026-08-06 16:06:27,42510.00,BR011,SALARY_CREDIT,India-Bengaluru
T003561,C-1010,2026-08-06 16:07:33,971694.22,BR009,CASH_DEPOSIT,India-Delhi
T003562,C-1284,2026-08-06 16:51:35,19010.17,BR009,CARD_PAYMENT,India-Chennai
T003563,C-1016,2026-08-06 17:06:05,912770.31,BR013,CASH_DEPOSIT,India-Pune
T003564,C-1111,2026-08-06 17:19:27,3135.79,BR012,CARD_PAYMENT,India-Bengaluru
T003565,C-1274,2026-08-06 17:21:20,3104.14,BR011,UPI_DEBIT,India-Pune
T003566,C-1002,2026-08-06 17:26:24,6559.96,BR017,UPI_DEBIT,India-Bengaluru
T003567,C-1014,2026-08-06 17:30:26,923743.45,BR011,CASH_DEPOSIT,India-Chennai
T003568,C-1015,2026-08-06 17:51:30,980732.00,BR019,CASH_DEPOSIT,India-Hyderabad
T003569,C-1060,2026-08-06 17:56:07,31948.21,BR019,NEFT_CREDIT,India-Bengaluru
T003570,C-1202,2026-08-06 18:10:40,3218.22,BR002,UPI_DEBIT,India-Pune
T003571,C-1252,2026-08-06 18:27:32,2857.39,BR006,UPI_DEBIT,India-Hyderabad
T003572,C-1141,2026-08-06 19:13:39,16753.01,BR008,CARD_PAYMENT,India-Delhi
T003573,C-1158,2026-08-06 19:27:44,142696.81,BR003,SALARY_CREDIT,India-Kolkata
T003574,C-1276,2026-08-06 19:32:03,3965.46,BR003,UPI_DEBIT,India-Hyderabad
T003575,C-1272,2026-08-06 22:31:02,13185.08,BR015,NEFT_CREDIT,India-Coimbatore
T003576,C-1177,2026-08-06 22:34:59,3103.36,BR004,UPI_DEBIT,India-Mumbai
T003577,C-1131,2026-08-06 22:40:59,111496.21,BR019,SALARY_CREDIT,India-Bengaluru
T003578,C-1208,2026-08-06 23:22:46,4046.99,BR014,UPI_DEBIT,India-Mumbai
T003579,C-1136,2026-08-07 00:21:52,623.28,BR014,UPI_DEBIT,India-Delhi
T003580,C-1297,2026-08-07 00:35:05,483.58,BR007,UPI_DEBIT,India-Delhi
T003581,C-1098,2026-08-07 00:49:18,4626.96,BR008,CARD_PAYMENT,India-Coimbatore
T003582,C-1228,2026-08-07 01:06:02,4086.56,BR020,UPI_DEBIT,India-Kolkata
T003583,C-1058,2026-08-07 01:20:03,28576.83,BR006,SALARY_CREDIT,India-Coimbatore
T003584,C-1268,2026-08-07 01:52:30,63822.53,BR007,NEFT_CREDIT,India-Bengaluru
T003585,C-1228,2026-08-07 01:53:25,4017.77,BR010,UPI_DEBIT,India-Chennai
T003586,C-1207,2026-08-07 02:06:21,9071.85,BR007,CARD_PAYMENT,India-Chennai
T003587,C-1173,2026-08-07 02:15:56,2414.10,BR012,UPI_DEBIT,India-Chennai
T003588,C-1270,2026-08-07 03:15:24,2639.93,BR001,UPI_DEBIT,India-Chennai
T003589,C-1117,2026-08-07 03:53:59,3894.12,BR009,UPI_DEBIT,India-Pune
T003590,C-1112,2026-08-07 04:39:17,2316.96,BR019,CARD_PAYMENT,India-Kolkata
T003591,C-1277,2026-08-07 05:54:01,4062.03,BR019,UPI_DEBIT,India-Coimbatore
T003592,C-1246,2026-08-07 06:16:29,3792.15,BR010,UPI_DEBIT,India-Delhi
T003593,C-1145,2026-08-07 06:45:23,40090.81,BR010,SALARY_CREDIT,India-Pune
T003594,C-1189,2026-08-07 06:56:54,6646.69,BR013,ATM_WITHDRAWAL,India-Delhi
T003595,C-1106,2026-08-07 08:08:10,5343.50,BR011,CARD_PAYMENT,India-Delhi
T003596,C-1230,2026-08-07 08:50:09,15492.83,BR014,CARD_PAYMENT,India-Kolkata
T003597,C-1159,2026-08-07 08:59:44,488.13,BR004,UPI_DEBIT,India-Kolkata
T003598,C-1105,2026-08-07 10:31:14,94175.19,BR012,SALARY_CREDIT,India-Chennai
T003599,C-1212,2026-08-07 10:57:50,1877.74,BR019,UPI_DEBIT,India-Bengaluru
T003600,C-1245,2026-08-07 10:59:44,75403.26,BR013,NEFT_CREDIT,India-Kolkata
T003601,C-1219,2026-08-07 11:26:42,1901.52,BR018,UPI_DEBIT,India-Mumbai
T003602,C-1217,2026-08-07 11:42:56,19583.64,BR009,CARD_PAYMENT,India-Hyderabad
T003603,C-1214,2026-08-07 11:48:18,17668.07,BR012,ATM_WITHDRAWAL,India-Chennai
T003604,C-1001,2026-08-07 12:25:16,933027.50,BR012,CASH_DEPOSIT,India-Kolkata
T003605,C-1236,2026-08-07 12:30:02,12761.99,BR017,ATM_WITHDRAWAL,India-Bengaluru
T003606,C-1275,2026-08-07 13:00:30,3870.98,BR017,UPI_DEBIT,India-Bengaluru
T003607,C-1125,2026-08-07 13:12:31,680.60,BR012,UPI_DEBIT,India-Kolkata
T003608,C-1196,2026-08-07 13:16:37,3958.15,BR013,UPI_DEBIT,India-Chennai
T003609,C-1285,2026-08-07 13:30:35,61383.36,BR016,NEFT_CREDIT,India-Kolkata
T003610,C-1064,2026-08-07 15:00:56,4383.89,BR008,UPI_DEBIT,India-Delhi
T003611,C-1232,2026-08-07 15:22:03,2573.14,BR018,UPI_DEBIT,India-Chennai
T003612,C-1206,2026-08-07 16:03:29,10831.35,BR003,CARD_PAYMENT,India-Delhi
T003613,C-1090,2026-08-07 16:24:31,4669.35,BR007,UPI_DEBIT,India-Bengaluru
T003614,C-1158,2026-08-07 16:27:51,4501.39,BR010,UPI_DEBIT,India-Bengaluru
T003615,C-1001,2026-08-07 17:25:42,3993.40,BR018,UPI_DEBIT,India-Coimbatore
T003616,C-1128,2026-08-07 17:38:14,2302.22,BR011,UPI_DEBIT,India-Delhi
T003617,C-1270,2026-08-07 18:25:33,47038.91,BR014,NEFT_CREDIT,India-Hyderabad
T003618,C-1227,2026-08-07 19:00:18,4576.50,BR005,UPI_DEBIT,India-Delhi
T003619,C-1218,2026-08-07 19:13:59,5530.44,BR010,CARD_PAYMENT,India-Kolkata
T003620,C-1071,2026-08-07 20:40:39,82169.62,BR016,SALARY_CREDIT,India-Delhi
T003621,C-1234,2026-08-07 20:58:04,73966.89,BR004,SALARY_CREDIT,India-Bengaluru
T003622,C-1182,2026-08-07 21:18:42,2951.79,BR007,UPI_DEBIT,India-Delhi
T003623,C-1277,2026-08-07 22:03:06,79219.95,BR020,NEFT_CREDIT,India-Coimbatore
T003624,C-1243,2026-08-07 22:05:04,3603.96,BR004,UPI_DEBIT,India-Pune
T003625,C-1118,2026-08-07 22:16:06,3873.59,BR006,UPI_DEBIT,India-Coimbatore
T003626,C-1252,2026-08-07 22:31:27,4722.09,BR007,UPI_DEBIT,India-Delhi
T003627,C-1058,2026-08-07 22:34:51,2414.29,BR006,UPI_DEBIT,India-Bengaluru
T003628,C-1088,2026-08-07 23:05:14,6713.27,BR004,NEFT_CREDIT,India-Chennai
T003629,C-1178,2026-08-07 23:32:25,9978.54,BR016,CARD_PAYMENT,India-Delhi
T003630,C-1173,2026-08-08 01:23:24,6219.29,BR010,CARD_PAYMENT,India-Delhi
T003631,C-1235,2026-08-08 02:19:19,3470.33,BR012,UPI_DEBIT,India-Kolkata
T003632,C-1008,2026-08-08 02:35:54,8995.37,BR007,ATM_WITHDRAWAL,India-Kolkata
T003633,C-1290,2026-08-08 02:53:54,2386.37,BR009,ATM_WITHDRAWAL,India-Mumbai
T003634,C-1096,2026-08-08 04:12:17,3506.11,BR017,UPI_DEBIT,India-Coimbatore
T003635,C-1087,2026-08-08 04:44:55,1428.68,BR017,UPI_DEBIT,India-Hyderabad
T003636,C-1238,2026-08-08 04:48:54,3790.99,BR003,UPI_DEBIT,India-Hyderabad
T003637,C-1146,2026-08-08 04:59:54,2456.16,BR016,CARD_PAYMENT,India-Hyderabad
T003638,C-1189,2026-08-08 05:21:44,2372.68,BR005,UPI_DEBIT,India-Delhi
T003639,C-1121,2026-08-08 05:56:00,561.83,BR015,CARD_PAYMENT,India-Bengaluru
T003640,C-1082,2026-08-08 05:59:24,7324.40,BR015,CARD_PAYMENT,India-Bengaluru
T003641,C-1059,2026-08-08 06:19:01,4832.44,BR005,UPI_DEBIT,India-Hyderabad
T003642,C-1256,2026-08-08 06:37:13,13344.26,BR019,CARD_PAYMENT,India-Chennai
T003643,C-1105,2026-08-08 06:49:00,1467.81,BR020,UPI_DEBIT,India-Hyderabad
T003644,C-1083,2026-08-08 06:59:33,1745.28,BR014,UPI_DEBIT,India-Kolkata
T003645,C-1043,2026-08-08 07:03:20,537.93,BR019,UPI_DEBIT,India-Hyderabad
T003646,C-1172,2026-08-08 07:31:03,16298.67,BR002,ATM_WITHDRAWAL,India-Delhi
T003647,C-1238,2026-08-08 07:33:12,566.37,BR013,CARD_PAYMENT,India-Delhi
T003648,C-1183,2026-08-08 07:38:33,2436.63,BR014,UPI_DEBIT,India-Chennai
T003649,C-1109,2026-08-08 07:49:35,41718.64,BR018,SALARY_CREDIT,India-Bengaluru
T003650,C-1176,2026-08-08 08:13:42,15504.74,BR002,NEFT_CREDIT,India-Mumbai
T003651,C-1004,2026-08-08 08:38:55,232.01,BR016,UPI_DEBIT,India-Mumbai
T003652,C-1106,2026-08-08 08:45:28,59125.24,BR016,SALARY_CREDIT,India-Delhi
T003653,C-1034,2026-08-08 09:22:04,114696.21,BR019,NEFT_DEBIT,Iran
T003654,C-1035,2026-08-08 09:41:16,43319.11,BR008,NEFT_DEBIT,Myanmar
T003655,C-1039,2026-08-08 09:51:38,81937.40,BR010,NEFT_DEBIT,North Korea
T003656,C-1266,2026-08-08 09:56:26,9260.49,BR013,ATM_WITHDRAWAL,India-Delhi
T003657,C-1036,2026-08-08 10:08:00,95819.38,BR005,NEFT_DEBIT,Myanmar
T003658,C-1017,2026-08-08 10:23:19,919457.22,BR005,CASH_DEPOSIT,India-Bengaluru
T003659,C-1011,2026-08-08 10:43:03,968320.15,BR006,CASH_DEPOSIT,India-Delhi
T003660,C-1019,2026-08-08 11:35:49,911091.26,BR010,CASH_DEPOSIT,India-Coimbatore
T003661,C-1165,2026-08-08 11:54:08,2179.19,BR016,UPI_DEBIT,India-Chennai
T003662,C-1015,2026-08-08 12:10:40,936948.44,BR016,CASH_DEPOSIT,India-Mumbai
T003663,C-1010,2026-08-08 12:14:00,985830.65,BR015,CASH_DEPOSIT,India-Pune
T003664,C-1221,2026-08-08 12:21:28,122476.24,BR004,SALARY_CREDIT,India-Bengaluru
T003665,C-1112,2026-08-08 12:56:19,3037.96,BR016,UPI_DEBIT,India-Bengaluru
T003666,C-1227,2026-08-08 13:39:03,3047.28,BR006,UPI_DEBIT,India-Pune
T003667,C-1038,2026-08-08 13:58:34,85351.36,BR009,NEFT_DEBIT,Myanmar
T003668,C-1046,2026-08-08 14:38:18,10452.87,BR011,ATM_WITHDRAWAL,India-Bengaluru
T003669,C-1012,2026-08-08 15:20:38,919407.26,BR015,CASH_DEPOSIT,India-Kolkata
T003670,C-1070,2026-08-08 15:22:46,49722.55,BR010,NEFT_CREDIT,India-Mumbai
T003671,C-1030,2026-08-08 15:30:33,12288.91,BR013,NEFT_DEBIT,Iran
T003672,C-1018,2026-08-08 15:32:35,929854.14,BR016,CASH_DEPOSIT,India-Kolkata
T003673,C-1277,2026-08-08 15:33:58,17685.40,BR007,CARD_PAYMENT,India-Bengaluru
T003674,C-1086,2026-08-08 15:36:51,1108.50,BR015,UPI_DEBIT,India-Delhi
T003675,C-1037,2026-08-08 16:47:39,67461.82,BR011,NEFT_DEBIT,Myanmar
T003676,C-1033,2026-08-08 16:52:03,85833.93,BR018,NEFT_DEBIT,Iran
T003677,C-1032,2026-08-08 16:53:32,98267.22,BR007,NEFT_DEBIT,Iran
T003678,C-1233,2026-08-08 16:56:01,1718.18,BR010,CARD_PAYMENT,India-Chennai
T003679,C-1140,2026-08-08 17:07:12,704.15,BR002,UPI_DEBIT,India-Pune
T003680,C-1031,2026-08-08 17:10:29,66756.05,BR004,NEFT_DEBIT,Iran
T003681,C-1016,2026-08-08 17:16:19,903742.97,BR019,CASH_DEPOSIT,India-Bengaluru
T003682,C-1001,2026-08-08 17:40:04,968695.64,BR003,CASH_DEPOSIT,India-Hyderabad
T003683,C-1100,2026-08-08 17:41:57,115314.80,BR018,SALARY_CREDIT,India-Coimbatore
T003684,C-1014,2026-08-08 18:05:53,916137.20,BR002,CASH_DEPOSIT,India-Hyderabad
T003685,C-1013,2026-08-08 18:07:07,903358.69,BR017,CASH_DEPOSIT,India-Pune
T003686,C-1003,2026-08-08 18:14:43,69761.79,BR013,NEFT_DEBIT,Myanmar
T003687,C-1136,2026-08-08 19:39:26,2130.56,BR016,ATM_WITHDRAWAL,India-Kolkata
T003688,C-1095,2026-08-08 19:51:50,6800.08,BR018,CARD_PAYMENT,India-Kolkata
T003689,C-1095,2026-08-08 20:07:39,13058.66,BR001,CARD_PAYMENT,India-Chennai
T003690,C-1091,2026-08-08 20:34:04,3001.99,BR018,CARD_PAYMENT,India-Kolkata
T003691,C-1247,2026-08-08 20:44:30,14453.25,BR015,CARD_PAYMENT,India-Delhi
T003692,C-1085,2026-08-08 20:52:49,50554.04,BR006,NEFT_CREDIT,India-Mumbai
T003693,C-1274,2026-08-08 21:45:20,13108.15,BR006,CARD_PAYMENT,India-Mumbai
T003694,C-1291,2026-08-08 22:00:39,5775.11,BR008,CARD_PAYMENT,India-Pune
T003695,C-1245,2026-08-09 00:01:27,9496.00,BR008,NEFT_CREDIT,India-Delhi
T003696,C-1192,2026-08-09 00:12:13,42598.81,BR012,NEFT_CREDIT,India-Hyderabad
T003697,C-1177,2026-08-09 00:12:27,13273.81,BR003,CARD_PAYMENT,India-Coimbatore
T003698,C-1151,2026-08-09 01:02:27,1268.34,BR011,UPI_DEBIT,India-Pune
T003699,C-1296,2026-08-09 02:06:08,60742.22,BR014,NEFT_CREDIT,India-Coimbatore
T003700,C-1057,2026-08-09 02:56:15,119524.54,BR002,SALARY_CREDIT,India-Kolkata
T003701,C-1241,2026-08-09 03:05:44,66262.40,BR005,NEFT_CREDIT,India-Delhi
T003702,C-1278,2026-08-09 04:23:04,1496.34,BR012,UPI_DEBIT,India-Kolkata
T003703,C-1053,2026-08-09 04:44:47,15650.14,BR015,CARD_PAYMENT,India-Bengaluru
T003704,C-1042,2026-08-09 04:53:01,78228.55,BR010,SALARY_CREDIT,India-Chennai
T003705,C-1040,2026-08-09 05:12:59,15130.67,BR007,CARD_PAYMENT,India-Bengaluru
T003706,C-1300,2026-08-09 05:19:02,2871.83,BR018,CARD_PAYMENT,India-Bengaluru
T003707,C-1161,2026-08-09 05:22:05,17137.83,BR015,ATM_WITHDRAWAL,India-Chennai
T003708,C-1265,2026-08-09 05:29:39,1910.50,BR002,UPI_DEBIT,India-Hyderabad
T003709,C-1009,2026-08-09 05:32:40,69668.90,BR018,NEFT_CREDIT,India-Chennai
T003710,C-1150,2026-08-09 06:14:22,710.12,BR002,CARD_PAYMENT,India-Chennai
T003711,C-1146,2026-08-09 07:00:22,4785.67,BR005,UPI_DEBIT,India-Kolkata
T003712,C-1252,2026-08-09 07:13:46,3981.12,BR015,UPI_DEBIT,India-Hyderabad
T003713,C-1276,2026-08-09 07:55:42,5151.63,BR011,ATM_WITHDRAWAL,India-Delhi
T003714,C-1288,2026-08-09 07:58:18,11791.29,BR007,ATM_WITHDRAWAL,India-Pune
T003715,C-1163,2026-08-09 08:11:07,4458.69,BR011,UPI_DEBIT,India-Delhi
T003716,C-1197,2026-08-09 08:36:11,40499.49,BR012,NEFT_CREDIT,India-Mumbai
T003717,C-1139,2026-08-09 08:51:09,1982.56,BR006,UPI_DEBIT,India-Coimbatore
T003718,C-1080,2026-08-09 09:18:53,30609.15,BR020,SALARY_CREDIT,India-Pune
T003719,C-1191,2026-08-09 09:23:32,983.67,BR016,UPI_DEBIT,India-Coimbatore
T003720,C-1288,2026-08-09 09:34:08,12924.29,BR012,NEFT_CREDIT,India-Chennai
T003721,C-1201,2026-08-09 10:32:55,3551.93,BR002,UPI_DEBIT,India-Kolkata
T003722,C-1278,2026-08-09 10:46:41,2187.05,BR009,UPI_DEBIT,India-Kolkata
T003723,C-1204,2026-08-09 12:05:53,2376.27,BR019,UPI_DEBIT,India-Kolkata
T003724,C-1260,2026-08-09 12:14:28,2782.02,BR009,UPI_DEBIT,India-Chennai
T003725,C-1150,2026-08-09 12:17:05,10826.69,BR013,CARD_PAYMENT,India-Kolkata
T003726,C-1248,2026-08-09 12:36:01,18031.62,BR011,CARD_PAYMENT,India-Bengaluru
T003727,C-1009,2026-08-09 12:42:14,1704.74,BR005,UPI_DEBIT,India-Mumbai
T003728,C-1066,2026-08-09 12:58:53,6898.16,BR005,CARD_PAYMENT,India-Mumbai
T003729,C-1219,2026-08-09 13:08:54,4933.86,BR017,UPI_DEBIT,India-Kolkata
T003730,C-1042,2026-08-09 13:26:10,3211.38,BR013,UPI_DEBIT,India-Mumbai
T003731,C-1001,2026-08-09 13:29:09,983265.11,BR019,CASH_DEPOSIT,India-Hyderabad
T003732,C-1239,2026-08-09 13:29:19,15870.01,BR003,ATM_WITHDRAWAL,India-Hyderabad
T003733,C-1093,2026-08-09 13:32:42,4130.50,BR008,UPI_DEBIT,India-Mumbai
T003734,C-1258,2026-08-09 13:49:29,1423.07,BR001,UPI_DEBIT,India-Mumbai
T003735,C-1190,2026-08-09 14:18:36,4384.99,BR009,UPI_DEBIT,India-Delhi
T003736,C-1191,2026-08-09 15:14:13,138111.66,BR017,SALARY_CREDIT,India-Chennai
T003737,C-1001,2026-08-09 15:27:12,1389.18,BR009,UPI_DEBIT,India-Mumbai
T003738,C-1160,2026-08-09 15:33:34,69351.96,BR005,NEFT_CREDIT,India-Pune
T003739,C-1061,2026-08-09 15:45:13,54678.17,BR018,NEFT_CREDIT,India-Bengaluru
T003740,C-1133,2026-08-09 16:09:35,4904.19,BR009,UPI_DEBIT,India-Mumbai
T003741,C-1225,2026-08-09 16:26:37,33570.26,BR020,NEFT_CREDIT,India-Bengaluru
T003742,C-1189,2026-08-09 16:57:37,1507.66,BR005,UPI_DEBIT,India-Hyderabad
T003743,C-1062,2026-08-09 16:59:08,5367.93,BR019,CARD_PAYMENT,India-Hyderabad
T003744,C-1274,2026-08-09 17:54:37,64826.13,BR012,NEFT_CREDIT,India-Coimbatore
T003745,C-1261,2026-08-09 18:59:17,20952.95,BR017,NEFT_CREDIT,India-Chennai
T003746,C-1006,2026-08-09 19:14:05,19038.96,BR004,ATM_WITHDRAWAL,India-Mumbai
T003747,C-1163,2026-08-09 19:20:39,13345.72,BR002,CARD_PAYMENT,India-Mumbai
T003748,C-1276,2026-08-09 19:41:50,1206.06,BR006,UPI_DEBIT,India-Delhi
T003749,C-1142,2026-08-09 19:47:38,3703.42,BR008,UPI_DEBIT,India-Pune
T003750,C-1122,2026-08-09 20:00:57,2566.81,BR018,UPI_DEBIT,India-Hyderabad
T003751,C-1119,2026-08-09 20:33:51,15288.86,BR004,CARD_PAYMENT,India-Kolkata
T003752,C-1295,2026-08-09 21:02:46,15330.13,BR008,ATM_WITHDRAWAL,India-Kolkata
T003753,C-1139,2026-08-09 21:31:51,2336.80,BR011,UPI_DEBIT,India-Hyderabad
T003754,C-1256,2026-08-09 21:33:39,202.62,BR008,UPI_DEBIT,India-Hyderabad
T003755,C-1278,2026-08-09 21:54:16,3065.83,BR007,UPI_DEBIT,India-Bengaluru
T003756,C-1074,2026-08-09 22:39:18,15929.67,BR012,CARD_PAYMENT,India-Delhi
T003757,C-1178,2026-08-09 22:43:09,133219.56,BR011,SALARY_CREDIT,India-Pune
T003758,C-1217,2026-08-09 22:49:45,2393.43,BR009,UPI_DEBIT,India-Coimbatore
T003759,C-1192,2026-08-09 23:21:16,1636.67,BR003,CARD_PAYMENT,India-Coimbatore
T003760,C-1146,2026-08-09 23:26:44,4874.23,BR002,UPI_DEBIT,India-Kolkata
T003761,C-1245,2026-08-09 23:29:06,2131.03,BR010,UPI_DEBIT,India-Delhi
T003762,C-1249,2026-08-10 00:04:21,3970.04,BR010,UPI_DEBIT,India-Bengaluru
T003763,C-1293,2026-08-10 00:53:40,39364.50,BR001,NEFT_CREDIT,India-Chennai
T003764,C-1146,2026-08-10 01:23:17,3129.21,BR017,ATM_WITHDRAWAL,India-Mumbai
T003765,C-1110,2026-08-10 01:38:35,21898.19,BR001,NEFT_CREDIT,India-Coimbatore
T003766,C-1111,2026-08-10 01:46:40,1114.63,BR012,UPI_DEBIT,India-Chennai
T003767,C-1119,2026-08-10 01:47:06,31547.20,BR013,NEFT_CREDIT,India-Pune
T003768,C-1213,2026-08-10 02:03:54,14735.44,BR015,CARD_PAYMENT,India-Pune
T003769,C-1207,2026-08-10 03:41:49,3266.55,BR003,UPI_DEBIT,India-Bengaluru
T003770,C-1186,2026-08-10 03:43:53,63093.27,BR007,NEFT_CREDIT,India-Kolkata
T003771,C-1265,2026-08-10 03:48:52,2996.54,BR019,CARD_PAYMENT,India-Coimbatore
T003772,C-1108,2026-08-10 04:16:51,70034.44,BR019,NEFT_CREDIT,India-Pune
T003773,C-1199,2026-08-10 05:00:24,13804.03,BR011,CARD_PAYMENT,India-Chennai
T003774,C-1267,2026-08-10 05:27:56,28334.22,BR007,NEFT_CREDIT,India-Coimbatore
T003775,C-1075,2026-08-10 05:47:33,7120.94,BR011,CARD_PAYMENT,India-Bengaluru
T003776,C-1097,2026-08-10 06:00:06,4991.83,BR020,UPI_DEBIT,India-Hyderabad
T003777,C-1211,2026-08-10 06:00:13,8661.87,BR007,ATM_WITHDRAWAL,India-Delhi
T003778,C-1167,2026-08-10 06:26:54,53865.57,BR017,NEFT_CREDIT,India-Pune
T003779,C-1067,2026-08-10 06:29:24,7643.85,BR011,CARD_PAYMENT,India-Pune
T003780,C-1287,2026-08-10 07:04:28,6839.48,BR001,CARD_PAYMENT,India-Bengaluru
T003781,C-1059,2026-08-10 07:42:05,2397.92,BR015,CARD_PAYMENT,India-Pune
T003782,C-1046,2026-08-10 07:51:25,9971.83,BR012,CARD_PAYMENT,India-Chennai
T003783,C-1202,2026-08-10 08:01:07,23044.76,BR017,NEFT_CREDIT,India-Delhi
T003784,C-1083,2026-08-10 09:11:46,143749.10,BR005,SALARY_CREDIT,India-Hyderabad
T003785,C-1236,2026-08-10 09:33:21,5870.36,BR016,ATM_WITHDRAWAL,India-Chennai
T003786,C-1001,2026-08-10 09:54:45,935040.24,BR015,CASH_DEPOSIT,India-Kolkata
T003787,C-1027,2026-08-10 10:41:57,606100.36,BR009,NEFT_CREDIT,India-Hyderabad
T003788,C-1012,2026-08-10 10:43:23,977517.07,BR009,CASH_DEPOSIT,India-Kolkata
T003789,C-1292,2026-08-10 10:48:40,14936.58,BR020,CARD_PAYMENT,India-Kolkata
T003790,C-1017,2026-08-10 11:06:20,943610.83,BR003,CASH_DEPOSIT,India-Kolkata
T003791,C-1022,2026-08-10 11:16:53,604354.83,BR015,NEFT_CREDIT,India-Bengaluru
T003792,C-1029,2026-08-10 11:45:09,746487.76,BR010,NEFT_CREDIT,India-Coimbatore
T003793,C-1016,2026-08-10 11:57:18,926576.27,BR010,CASH_DEPOSIT,India-Pune
T003794,C-1009,2026-08-10 12:02:26,19480.77,BR006,CARD_PAYMENT,India-Bengaluru
T003795,C-1210,2026-08-10 13:24:38,478.99,BR018,UPI_DEBIT,India-Chennai
T003796,C-1023,2026-08-10 13:33:55,792790.94,BR013,NEFT_CREDIT,India-Delhi
T003797,C-1007,2026-08-10 13:47:45,2132.15,BR012,UPI_DEBIT,India-Chennai
T003798,C-1028,2026-08-10 13:52:50,693711.87,BR017,NEFT_CREDIT,India-Delhi
T003799,C-1026,2026-08-10 13:55:27,674469.95,BR014,NEFT_CREDIT,India-Coimbatore
T003800,C-1283,2026-08-10 14:01:41,16734.48,BR007,CARD_PAYMENT,India-Mumbai
T003801,C-1021,2026-08-10 14:10:45,641274.18,BR010,NEFT_CREDIT,India-Delhi
T003802,C-1195,2026-08-10 14:11:03,9451.59,BR018,CARD_PAYMENT,India-Bengaluru
T003803,C-1018,2026-08-10 14:11:12,972573.99,BR008,CASH_DEPOSIT,India-Pune
T003804,C-1025,2026-08-10 14:26:09,693127.97,BR011,NEFT_CREDIT,India-Chennai
T003805,C-1024,2026-08-10 14:36:03,626251.34,BR002,NEFT_CREDIT,India-Hyderabad
T003806,C-1020,2026-08-10 14:39:26,666802.74,BR016,NEFT_CREDIT,India-Coimbatore
T003807,C-1245,2026-08-10 14:40:02,14281.45,BR013,CARD_PAYMENT,India-Kolkata
T003808,C-1014,2026-08-10 14:40:33,967907.88,BR011,CASH_DEPOSIT,India-Mumbai
T003809,C-1015,2026-08-10 14:52:53,947090.49,BR014,CASH_DEPOSIT,India-Mumbai
T003810,C-1002,2026-08-10 15:00:06,3420.11,BR003,UPI_DEBIT,India-Mumbai
T003811,C-1123,2026-08-10 15:03:48,5304.78,BR015,CARD_PAYMENT,India-Kolkata
T003812,C-1087,2026-08-10 15:20:33,1833.05,BR012,CARD_PAYMENT,India-Bengaluru
T003813,C-1019,2026-08-10 15:25:01,949476.07,BR011,CASH_DEPOSIT,India-Kolkata
T003814,C-1010,2026-08-10 15:34:50,975019.91,BR006,CASH_DEPOSIT,India-Mumbai
T003815,C-1009,2026-08-10 15:53:03,3825.13,BR003,CARD_PAYMENT,India-Delhi
T003816,C-1205,2026-08-10 15:59:05,34407.99,BR010,SALARY_CREDIT,India-Chennai
T003817,C-1057,2026-08-10 16:11:14,15314.80,BR002,ATM_WITHDRAWAL,India-Delhi
T003818,C-1049,2026-08-10 16:13:50,56101.36,BR010,NEFT_CREDIT,India-Mumbai
T003819,C-1163,2026-08-10 16:22:28,104730.23,BR011,SALARY_CREDIT,India-Kolkata
T003820,C-1073,2026-08-10 16:22:56,13462.01,BR002,ATM_WITHDRAWAL,India-Hyderabad
T003821,C-1258,2026-08-10 16:55:32,1822.45,BR004,UPI_DEBIT,India-Kolkata
T003822,C-1011,2026-08-10 17:20:17,952929.77,BR003,CASH_DEPOSIT,India-Hyderabad
T003823,C-1006,2026-08-10 18:41:00,68866.06,BR003,SALARY_CREDIT,India-Chennai
T003824,C-1013,2026-08-10 18:41:41,927201.71,BR014,CASH_DEPOSIT,India-Chennai
T003825,C-1201,2026-08-10 18:55:28,3791.03,BR007,UPI_DEBIT,India-Kolkata
T003826,C-1155,2026-08-10 19:01:51,4398.16,BR010,UPI_DEBIT,India-Pune
T003827,C-1193,2026-08-10 20:28:09,2521.38,BR011,UPI_DEBIT,India-Bengaluru
T003828,C-1242,2026-08-10 20:33:59,2524.26,BR018,CARD_PAYMENT,India-Bengaluru
T003829,C-1198,2026-08-10 20:36:12,4202.21,BR019,CARD_PAYMENT,India-Pune
T003830,C-1055,2026-08-10 20:37:52,1115.94,BR007,UPI_DEBIT,India-Hyderabad
T003831,C-1145,2026-08-10 20:38:01,385.22,BR013,UPI_DEBIT,India-Bengaluru
T003832,C-1029,2026-08-10 20:45:09,718785.72,BR015,NEFT_DEBIT,India-Bengaluru
T003833,C-1097,2026-08-10 20:52:42,3694.55,BR016,UPI_DEBIT,India-Pune
T003834,C-1177,2026-08-10 20:52:59,4812.15,BR001,UPI_DEBIT,India-Coimbatore
T003835,C-1004,2026-08-10 21:08:45,5134.01,BR002,CARD_PAYMENT,India-Chennai
T003836,C-1023,2026-08-10 21:33:55,754067.09,BR008,NEFT_DEBIT,India-Bengaluru
T003837,C-1166,2026-08-10 22:02:29,12996.27,BR010,CARD_PAYMENT,India-Pune
T003838,C-1044,2026-08-10 22:05:16,57860.57,BR012,NEFT_CREDIT,India-Bengaluru
T003839,C-1060,2026-08-10 22:33:07,2632.45,BR007,UPI_DEBIT,India-Hyderabad
T003840,C-1027,2026-08-10 23:41:57,585451.78,BR016,NEFT_DEBIT,India-Coimbatore
T003841,C-1028,2026-08-10 23:52:50,667260.86,BR003,NEFT_DEBIT,India-Mumbai
T003842,C-1022,2026-08-11 00:16:53,580751.99,BR013,NEFT_DEBIT,India-Hyderabad
T003843,C-1207,2026-08-11 01:10:32,68768.16,BR007,NEFT_CREDIT,India-Coimbatore
T003844,C-1131,2026-08-11 01:34:50,8376.37,BR002,CARD_PAYMENT,India-Hyderabad
T003845,C-1024,2026-08-11 01:36:03,618510.18,BR006,NEFT_DEBIT,India-Chennai
T003846,C-1277,2026-08-11 02:01:39,2928.84,BR007,CARD_PAYMENT,India-Mumbai
T003847,C-1268,2026-08-11 02:29:40,12921.55,BR002,CARD_PAYMENT,India-Hyderabad
T003848,C-1020,2026-08-11 02:39:26,633776.11,BR008,NEFT_DEBIT,India-Delhi
T003849,C-1026,2026-08-11 02:55:27,659767.64,BR010,NEFT_DEBIT,India-Coimbatore
T003850,C-1239,2026-08-11 03:14:38,550.17,BR013,UPI_DEBIT,India-Kolkata
T003851,C-1106,2026-08-11 04:07:24,2251.34,BR018,CARD_PAYMENT,India-Coimbatore
T003852,C-1122,2026-08-11 05:09:01,3760.75,BR012,UPI_DEBIT,India-Hyderabad
T003853,C-1284,2026-08-11 05:14:42,12360.82,BR017,ATM_WITHDRAWAL,India-Chennai
T003854,C-1061,2026-08-11 05:26:09,3142.04,BR002,UPI_DEBIT,India-Kolkata
T003855,C-1074,2026-08-11 05:31:28,59930.94,BR017,NEFT_CREDIT,India-Bengaluru
T003856,C-1226,2026-08-11 05:33:07,63983.33,BR020,NEFT_CREDIT,India-Delhi
T003857,C-1147,2026-08-11 05:59:49,2360.24,BR018,UPI_DEBIT,India-Chennai
T003858,C-1104,2026-08-11 06:07:06,63498.67,BR001,NEFT_CREDIT,India-Kolkata
T003859,C-1113,2026-08-11 06:11:16,230.30,BR019,UPI_DEBIT,India-Pune
T003860,C-1187,2026-08-11 06:51:03,2874.47,BR014,UPI_DEBIT,India-Mumbai
T003861,C-1299,2026-08-11 06:54:39,7440.84,BR008,CARD_PAYMENT,India-Kolkata
T003862,C-1195,2026-08-11 07:01:03,44158.55,BR009,SALARY_CREDIT,India-Bengaluru
T003863,C-1138,2026-08-11 08:24:27,12924.18,BR016,CARD_PAYMENT,India-Coimbatore
T003864,C-1025,2026-08-11 08:26:09,659588.15,BR001,NEFT_DEBIT,India-Mumbai
T003865,C-1052,2026-08-11 08:37:29,5057.76,BR019,ATM_WITHDRAWAL,India-Hyderabad
T003866,C-1001,2026-08-11 09:09:41,3563.55,BR015,UPI_DEBIT,India-Coimbatore
T003867,C-1003,2026-08-11 09:12:41,84501.88,BR018,NEFT_DEBIT,Iran
T003868,C-1240,2026-08-11 09:15:06,77610.77,BR016,NEFT_CREDIT,India-Bengaluru
T003869,C-1248,2026-08-11 09:58:17,2991.54,BR017,CARD_PAYMENT,India-Hyderabad
T003870,C-1145,2026-08-11 10:00:34,2364.02,BR009,UPI_DEBIT,India-Bengaluru
T003871,C-1021,2026-08-11 10:10:45,619907.93,BR017,NEFT_DEBIT,India-Chennai
T003872,C-1001,2026-08-11 10:25:57,955643.19,BR016,CASH_DEPOSIT,India-Delhi
T003873,C-1270,2026-08-11 10:57:03,8419.75,BR019,CARD_PAYMENT,India-Kolkata
T003874,C-1086,2026-08-11 11:02:27,1083.56,BR015,UPI_DEBIT,India-Hyderabad
T003875,C-1214,2026-08-11 12:20:46,59742.48,BR017,NEFT_CREDIT,India-Kolkata
T003876,C-1110,2026-08-11 12:42:09,4740.97,BR020,UPI_DEBIT,India-Delhi
T003877,C-1008,2026-08-11 12:50:27,1270.18,BR010,UPI_DEBIT,India-Coimbatore
T003878,C-1088,2026-08-11 13:40:12,38353.33,BR018,SALARY_CREDIT,India-Mumbai
T003879,C-1256,2026-08-11 13:42:50,2248.49,BR012,UPI_DEBIT,India-Kolkata
T003880,C-1282,2026-08-11 14:36:52,15511.03,BR014,ATM_WITHDRAWAL,India-Bengaluru
T003881,C-1059,2026-08-11 15:18:55,801.12,BR013,CARD_PAYMENT,India-Mumbai
T003882,C-1102,2026-08-11 15:44:42,7147.00,BR014,ATM_WITHDRAWAL,India-Mumbai
T003883,C-1300,2026-08-11 16:35:37,27965.53,BR019,NEFT_CREDIT,India-Delhi
T003884,C-1279,2026-08-11 16:43:34,15471.06,BR016,CARD_PAYMENT,India-Hyderabad
T003885,C-1295,2026-08-11 18:09:47,632.76,BR017,UPI_DEBIT,India-Kolkata
T003886,C-1130,2026-08-11 18:37:28,1768.32,BR004,UPI_DEBIT,India-Chennai
T003887,C-1221,2026-08-11 19:14:36,14329.20,BR014,ATM_WITHDRAWAL,India-Hyderabad
T003888,C-1100,2026-08-11 19:35:20,580.26,BR006,UPI_DEBIT,India-Bengaluru
T003889,C-1110,2026-08-11 19:35:27,11555.14,BR005,ATM_WITHDRAWAL,India-Coimbatore
T003890,C-1093,2026-08-11 19:47:24,724.25,BR019,UPI_DEBIT,India-Hyderabad
T003891,C-1251,2026-08-11 19:56:14,10467.24,BR004,ATM_WITHDRAWAL,India-Hyderabad
T003892,C-1281,2026-08-11 20:01:34,1016.80,BR011,UPI_DEBIT,India-Coimbatore
T003893,C-1056,2026-08-11 20:24:13,2467.38,BR010,ATM_WITHDRAWAL,India-Chennai
T003894,C-1129,2026-08-11 20:40:33,65241.77,BR005,NEFT_CREDIT,India-Chennai
T003895,C-1242,2026-08-11 21:05:33,5643.91,BR016,ATM_WITHDRAWAL,India-Chennai
T003896,C-1043,2026-08-11 21:39:03,6935.31,BR001,CARD_PAYMENT,India-Pune
T003897,C-1300,2026-08-11 21:47:19,6099.36,BR015,ATM_WITHDRAWAL,India-Hyderabad
T003898,C-1268,2026-08-11 23:39:26,4572.59,BR001,UPI_DEBIT,India-Kolkata
T003899,C-1223,2026-08-11 23:53:56,2881.64,BR010,UPI_DEBIT,India-Pune
T003900,C-1225,2026-08-12 00:18:12,9343.79,BR005,CARD_PAYMENT,India-Coimbatore
T003901,C-1215,2026-08-12 01:11:56,70240.78,BR019,SALARY_CREDIT,India-Chennai
T003902,C-1179,2026-08-12 01:55:02,13128.52,BR005,ATM_WITHDRAWAL,India-Delhi
T003903,C-1200,2026-08-12 02:08:37,40668.00,BR006,NEFT_CREDIT,India-Bengaluru
T003904,C-1089,2026-08-12 02:29:09,680.95,BR013,UPI_DEBIT,India-Delhi
T003905,C-1205,2026-08-12 02:41:12,3733.29,BR018,UPI_DEBIT,India-Bengaluru
T003906,C-1068,2026-08-12 04:12:06,1570.06,BR012,UPI_DEBIT,India-Hyderabad
T003907,C-1194,2026-08-12 04:57:46,10405.13,BR014,CARD_PAYMENT,India-Kolkata
T003908,C-1123,2026-08-12 05:27:23,3502.77,BR014,CARD_PAYMENT,India-Delhi
T003909,C-1050,2026-08-12 05:50:52,2603.38,BR003,CARD_PAYMENT,India-Bengaluru
T003910,C-1197,2026-08-12 05:57:42,127957.08,BR006,SALARY_CREDIT,India-Pune
T003911,C-1095,2026-08-12 08:00:37,126626.35,BR010,SALARY_CREDIT,India-Kolkata
T003912,C-1171,2026-08-12 08:14:37,8793.68,BR008,CARD_PAYMENT,India-Bengaluru
T003913,C-1069,2026-08-12 08:31:23,3045.14,BR009,UPI_DEBIT,India-Coimbatore
T003914,C-1137,2026-08-12 08:46:18,2472.51,BR010,CARD_PAYMENT,India-Coimbatore
T003915,C-1257,2026-08-12 09:27:01,59088.75,BR005,NEFT_CREDIT,India-Mumbai
T003916,C-1163,2026-08-12 09:27:13,3487.84,BR008,UPI_DEBIT,India-Coimbatore
T003917,C-1030,2026-08-12 09:33:29,119844.30,BR008,NEFT_DEBIT,Myanmar
T003918,C-1014,2026-08-12 09:40:15,942349.06,BR008,CASH_DEPOSIT,India-Chennai
T003919,C-1198,2026-08-12 09:43:37,817.29,BR020,UPI_DEBIT,India-Coimbatore
T003920,C-1087,2026-08-12 10:32:23,3982.45,BR012,UPI_DEBIT,India-Delhi
T003921,C-1015,2026-08-12 11:05:19,933551.45,BR009,CASH_DEPOSIT,India-Chennai
T003922,C-1037,2026-08-12 11:06:39,86708.79,BR007,NEFT_DEBIT,Iran
T003923,C-1016,2026-08-12 11:24:12,987850.67,BR001,CASH_DEPOSIT,India-Coimbatore
T003924,C-1237,2026-08-12 11:30:24,1714.65,BR013,UPI_DEBIT,India-Bengaluru
T003925,C-1291,2026-08-12 11:31:27,17732.77,BR020,ATM_WITHDRAWAL,India-Mumbai
T003926,C-1173,2026-08-12 11:38:04,3560.61,BR004,UPI_DEBIT,India-Chennai
T003927,C-1180,2026-08-12 11:56:39,4397.35,BR015,UPI_DEBIT,India-Coimbatore
T003928,C-1135,2026-08-12 12:46:03,943.02,BR011,UPI_DEBIT,India-Hyderabad
T003929,C-1097,2026-08-12 13:04:04,19533.38,BR017,ATM_WITHDRAWAL,India-Coimbatore
T003930,C-1044,2026-08-12 13:05:14,70218.47,BR007,SALARY_CREDIT,India-Mumbai
T003931,C-1194,2026-08-12 13:33:23,3015.97,BR018,UPI_DEBIT,India-Kolkata
T003932,C-1035,2026-08-12 13:38:43,90675.22,BR006,NEFT_DEBIT,North Korea
T003933,C-1017,2026-08-12 13:39:19,958279.10,BR012,CASH_DEPOSIT,India-Coimbatore
T003934,C-1012,2026-08-12 13:52:22,905186.76,BR014,CASH_DEPOSIT,India-Mumbai
T003935,C-1201,2026-08-12 14:04:35,19808.18,BR002,ATM_WITHDRAWAL,India-Pune
T003936,C-1019,2026-08-12 14:06:43,969043.86,BR016,CASH_DEPOSIT,India-Bengaluru
T003937,C-1255,2026-08-12 14:08:55,7025.43,BR019,CARD_PAYMENT,India-Mumbai
T003938,C-1011,2026-08-12 14:10:16,923051.17,BR001,CASH_DEPOSIT,India-Kolkata
T003939,C-1013,2026-08-12 14:26:24,933946.39,BR014,CASH_DEPOSIT,India-Bengaluru
T003940,C-1018,2026-08-12 14:26:53,972291.58,BR013,CASH_DEPOSIT,India-Bengaluru
T003941,C-1202,2026-08-12 14:45:37,2797.06,BR002,UPI_DEBIT,India-Coimbatore
T003942,C-1010,2026-08-12 14:54:10,931653.16,BR019,CASH_DEPOSIT,India-Bengaluru
T003943,C-1038,2026-08-12 14:55:59,73301.51,BR017,NEFT_DEBIT,Iran
T003944,C-1039,2026-08-12 15:14:44,98121.25,BR017,NEFT_DEBIT,North Korea
T003945,C-1036,2026-08-12 15:16:01,72203.41,BR005,NEFT_DEBIT,Myanmar
T003946,C-1031,2026-08-12 15:25:00,44204.20,BR009,NEFT_DEBIT,Iran
T003947,C-1033,2026-08-12 15:29:05,43920.20,BR014,NEFT_DEBIT,Iran
T003948,C-1001,2026-08-12 15:32:51,971263.95,BR020,CASH_DEPOSIT,India-Coimbatore
T003949,C-1032,2026-08-12 16:03:18,22752.55,BR003,NEFT_DEBIT,North Korea
T003950,C-1185,2026-08-12 16:29:04,72334.83,BR004,NEFT_CREDIT,India-Mumbai
T003951,C-1041,2026-08-12 17:12:42,4100.05,BR020,UPI_DEBIT,India-Hyderabad
T003952,C-1034,2026-08-12 17:49:15,125187.23,BR005,NEFT_DEBIT,Myanmar
T003953,C-1176,2026-08-12 18:16:05,1137.50,BR004,UPI_DEBIT,India-Bengaluru
T003954,C-1109,2026-08-12 18:26:47,3506.12,BR001,UPI_DEBIT,India-Coimbatore
T003955,C-1142,2026-08-12 18:42:34,17892.35,BR007,CARD_PAYMENT,India-Chennai
T003956,C-1005,2026-08-12 18:45:56,4350.19,BR010,CARD_PAYMENT,India-Chennai
T003957,C-1166,2026-08-12 19:14:41,15594.41,BR015,ATM_WITHDRAWAL,India-Bengaluru
T003958,C-1143,2026-08-12 19:24:56,525.60,BR018,UPI_DEBIT,India-Coimbatore
T003959,C-1169,2026-08-12 19:40:45,39050.30,BR015,NEFT_CREDIT,India-Bengaluru
T003960,C-1269,2026-08-12 19:42:38,346.89,BR010,UPI_DEBIT,India-Pune
T003961,C-1274,2026-08-12 20:31:41,71771.99,BR014,SALARY_CREDIT,India-Mumbai
T003962,C-1197,2026-08-12 20:49:28,1181.08,BR019,UPI_DEBIT,India-Bengaluru
T003963,C-1098,2026-08-12 21:18:04,12032.24,BR003,CARD_PAYMENT,India-Chennai
T003964,C-1107,2026-08-12 21:22:16,829.76,BR003,UPI_DEBIT,India-Kolkata
T003965,C-1075,2026-08-12 21:53:02,2545.70,BR007,UPI_DEBIT,India-Kolkata
T003966,C-1225,2026-08-12 21:56:12,2629.08,BR014,UPI_DEBIT,India-Kolkata
T003967,C-1119,2026-08-12 22:05:08,4581.61,BR019,UPI_DEBIT,India-Coimbatore
T003968,C-1105,2026-08-12 22:08:48,5675.62,BR006,CARD_PAYMENT,India-Bengaluru
T003969,C-1163,2026-08-12 22:58:33,50953.59,BR019,NEFT_CREDIT,India-Pune
T003970,C-1131,2026-08-12 23:08:24,13287.05,BR017,CARD_PAYMENT,India-Pune
T003971,C-1293,2026-08-12 23:17:28,1904.41,BR011,UPI_DEBIT,India-Pune
T003972,C-1261,2026-08-12 23:24:20,7747.07,BR012,ATM_WITHDRAWAL,India-Delhi
T003973,C-1079,2026-08-12 23:51:21,4930.72,BR013,UPI_DEBIT,India-Kolkata
T003974,C-1090,2026-08-13 00:04:30,28433.19,BR014,SALARY_CREDIT,India-Kolkata
T003975,C-1157,2026-08-13 00:10:09,35995.49,BR010,NEFT_CREDIT,India-Coimbatore
T003976,C-1281,2026-08-13 00:15:16,1289.53,BR006,UPI_DEBIT,India-Bengaluru
T003977,C-1185,2026-08-13 00:22:37,3121.31,BR011,CARD_PAYMENT,India-Chennai
T003978,C-1102,2026-08-13 00:36:14,16689.05,BR007,NEFT_CREDIT,India-Bengaluru
T003979,C-1275,2026-08-13 00:37:31,2551.85,BR012,CARD_PAYMENT,India-Kolkata
T003980,C-1218,2026-08-13 01:10:08,811.93,BR016,UPI_DEBIT,India-Hyderabad
T003981,C-1225,2026-08-13 01:11:21,2790.51,BR009,UPI_DEBIT,India-Bengaluru
T003982,C-1005,2026-08-13 01:53:15,4909.43,BR016,UPI_DEBIT,India-Pune
T003983,C-1296,2026-08-13 02:01:30,9950.59,BR018,CARD_PAYMENT,India-Delhi
T003984,C-1280,2026-08-13 02:08:50,5382.21,BR018,CARD_PAYMENT,India-Bengaluru
T003985,C-1094,2026-08-13 02:33:33,10227.50,BR017,CARD_PAYMENT,India-Pune
T003986,C-1203,2026-08-13 02:34:50,8794.12,BR020,ATM_WITHDRAWAL,India-Pune
T003987,C-1052,2026-08-13 03:24:02,44042.90,BR012,SALARY_CREDIT,India-Hyderabad
T003988,C-1109,2026-08-13 03:50:42,1354.12,BR017,CARD_PAYMENT,India-Pune
T003989,C-1123,2026-08-13 04:30:14,8008.77,BR017,CARD_PAYMENT,India-Kolkata
T003990,C-1215,2026-08-13 05:56:24,42320.27,BR003,NEFT_CREDIT,India-Delhi
T003991,C-1147,2026-08-13 06:09:07,8409.24,BR002,ATM_WITHDRAWAL,India-Chennai
T003992,C-1262,2026-08-13 06:45:03,2422.73,BR016,UPI_DEBIT,India-Bengaluru
T003993,C-1221,2026-08-13 06:57:31,15041.92,BR014,ATM_WITHDRAWAL,India-Delhi
T003994,C-1226,2026-08-13 07:48:23,2727.10,BR007,UPI_DEBIT,India-Mumbai
T003995,C-1282,2026-08-13 08:42:31,4619.89,BR019,ATM_WITHDRAWAL,India-Delhi
T003996,C-1221,2026-08-13 08:50:37,12518.32,BR019,ATM_WITHDRAWAL,India-Kolkata
T003997,C-1101,2026-08-13 09:13:23,16753.80,BR004,ATM_WITHDRAWAL,India-Hyderabad
T003998,C-1130,2026-08-13 09:24:19,117644.06,BR006,SALARY_CREDIT,India-Mumbai
T003999,C-1279,2026-08-13 09:46:17,4660.76,BR010,UPI_DEBIT,India-Chennai
T004000,C-1291,2026-08-13 10:06:56,8257.64,BR002,CARD_PAYMENT,India-Delhi
T004001,C-1120,2026-08-13 10:08:09,2996.88,BR003,UPI_DEBIT,India-Pune
T004002,C-1150,2026-08-13 10:26:53,17584.44,BR007,CARD_PAYMENT,India-Mumbai
T004003,C-1252,2026-08-13 11:55:59,791.84,BR004,UPI_DEBIT,India-Chennai
T004004,C-1216,2026-08-13 11:58:26,4123.46,BR012,UPI_DEBIT,India-Coimbatore
T004005,C-1071,2026-08-13 12:04:58,17095.62,BR016,CARD_PAYMENT,India-Pune
T004006,C-1091,2026-08-13 13:24:49,14497.93,BR005,CARD_PAYMENT,India-Mumbai
T004007,C-1141,2026-08-13 13:43:43,501.77,BR012,UPI_DEBIT,India-Coimbatore
T004008,C-1160,2026-08-13 13:45:12,12883.00,BR002,CARD_PAYMENT,India-Chennai
T004009,C-1190,2026-08-13 13:54:37,475.24,BR004,UPI_DEBIT,India-Chennai
T004010,C-1225,2026-08-13 13:57:10,610.61,BR006,UPI_DEBIT,India-Mumbai
T004011,C-1001,2026-08-13 14:58:12,1262.41,BR016,UPI_DEBIT,India-Coimbatore
T004012,C-1187,2026-08-13 15:57:14,58809.45,BR017,SALARY_CREDIT,India-Mumbai
T004013,C-1294,2026-08-13 16:06:30,3018.90,BR019,ATM_WITHDRAWAL,India-Kolkata
T004014,C-1051,2026-08-13 16:12:36,536.40,BR019,UPI_DEBIT,India-Hyderabad
T004015,C-1264,2026-08-13 16:19:59,2274.53,BR009,CARD_PAYMENT,India-Hyderabad
T004016,C-1267,2026-08-13 17:00:30,66998.03,BR013,NEFT_CREDIT,India-Chennai
T004017,C-1177,2026-08-13 17:49:39,2675.60,BR011,UPI_DEBIT,India-Chennai
T004018,C-1207,2026-08-13 18:21:15,490.41,BR015,UPI_DEBIT,India-Pune
T004019,C-1267,2026-08-13 19:32:19,2244.77,BR018,UPI_DEBIT,India-Kolkata
T004020,C-1045,2026-08-13 19:53:21,13500.18,BR004,NEFT_CREDIT,India-Pune
T004021,C-1106,2026-08-13 20:53:43,132018.56,BR020,SALARY_CREDIT,India-Kolkata
T004022,C-1145,2026-08-13 20:59:29,338.59,BR020,UPI_DEBIT,India-Hyderabad
T004023,C-1142,2026-08-13 21:10:57,10054.79,BR012,ATM_WITHDRAWAL,India-Kolkata
T004024,C-1090,2026-08-13 21:44:19,20000.40,BR006,NEFT_CREDIT,India-Mumbai
T004025,C-1202,2026-08-13 22:13:01,4160.48,BR007,UPI_DEBIT,India-Kolkata
T004026,C-1084,2026-08-13 22:34:53,5125.19,BR004,CARD_PAYMENT,India-Chennai
T004027,C-1225,2026-08-13 23:25:24,60353.54,BR004,NEFT_CREDIT,India-Hyderabad
T004028,C-1152,2026-08-13 23:29:38,7770.36,BR012,CARD_PAYMENT,India-Delhi
T004029,C-1195,2026-08-13 23:51:26,34103.28,BR017,SALARY_CREDIT,India-Kolkata
T004030,C-1119,2026-08-14 00:57:28,9508.86,BR020,ATM_WITHDRAWAL,India-Kolkata
T004031,C-1245,2026-08-14 01:02:16,18661.27,BR003,CARD_PAYMENT,India-Chennai
T004032,C-1111,2026-08-14 01:30:42,12873.33,BR019,CARD_PAYMENT,India-Mumbai
T004033,C-1237,2026-08-14 02:24:01,2601.11,BR017,UPI_DEBIT,India-Chennai
T004034,C-1161,2026-08-14 02:36:12,29224.31,BR019,SALARY_CREDIT,India-Delhi
T004035,C-1223,2026-08-14 03:15:33,3635.74,BR019,CARD_PAYMENT,India-Mumbai
T004036,C-1190,2026-08-14 04:21:39,11813.23,BR007,CARD_PAYMENT,India-Chennai
T004037,C-1093,2026-08-14 05:05:40,4399.31,BR015,UPI_DEBIT,India-Bengaluru
T004038,C-1229,2026-08-14 06:48:34,8904.73,BR016,CARD_PAYMENT,India-Kolkata
T004039,C-1284,2026-08-14 07:03:51,302.66,BR013,UPI_DEBIT,India-Pune
T004040,C-1231,2026-08-14 08:46:08,1013.84,BR009,UPI_DEBIT,India-Bengaluru
T004041,C-1158,2026-08-14 09:06:21,3661.20,BR017,UPI_DEBIT,India-Kolkata
T004042,C-1167,2026-08-14 09:18:02,3698.74,BR005,UPI_DEBIT,India-Bengaluru
T004043,C-1217,2026-08-14 09:24:22,2572.44,BR003,UPI_DEBIT,India-Delhi
T004044,C-1003,2026-08-14 09:28:55,72829.68,BR016,NEFT_DEBIT,Iran
T004045,C-1067,2026-08-14 10:04:17,107597.45,BR004,SALARY_CREDIT,India-Delhi
T004046,C-1277,2026-08-14 10:09:33,326.33,BR010,UPI_DEBIT,India-Coimbatore
T004047,C-1068,2026-08-14 10:18:21,19492.64,BR020,CARD_PAYMENT,India-Delhi
T004048,C-1119,2026-08-14 10:41:19,18919.19,BR003,ATM_WITHDRAWAL,India-Coimbatore
T004049,C-1247,2026-08-14 11:25:04,31513.00,BR013,NEFT_CREDIT,India-Hyderabad
T004050,C-1288,2026-08-14 12:09:22,59254.85,BR011,NEFT_CREDIT,India-Kolkata
T004051,C-1169,2026-08-14 12:47:29,2725.28,BR018,UPI_DEBIT,India-Bengaluru
T004052,C-1043,2026-08-14 12:59:08,344.13,BR003,UPI_DEBIT,India-Pune
T004053,C-1195,2026-08-14 13:57:19,4734.03,BR009,UPI_DEBIT,India-Delhi
T004054,C-1002,2026-08-14 14:41:22,7509.08,BR001,UPI_DEBIT,India-Mumbai
T004055,C-1186,2026-08-14 15:14:23,11510.50,BR001,ATM_WITHDRAWAL,India-Mumbai
T004056,C-1122,2026-08-14 15:53:45,10955.97,BR013,CARD_PAYMENT,India-Delhi
T004057,C-1004,2026-08-14 16:42:48,3303.16,BR020,UPI_DEBIT,India-Coimbatore
T004058,C-1049,2026-08-14 17:35:35,2444.99,BR001,UPI_DEBIT,India-Chennai
T004059,C-1298,2026-08-14 17:55:43,17891.80,BR006,CARD_PAYMENT,India-Delhi
T004060,C-1151,2026-08-14 18:28:09,708.82,BR003,UPI_DEBIT,India-Hyderabad
T004061,C-1069,2026-08-14 19:56:30,11541.04,BR002,CARD_PAYMENT,India-Bengaluru
T004062,C-1139,2026-08-14 21:07:59,12507.14,BR003,CARD_PAYMENT,India-Kolkata
T004063,C-1063,2026-08-14 21:52:26,10743.17,BR008,ATM_WITHDRAWAL,India-Hyderabad
T004064,C-1073,2026-08-14 21:59:45,1068.21,BR014,UPI_DEBIT,India-Mumbai
T004065,C-1154,2026-08-14 22:12:46,149286.57,BR003,SALARY_CREDIT,India-Chennai
T004066,C-1132,2026-08-14 23:09:03,1668.27,BR018,UPI_DEBIT,India-Mumbai
T004067,C-1298,2026-08-14 23:29:28,17052.54,BR017,CARD_PAYMENT,India-Kolkata
T004068,C-1077,2026-08-14 23:41:23,1406.97,BR015,UPI_DEBIT,India-Chennai
T004069,C-1107,2026-08-15 00:03:40,49074.73,BR002,NEFT_CREDIT,India-Chennai
T004070,C-1166,2026-08-15 00:18:35,74243.41,BR018,NEFT_CREDIT,India-Bengaluru
T004071,C-1077,2026-08-15 00:21:05,4083.40,BR020,UPI_DEBIT,India-Mumbai
T004072,C-1089,2026-08-15 01:30:34,4468.95,BR010,UPI_DEBIT,India-Kolkata
T004073,C-1232,2026-08-15 01:50:21,1121.14,BR005,UPI_DEBIT,India-Bengaluru
T004074,C-1090,2026-08-15 01:55:33,4715.73,BR015,UPI_DEBIT,India-Mumbai
T004075,C-1296,2026-08-15 02:32:31,6161.82,BR013,CARD_PAYMENT,India-Chennai
T004076,C-1273,2026-08-15 03:37:36,1827.69,BR009,UPI_DEBIT,India-Delhi
T004077,C-1079,2026-08-15 05:26:58,8172.58,BR011,ATM_WITHDRAWAL,India-Kolkata
T004078,C-1049,2026-08-15 05:50:46,9607.18,BR001,NEFT_CREDIT,India-Bengaluru
T004079,C-1170,2026-08-15 06:00:39,3309.34,BR012,UPI_DEBIT,India-Coimbatore
T004080,C-1188,2026-08-15 06:40:09,4273.91,BR011,UPI_DEBIT,India-Mumbai
T004081,C-1088,2026-08-15 06:41:39,17094.03,BR009,ATM_WITHDRAWAL,India-Kolkata
T004082,C-1285,2026-08-15 06:47:53,1574.02,BR001,UPI_DEBIT,India-Mumbai
T004083,C-1189,2026-08-15 06:53:02,14577.16,BR012,CARD_PAYMENT,India-Coimbatore
T004084,C-1234,2026-08-15 07:11:05,9294.08,BR017,ATM_WITHDRAWAL,India-Kolkata
T004085,C-1275,2026-08-15 07:35:45,3830.45,BR006,UPI_DEBIT,India-Delhi
T004086,C-1182,2026-08-15 07:52:00,786.20,BR017,CARD_PAYMENT,India-Pune
T004087,C-1184,2026-08-15 08:14:51,17797.03,BR014,CARD_PAYMENT,India-Coimbatore
T004088,C-1133,2026-08-15 08:15:43,63942.01,BR008,NEFT_CREDIT,India-Pune
T004089,C-1077,2026-08-15 08:26:40,16340.25,BR016,CARD_PAYMENT,India-Mumbai
T004090,C-1240,2026-08-15 08:43:31,8787.71,BR013,CARD_PAYMENT,India-Hyderabad
T004091,C-1064,2026-08-15 09:20:35,66616.86,BR018,NEFT_CREDIT,India-Mumbai
T004092,C-1067,2026-08-15 10:16:58,2729.48,BR004,UPI_DEBIT,India-Hyderabad
T004093,C-1291,2026-08-15 10:25:06,2347.73,BR007,UPI_DEBIT,India-Kolkata
T004094,C-1168,2026-08-15 10:33:33,15711.40,BR013,CARD_PAYMENT,India-Kolkata
T004095,C-1091,2026-08-15 11:19:23,8836.66,BR013,ATM_WITHDRAWAL,India-Mumbai
T004096,C-1002,2026-08-15 11:30:00,450000.00,BR003,SALARY_CREDIT,India-Kolkata
T004097,C-1142,2026-08-15 11:45:25,281.29,BR005,UPI_DEBIT,India-Coimbatore
T004098,C-1275,2026-08-15 12:32:58,10443.64,BR002,CARD_PAYMENT,India-Bengaluru
T004099,C-1082,2026-08-15 12:38:17,2340.89,BR008,CARD_PAYMENT,India-Pune
T004100,C-1212,2026-08-15 12:45:52,16348.09,BR006,ATM_WITHDRAWAL,India-Delhi
T004101,C-1185,2026-08-15 13:09:46,14209.99,BR008,ATM_WITHDRAWAL,India-Coimbatore
T004102,C-1201,2026-08-15 14:11:30,19196.33,BR018,ATM_WITHDRAWAL,India-Kolkata
T004103,C-1141,2026-08-15 14:13:10,459.66,BR015,UPI_DEBIT,India-Pune
T004104,C-1079,2026-08-15 17:22:13,14552.18,BR017,CARD_PAYMENT,India-Hyderabad
T004105,C-1277,2026-08-15 17:29:14,4290.01,BR008,CARD_PAYMENT,India-Chennai
T004106,C-1001,2026-08-15 17:49:52,2139.48,BR014,UPI_DEBIT,India-Mumbai
T004107,C-1296,2026-08-15 18:15:50,3045.43,BR005,UPI_DEBIT,India-Bengaluru
T004108,C-1132,2026-08-15 18:29:15,82759.08,BR002,SALARY_CREDIT,India-Mumbai
T004109,C-1278,2026-08-15 18:52:11,6197.28,BR019,CARD_PAYMENT,India-Delhi
T004110,C-1096,2026-08-15 19:52:39,7814.64,BR018,NEFT_CREDIT,India-Pune
T004111,C-1194,2026-08-15 20:06:08,24819.63,BR014,NEFT_CREDIT,India-Kolkata
T004112,C-1234,2026-08-15 20:14:24,2581.62,BR010,UPI_DEBIT,India-Bengaluru
T004113,C-1164,2026-08-15 20:21:29,3274.28,BR001,UPI_DEBIT,India-Delhi
T004114,C-1231,2026-08-15 21:19:17,2468.24,BR013,UPI_DEBIT,India-Delhi
T004115,C-1273,2026-08-15 21:32:51,12889.77,BR015,CARD_PAYMENT,India-Bengaluru
T004116,C-1115,2026-08-15 21:41:36,14416.07,BR005,CARD_PAYMENT,India-Hyderabad
T004117,C-1130,2026-08-15 22:07:52,3601.97,BR013,UPI_DEBIT,India-Hyderabad
T004118,C-1167,2026-08-15 22:38:33,1820.62,BR004,UPI_DEBIT,India-Chennai
T004119,C-1216,2026-08-15 23:15:41,69855.08,BR006,NEFT_CREDIT,India-Hyderabad
T004120,C-1232,2026-08-15 23:19:06,13543.85,BR011,CARD_PAYMENT,India-Kolkata
T004121,C-1197,2026-08-15 23:54:30,6029.33,BR005,ATM_WITHDRAWAL,India-Mumbai
T004122,C-1185,2026-08-16 00:20:21,3194.12,BR016,UPI_DEBIT,India-Mumbai
T004123,C-1131,2026-08-16 01:22:12,18442.32,BR018,CARD_PAYMENT,India-Bengaluru
T004124,C-1184,2026-08-16 01:42:03,15208.02,BR002,ATM_WITHDRAWAL,India-Pune
T004125,C-1144,2026-08-16 02:42:31,37000.42,BR008,SALARY_CREDIT,India-Hyderabad
T004126,C-1101,2026-08-16 03:01:22,4941.10,BR005,CARD_PAYMENT,India-Coimbatore
T004127,C-1282,2026-08-16 03:12:54,3270.73,BR010,UPI_DEBIT,India-Delhi
T004128,C-1079,2026-08-16 03:27:28,538.51,BR008,UPI_DEBIT,India-Hyderabad
T004129,C-1131,2026-08-16 03:36:16,139744.05,BR019,SALARY_CREDIT,India-Chennai
T004130,C-1192,2026-08-16 03:50:01,128523.28,BR008,SALARY_CREDIT,India-Coimbatore
T004131,C-1179,2026-08-16 04:31:04,4195.11,BR009,UPI_DEBIT,India-Pune
T004132,C-1184,2026-08-16 04:40:29,14504.38,BR015,CARD_PAYMENT,India-Bengaluru
T004133,C-1106,2026-08-16 06:02:43,3965.77,BR004,UPI_DEBIT,India-Delhi
T004134,C-1042,2026-08-16 06:13:54,19531.74,BR014,ATM_WITHDRAWAL,India-Kolkata
T004135,C-1053,2026-08-16 06:25:06,5956.71,BR015,CARD_PAYMENT,India-Coimbatore
T004136,C-1283,2026-08-16 06:46:12,13989.59,BR019,CARD_PAYMENT,India-Pune
T004137,C-1046,2026-08-16 06:52:47,1140.84,BR001,UPI_DEBIT,India-Mumbai
T004138,C-1207,2026-08-16 07:23:34,5061.04,BR020,CARD_PAYMENT,India-Chennai
T004139,C-1135,2026-08-16 08:34:11,14983.90,BR002,CARD_PAYMENT,India-Bengaluru
T004140,C-1059,2026-08-16 08:36:14,53069.49,BR013,NEFT_CREDIT,India-Mumbai
T004141,C-1174,2026-08-16 09:14:59,14583.79,BR019,CARD_PAYMENT,India-Chennai
T004142,C-1255,2026-08-16 09:23:38,1466.88,BR010,UPI_DEBIT,India-Bengaluru
T004143,C-1141,2026-08-16 09:39:36,44415.54,BR015,NEFT_CREDIT,India-Bengaluru
T004144,C-1143,2026-08-16 10:49:23,2196.37,BR012,UPI_DEBIT,India-Hyderabad
T004145,C-1212,2026-08-16 11:20:58,90663.64,BR016,SALARY_CREDIT,India-Hyderabad
T004146,C-1031,2026-08-16 11:33:17,137703.74,BR009,NEFT_DEBIT,Iran
T004147,C-1268,2026-08-16 11:42:54,2644.15,BR013,UPI_DEBIT,India-Chennai
T004148,C-1139,2026-08-16 11:59:59,101707.63,BR018,SALARY_CREDIT,India-Delhi
T004149,C-1300,2026-08-16 12:28:56,16777.87,BR013,ATM_WITHDRAWAL,India-Kolkata
T004150,C-1174,2026-08-16 12:33:25,4058.66,BR010,UPI_DEBIT,India-Coimbatore
T004151,C-1038,2026-08-16 13:02:47,96966.98,BR010,NEFT_DEBIT,Iran
T004152,C-1032,2026-08-16 13:13:00,50166.11,BR002,NEFT_DEBIT,North Korea
T004153,C-1055,2026-08-16 13:19:31,655.73,BR015,UPI_DEBIT,India-Pune
T004154,C-1037,2026-08-16 13:45:48,149321.39,BR011,NEFT_DEBIT,Iran
T004155,C-1035,2026-08-16 13:47:34,11467.98,BR011,NEFT_DEBIT,Iran
T004156,C-1039,2026-08-16 13:51:42,126348.97,BR017,NEFT_DEBIT,North Korea
T004157,C-1034,2026-08-16 14:11:31,87016.29,BR001,NEFT_DEBIT,Iran
T004158,C-1058,2026-08-16 14:16:39,3390.54,BR005,UPI_DEBIT,India-Kolkata
T004159,C-1278,2026-08-16 14:34:34,3492.43,BR016,UPI_DEBIT,India-Coimbatore
T004160,C-1124,2026-08-16 15:31:58,2842.44,BR020,UPI_DEBIT,India-Pune
T004161,C-1033,2026-08-16 15:35:05,71758.62,BR006,NEFT_DEBIT,North Korea
T004162,C-1036,2026-08-16 15:40:40,10701.22,BR004,NEFT_DEBIT,North Korea
T004163,C-1290,2026-08-16 15:56:24,146724.64,BR017,SALARY_CREDIT,India-Delhi
T004164,C-1200,2026-08-16 15:56:41,2831.57,BR007,UPI_DEBIT,India-Hyderabad
T004165,C-1030,2026-08-16 17:20:17,117378.04,BR019,NEFT_DEBIT,North Korea
T004166,C-1066,2026-08-16 17:30:01,3883.99,BR008,CARD_PAYMENT,India-Kolkata
T004167,C-1070,2026-08-16 17:43:55,2130.77,BR010,UPI_DEBIT,India-Bengaluru
T004168,C-1168,2026-08-16 17:52:28,17112.61,BR009,CARD_PAYMENT,India-Coimbatore
T004169,C-1214,2026-08-16 17:57:15,7004.50,BR003,CARD_PAYMENT,India-Kolkata
T004170,C-1004,2026-08-16 17:58:30,17817.72,BR005,CARD_PAYMENT,India-Delhi
T004171,C-1225,2026-08-16 18:33:25,553.11,BR008,UPI_DEBIT,India-Mumbai
T004172,C-1109,2026-08-16 18:58:49,81007.48,BR016,SALARY_CREDIT,India-Kolkata
T004173,C-1093,2026-08-16 19:42:58,3702.96,BR004,UPI_DEBIT,India-Kolkata
T004174,C-1199,2026-08-16 19:44:07,545.12,BR010,UPI_DEBIT,India-Hyderabad
T004175,C-1048,2026-08-16 19:49:30,398.92,BR013,UPI_DEBIT,India-Pune
T004176,C-1079,2026-08-16 19:55:43,11579.57,BR015,ATM_WITHDRAWAL,India-Chennai
T004177,C-1067,2026-08-16 20:18:32,4207.21,BR008,CARD_PAYMENT,India-Chennai
T004178,C-1247,2026-08-16 20:28:32,128019.16,BR004,SALARY_CREDIT,India-Kolkata
T004179,C-1101,2026-08-16 21:11:25,764.82,BR002,CARD_PAYMENT,India-Mumbai
T004180,C-1278,2026-08-16 21:25:17,548.61,BR003,UPI_DEBIT,India-Delhi
T004181,C-1097,2026-08-16 21:37:07,137536.77,BR019,SALARY_CREDIT,India-Hyderabad
T004182,C-1230,2026-08-16 22:04:33,7779.85,BR016,CARD_PAYMENT,India-Chennai
T004183,C-1195,2026-08-16 22:31:40,1066.81,BR011,UPI_DEBIT,India-Chennai
T004184,C-1082,2026-08-16 23:03:54,3571.98,BR009,UPI_DEBIT,India-Chennai
T004185,C-1236,2026-08-16 23:11:15,2929.81,BR020,UPI_DEBIT,India-Pune
T004186,C-1102,2026-08-16 23:26:10,9813.19,BR007,NEFT_CREDIT,India-Pune
T004187,C-1199,2026-08-17 00:08:09,3983.26,BR018,UPI_DEBIT,India-Mumbai
T004188,C-1295,2026-08-17 00:22:23,7352.67,BR004,ATM_WITHDRAWAL,India-Hyderabad
T004189,C-1097,2026-08-17 00:58:33,3014.95,BR009,CARD_PAYMENT,India-Pune
T004190,C-1220,2026-08-17 01:23:27,2661.00,BR016,CARD_PAYMENT,India-Pune
T004191,C-1095,2026-08-17 01:33:42,12890.77,BR006,CARD_PAYMENT,India-Hyderabad
T004192,C-1261,2026-08-17 02:04:22,4674.41,BR011,CARD_PAYMENT,India-Delhi
T004193,C-1258,2026-08-17 02:07:51,3206.00,BR015,UPI_DEBIT,India-Coimbatore
T004194,C-1164,2026-08-17 02:09:19,1876.21,BR010,UPI_DEBIT,India-Bengaluru
T004195,C-1117,2026-08-17 02:30:55,13672.00,BR007,CARD_PAYMENT,India-Delhi
T004196,C-1108,2026-08-17 02:41:26,4120.35,BR006,UPI_DEBIT,India-Delhi
T004197,C-1054,2026-08-17 02:42:41,79914.93,BR013,NEFT_CREDIT,India-Mumbai
T004198,C-1125,2026-08-17 03:12:32,3377.99,BR001,CARD_PAYMENT,India-Delhi
T004199,C-1161,2026-08-17 03:47:45,3693.93,BR020,CARD_PAYMENT,India-Bengaluru
T004200,C-1260,2026-08-17 04:03:51,19471.07,BR003,CARD_PAYMENT,India-Hyderabad
T004201,C-1214,2026-08-17 04:14:11,3215.52,BR009,UPI_DEBIT,India-Mumbai
T004202,C-1130,2026-08-17 04:54:24,3489.44,BR013,UPI_DEBIT,India-Bengaluru
T004203,C-1262,2026-08-17 05:53:04,73193.08,BR010,NEFT_CREDIT,India-Delhi
T004204,C-1231,2026-08-17 05:58:00,138762.86,BR006,SALARY_CREDIT,India-Bengaluru
T004205,C-1282,2026-08-17 06:01:32,119198.39,BR005,SALARY_CREDIT,India-Delhi
T004206,C-1298,2026-08-17 06:28:02,5817.05,BR016,CARD_PAYMENT,India-Coimbatore
T004207,C-1191,2026-08-17 06:57:51,3760.81,BR016,UPI_DEBIT,India-Coimbatore
T004208,C-1009,2026-08-17 07:16:12,455.59,BR015,UPI_DEBIT,India-Bengaluru
T004209,C-1049,2026-08-17 07:25:00,1120.13,BR015,UPI_DEBIT,India-Chennai
T004210,C-1108,2026-08-17 08:06:47,63944.65,BR016,NEFT_CREDIT,India-Delhi
T004211,C-1141,2026-08-17 09:02:01,789.97,BR007,UPI_DEBIT,India-Delhi
T004212,C-1004,2026-08-17 09:02:28,4794.07,BR001,CARD_PAYMENT,India-Hyderabad
T004213,C-1003,2026-08-17 09:08:41,57095.56,BR005,NEFT_DEBIT,Myanmar
T004214,C-1022,2026-08-17 09:52:26,643658.84,BR003,NEFT_CREDIT,India-Hyderabad
T004215,C-1269,2026-08-17 10:00:50,19052.80,BR001,CARD_PAYMENT,India-Hyderabad
T004216,C-1137,2026-08-17 10:10:29,5668.72,BR008,CARD_PAYMENT,India-Pune
T004217,C-1020,2026-08-17 11:20:01,732135.31,BR007,NEFT_CREDIT,India-Coimbatore
T004218,C-1021,2026-08-17 11:26:02,621611.18,BR006,NEFT_CREDIT,India-Bengaluru
T004219,C-1218,2026-08-17 11:28:50,13094.53,BR017,CARD_PAYMENT,India-Pune
T004220,C-1027,2026-08-17 11:31:08,777347.35,BR004,NEFT_CREDIT,India-Chennai
T004221,C-1059,2026-08-17 11:38:43,3234.80,BR017,UPI_DEBIT,India-Hyderabad
T004222,C-1230,2026-08-17 12:03:25,19924.64,BR014,CARD_PAYMENT,India-Delhi
T004223,C-1028,2026-08-17 12:36:06,614050.06,BR013,NEFT_CREDIT,India-Coimbatore
T004224,C-1023,2026-08-17 13:08:32,685797.62,BR007,NEFT_CREDIT,India-Hyderabad
T004225,C-1001,2026-08-17 13:20:29,3692.20,BR004,UPI_DEBIT,India-Coimbatore
T004226,C-1125,2026-08-17 13:23:16,1574.00,BR002,UPI_DEBIT,India-Bengaluru
T004227,C-1277,2026-08-17 13:32:50,44426.76,BR010,NEFT_CREDIT,India-Hyderabad
T004228,C-1026,2026-08-17 13:38:30,787024.44,BR003,NEFT_CREDIT,India-Bengaluru
T004229,C-1024,2026-08-17 13:44:22,653511.71,BR005,NEFT_CREDIT,India-Coimbatore
T004230,C-1025,2026-08-17 13:54:45,618931.21,BR009,NEFT_CREDIT,India-Pune
T004231,C-1029,2026-08-17 13:55:54,680007.71,BR011,NEFT_CREDIT,India-Kolkata
T004232,C-1299,2026-08-17 15:33:58,31466.99,BR020,SALARY_CREDIT,India-Kolkata
T004233,C-1160,2026-08-17 15:39:02,625.04,BR007,UPI_DEBIT,India-Bengaluru
T004234,C-1025,2026-08-17 15:54:45,592040.14,BR007,NEFT_DEBIT,India-Delhi
T004235,C-1029,2026-08-17 16:55:54,659307.03,BR020,NEFT_DEBIT,India-Chennai
T004236,C-1215,2026-08-17 17:54:20,36859.55,BR015,NEFT_CREDIT,India-Delhi
T004237,C-1055,2026-08-17 19:08:37,47260.44,BR010,NEFT_CREDIT,India-Kolkata
T004238,C-1252,2026-08-17 19:44:51,65896.55,BR006,NEFT_CREDIT,India-Hyderabad
T004239,C-1073,2026-08-17 20:43:40,4182.97,BR003,UPI_DEBIT,India-Delhi
T004240,C-1024,2026-08-17 20:44:22,625713.20,BR002,NEFT_DEBIT,India-Chennai
T004241,C-1188,2026-08-17 21:15:30,3672.41,BR001,UPI_DEBIT,India-Delhi
T004242,C-1269,2026-08-17 21:25:48,1688.63,BR011,UPI_DEBIT,India-Coimbatore
T004243,C-1137,2026-08-17 21:26:32,371.65,BR006,UPI_DEBIT,India-Coimbatore
T004244,C-1026,2026-08-17 21:38:30,751320.38,BR003,NEFT_DEBIT,India-Pune
T004245,C-1229,2026-08-17 21:42:26,3612.76,BR013,UPI_DEBIT,India-Pune
T004246,C-1009,2026-08-17 22:02:10,2384.76,BR005,UPI_DEBIT,India-Delhi
T004247,C-1084,2026-08-17 22:02:18,3066.91,BR001,CARD_PAYMENT,India-Kolkata
T004248,C-1188,2026-08-17 22:12:33,2042.26,BR011,ATM_WITHDRAWAL,India-Bengaluru
T004249,C-1079,2026-08-17 22:31:23,3827.47,BR019,CARD_PAYMENT,India-Bengaluru
T004250,C-1275,2026-08-17 22:34:25,121346.36,BR012,SALARY_CREDIT,India-Delhi
T004251,C-1261,2026-08-17 22:47:55,1396.09,BR013,UPI_DEBIT,India-Delhi
T004252,C-1099,2026-08-17 23:05:03,1689.80,BR007,UPI_DEBIT,India-Coimbatore
T004253,C-1140,2026-08-17 23:15:30,15117.54,BR013,CARD_PAYMENT,India-Kolkata
T004254,C-1103,2026-08-17 23:37:22,19977.21,BR011,CARD_PAYMENT,India-Chennai
T004255,C-1177,2026-08-17 23:53:14,143839.05,BR018,SALARY_CREDIT,India-Chennai
T004256,C-1255,2026-08-18 00:41:16,1789.58,BR015,UPI_DEBIT,India-Delhi
T004257,C-1267,2026-08-18 00:59:01,113144.47,BR009,SALARY_CREDIT,India-Mumbai
T004258,C-1062,2026-08-18 01:05:25,12453.47,BR006,CARD_PAYMENT,India-Kolkata
T004259,C-1137,2026-08-18 01:25:09,237.92,BR013,UPI_DEBIT,India-Delhi
T004260,C-1074,2026-08-18 02:41:55,22968.60,BR018,NEFT_CREDIT,India-Bengaluru
T004261,C-1022,2026-08-18 02:52:26,627346.21,BR017,NEFT_DEBIT,India-Pune
T004262,C-1223,2026-08-18 03:32:52,3433.39,BR007,UPI_DEBIT,India-Hyderabad
T004263,C-1154,2026-08-18 03:45:36,16003.50,BR017,CARD_PAYMENT,India-Coimbatore
T004264,C-1261,2026-08-18 03:45:49,4700.08,BR010,UPI_DEBIT,India-Hyderabad
T004265,C-1295,2026-08-18 04:17:04,18519.39,BR006,CARD_PAYMENT,India-Chennai
T004266,C-1021,2026-08-18 04:26:02,606888.57,BR011,NEFT_DEBIT,India-Pune
T004267,C-1239,2026-08-18 05:17:49,1008.92,BR008,UPI_DEBIT,India-Hyderabad
T004268,C-1020,2026-08-18 05:20:01,703637.95,BR012,NEFT_DEBIT,India-Delhi
T004269,C-1028,2026-08-18 05:36:06,596630.26,BR005,NEFT_DEBIT,India-Pune
T004270,C-1222,2026-08-18 05:41:53,7408.91,BR001,ATM_WITHDRAWAL,India-Bengaluru
T004271,C-1166,2026-08-18 05:57:35,124812.13,BR015,SALARY_CREDIT,India-Delhi
T004272,C-1023,2026-08-18 06:08:32,655257.98,BR011,NEFT_DEBIT,India-Pune
T004273,C-1027,2026-08-18 06:31:08,745401.22,BR012,NEFT_DEBIT,India-Coimbatore
T004274,C-1198,2026-08-18 07:28:53,139143.99,BR002,SALARY_CREDIT,India-Coimbatore
T004275,C-1243,2026-08-18 08:39:10,60568.48,BR018,NEFT_CREDIT,India-Bengaluru
T004276,C-1130,2026-08-18 09:01:20,4037.32,BR017,UPI_DEBIT,India-Kolkata
T004277,C-1284,2026-08-18 09:17:08,7020.89,BR018,CARD_PAYMENT,India-Hyderabad
T004278,C-1094,2026-08-18 09:47:17,55116.68,BR018,NEFT_CREDIT,India-Mumbai
T004279,C-1060,2026-08-18 10:09:23,4619.45,BR004,CARD_PAYMENT,India-Mumbai
T004280,C-1070,2026-08-18 12:27:44,5827.71,BR001,CARD_PAYMENT,India-Bengaluru
T004281,C-1148,2026-08-18 12:38:47,44684.03,BR002,SALARY_CREDIT,India-Kolkata
T004282,C-1227,2026-08-18 12:45:15,65242.06,BR019,SALARY_CREDIT,India-Hyderabad
T004283,C-1213,2026-08-18 13:20:11,16986.41,BR003,CARD_PAYMENT,India-Bengaluru
T004284,C-1242,2026-08-18 14:09:19,4980.89,BR012,UPI_DEBIT,India-Chennai
T004285,C-1122,2026-08-18 14:14:18,2136.41,BR006,UPI_DEBIT,India-Hyderabad
T004286,C-1148,2026-08-18 14:15:42,50821.68,BR005,NEFT_CREDIT,India-Hyderabad
T004287,C-1167,2026-08-18 15:12:38,6692.87,BR008,CARD_PAYMENT,India-Hyderabad
T004288,C-1126,2026-08-18 15:31:59,89261.07,BR014,SALARY_CREDIT,India-Kolkata
T004289,C-1217,2026-08-18 15:38:15,1966.58,BR011,UPI_DEBIT,India-Hyderabad
T004290,C-1108,2026-08-18 15:55:57,15967.32,BR019,ATM_WITHDRAWAL,India-Coimbatore
T004291,C-1085,2026-08-18 16:06:02,542.09,BR006,CARD_PAYMENT,India-Pune
T004292,C-1149,2026-08-18 16:07:54,117680.78,BR017,SALARY_CREDIT,India-Pune
T004293,C-1131,2026-08-18 16:20:23,10722.79,BR012,CARD_PAYMENT,India-Pune
T004294,C-1278,2026-08-18 16:21:51,17320.01,BR006,ATM_WITHDRAWAL,India-Delhi
T004295,C-1175,2026-08-18 16:54:56,57395.58,BR014,SALARY_CREDIT,India-Mumbai
T004296,C-1002,2026-08-18 17:30:20,5620.96,BR015,UPI_DEBIT,India-Pune
T004297,C-1240,2026-08-18 17:39:05,5049.05,BR015,CARD_PAYMENT,India-Hyderabad
T004298,C-1226,2026-08-18 18:46:24,4288.38,BR006,UPI_DEBIT,India-Delhi
T004299,C-1128,2026-08-18 19:03:41,39796.49,BR001,NEFT_CREDIT,India-Hyderabad
T004300,C-1130,2026-08-18 19:11:25,12914.63,BR019,CARD_PAYMENT,India-Kolkata
T004301,C-1082,2026-08-18 19:35:49,1574.75,BR014,UPI_DEBIT,India-Bengaluru
T004302,C-1262,2026-08-18 21:31:57,9338.34,BR012,CARD_PAYMENT,India-Mumbai
T004303,C-1141,2026-08-18 21:35:57,74915.44,BR020,SALARY_CREDIT,India-Mumbai
T004304,C-1119,2026-08-18 22:17:13,8013.84,BR013,CARD_PAYMENT,India-Hyderabad
T004305,C-1151,2026-08-18 23:02:37,33925.09,BR011,NEFT_CREDIT,India-Chennai
T004306,C-1151,2026-08-18 23:14:37,11497.03,BR002,CARD_PAYMENT,India-Bengaluru
T004307,C-1266,2026-08-19 00:10:02,19014.01,BR015,CARD_PAYMENT,India-Hyderabad
T004308,C-1153,2026-08-19 00:42:29,66270.61,BR012,NEFT_CREDIT,India-Bengaluru
T004309,C-1170,2026-08-19 01:15:39,22406.19,BR013,NEFT_CREDIT,India-Pune
T004310,C-1144,2026-08-19 01:17:19,64598.63,BR017,NEFT_CREDIT,India-Delhi
T004311,C-1192,2026-08-19 01:53:57,3725.17,BR017,CARD_PAYMENT,India-Chennai
T004312,C-1217,2026-08-19 02:03:28,1142.45,BR007,UPI_DEBIT,India-Delhi
T004313,C-1212,2026-08-19 02:12:56,14728.65,BR002,ATM_WITHDRAWAL,India-Hyderabad
T004314,C-1201,2026-08-19 03:12:42,75252.66,BR009,NEFT_CREDIT,India-Mumbai
T004315,C-1280,2026-08-19 03:13:15,16782.21,BR008,ATM_WITHDRAWAL,India-Chennai
T004316,C-1297,2026-08-19 03:21:29,2712.20,BR005,CARD_PAYMENT,India-Hyderabad
T004317,C-1167,2026-08-19 03:49:00,2496.70,BR015,UPI_DEBIT,India-Pune
T004318,C-1249,2026-08-19 04:27:10,545.19,BR017,UPI_DEBIT,India-Delhi
T004319,C-1118,2026-08-19 04:55:46,2094.40,BR014,UPI_DEBIT,India-Chennai
T004320,C-1102,2026-08-19 05:04:55,149324.54,BR017,SALARY_CREDIT,India-Kolkata
T004321,C-1193,2026-08-19 05:12:31,85370.85,BR011,SALARY_CREDIT,India-Mumbai
T004322,C-1077,2026-08-19 05:15:28,6781.50,BR014,CARD_PAYMENT,India-Delhi
T004323,C-1114,2026-08-19 06:46:26,14403.26,BR004,ATM_WITHDRAWAL,India-Hyderabad
T004324,C-1143,2026-08-19 07:37:55,45424.64,BR014,SALARY_CREDIT,India-Mumbai
T004325,C-1125,2026-08-19 07:48:48,10032.92,BR016,ATM_WITHDRAWAL,India-Mumbai
T004326,C-1112,2026-08-19 09:14:51,7580.41,BR019,CARD_PAYMENT,India-Kolkata
T004327,C-1084,2026-08-19 09:28:43,4214.22,BR003,ATM_WITHDRAWAL,India-Bengaluru
T004328,C-1277,2026-08-19 10:05:38,68937.43,BR013,NEFT_CREDIT,India-Mumbai
T004329,C-1143,2026-08-19 10:13:31,3331.31,BR016,UPI_DEBIT,India-Coimbatore
T004330,C-1202,2026-08-19 10:15:18,50051.48,BR011,NEFT_CREDIT,India-Delhi
T004331,C-1135,2026-08-19 10:18:31,5134.22,BR003,CARD_PAYMENT,India-Kolkata
T004332,C-1169,2026-08-19 10:44:06,8228.11,BR017,CARD_PAYMENT,India-Mumbai
T004333,C-1203,2026-08-19 11:12:34,51794.36,BR002,NEFT_CREDIT,India-Hyderabad
T004334,C-1069,2026-08-19 11:27:55,15949.60,BR012,CARD_PAYMENT,India-Kolkata
T004335,C-1238,2026-08-19 11:44:46,1817.97,BR012,UPI_DEBIT,India-Bengaluru
T004336,C-1278,2026-08-19 11:48:13,40661.33,BR020,NEFT_CREDIT,India-Bengaluru
T004337,C-1264,2026-08-19 11:53:41,124301.82,BR004,SALARY_CREDIT,India-Kolkata
T004338,C-1260,2026-08-19 12:17:51,20831.41,BR016,NEFT_CREDIT,India-Chennai
T004339,C-1236,2026-08-19 12:27:13,3021.23,BR005,UPI_DEBIT,India-Pune
T004340,C-1056,2026-08-19 13:45:09,79866.95,BR014,NEFT_CREDIT,India-Pune
T004341,C-1064,2026-08-19 13:58:41,1690.64,BR011,UPI_DEBIT,India-Mumbai
T004342,C-1127,2026-08-19 13:59:20,77088.89,BR014,NEFT_CREDIT,India-Hyderabad
T004343,C-1182,2026-08-19 14:15:34,1806.42,BR011,UPI_DEBIT,India-Pune
T004344,C-1182,2026-08-19 14:37:36,38910.55,BR003,NEFT_CREDIT,India-Mumbai
T004345,C-1008,2026-08-19 15:02:28,862.06,BR008,UPI_DEBIT,India-Pune
T004346,C-1177,2026-08-19 15:30:55,5239.72,BR014,CARD_PAYMENT,India-Mumbai
T004347,C-1094,2026-08-19 15:46:15,3114.31,BR004,UPI_DEBIT,India-Chennai
T004348,C-1101,2026-08-19 16:40:03,752.35,BR018,UPI_DEBIT,India-Mumbai
T004349,C-1001,2026-08-19 17:16:28,3711.29,BR006,UPI_DEBIT,India-Kolkata
T004350,C-1264,2026-08-19 17:56:50,3725.88,BR004,ATM_WITHDRAWAL,India-Bengaluru
T004351,C-1110,2026-08-19 18:17:42,296.51,BR006,UPI_DEBIT,India-Pune
T004352,C-1106,2026-08-19 18:26:05,11105.46,BR011,CARD_PAYMENT,India-Bengaluru
T004353,C-1264,2026-08-19 19:31:54,19409.78,BR002,CARD_PAYMENT,India-Kolkata
T004354,C-1117,2026-08-19 19:41:55,138922.00,BR006,SALARY_CREDIT,India-Delhi
T004355,C-1157,2026-08-19 20:48:00,8968.83,BR018,NEFT_CREDIT,India-Kolkata
T004356,C-1087,2026-08-19 23:25:26,392.97,BR002,UPI_DEBIT,India-Bengaluru
T004357,C-1206,2026-08-19 23:33:19,115555.19,BR012,SALARY_CREDIT,India-Delhi
T004358,C-1109,2026-08-19 23:35:41,842.04,BR009,UPI_DEBIT,India-Pune
T004359,C-1115,2026-08-20 00:24:54,3940.62,BR009,UPI_DEBIT,India-Chennai
T004360,C-1061,2026-08-20 00:53:08,1428.14,BR011,UPI_DEBIT,India-Coimbatore
T004361,C-1121,2026-08-20 00:57:32,16154.92,BR018,CARD_PAYMENT,India-Pune
T004362,C-1245,2026-08-20 00:59:43,5881.94,BR015,NEFT_CREDIT,India-Delhi
T004363,C-1141,2026-08-20 01:00:38,451.65,BR012,UPI_DEBIT,India-Kolkata
T004364,C-1125,2026-08-20 01:11:59,38338.90,BR010,SALARY_CREDIT,India-Mumbai
T004365,C-1164,2026-08-20 03:54:10,144358.60,BR009,SALARY_CREDIT,India-Delhi
T004366,C-1048,2026-08-20 04:10:24,7281.76,BR005,CARD_PAYMENT,India-Bengaluru
T004367,C-1298,2026-08-20 04:49:30,18450.61,BR016,CARD_PAYMENT,India-Mumbai
T004368,C-1282,2026-08-20 05:03:59,1808.38,BR016,UPI_DEBIT,India-Chennai
T004369,C-1066,2026-08-20 05:43:40,19799.47,BR001,CARD_PAYMENT,India-Coimbatore
T004370,C-1170,2026-08-20 06:11:52,3427.28,BR002,UPI_DEBIT,India-Delhi
T004371,C-1051,2026-08-20 06:14:16,7826.66,BR016,CARD_PAYMENT,India-Hyderabad
T004372,C-1265,2026-08-20 06:37:56,7279.03,BR010,NEFT_CREDIT,India-Mumbai
T004373,C-1067,2026-08-20 06:57:21,18413.47,BR005,CARD_PAYMENT,India-Pune
T004374,C-1220,2026-08-20 07:24:22,1221.06,BR014,UPI_DEBIT,India-Pune
T004375,C-1094,2026-08-20 08:08:34,3773.25,BR013,UPI_DEBIT,India-Kolkata
T004376,C-1063,2026-08-20 08:13:16,9878.86,BR019,NEFT_CREDIT,India-Pune
T004377,C-1222,2026-08-20 08:42:19,563.16,BR004,UPI_DEBIT,India-Mumbai
T004378,C-1030,2026-08-20 09:22:38,131732.41,BR017,NEFT_DEBIT,Iran
T004379,C-1036,2026-08-20 10:14:53,55466.52,BR013,NEFT_DEBIT,Iran
T004380,C-1033,2026-08-20 11:15:10,88284.36,BR011,NEFT_DEBIT,North Korea
T004381,C-1003,2026-08-20 11:42:54,33020.37,BR014,NEFT_DEBIT,Iran
T004382,C-1035,2026-08-20 11:45:29,92587.12,BR016,NEFT_DEBIT,Iran
T004383,C-1203,2026-08-20 11:49:16,750.82,BR019,UPI_DEBIT,India-Kolkata
T004384,C-1037,2026-08-20 11:51:06,42178.60,BR020,NEFT_DEBIT,Iran
T004385,C-1038,2026-08-20 11:54:27,103819.51,BR015,NEFT_DEBIT,Iran
T004386,C-1031,2026-08-20 11:59:58,15088.23,BR018,NEFT_DEBIT,North Korea
T004387,C-1177,2026-08-20 12:02:08,11456.81,BR005,ATM_WITHDRAWAL,India-Delhi
T004388,C-1125,2026-08-20 12:38:14,2535.48,BR006,UPI_DEBIT,India-Mumbai
T004389,C-1154,2026-08-20 13:11:58,1816.57,BR003,UPI_DEBIT,India-Bengaluru
T004390,C-1085,2026-08-20 13:51:19,13898.45,BR009,ATM_WITHDRAWAL,India-Mumbai
T004391,C-1068,2026-08-20 14:25:44,3271.48,BR002,UPI_DEBIT,India-Delhi
T004392,C-1115,2026-08-20 14:26:54,6517.04,BR004,NEFT_CREDIT,India-Coimbatore
T004393,C-1039,2026-08-20 14:53:22,115173.35,BR008,NEFT_DEBIT,North Korea
T004394,C-1247,2026-08-20 14:54:26,19816.90,BR020,ATM_WITHDRAWAL,India-Hyderabad
T004395,C-1034,2026-08-20 15:05:44,79722.64,BR019,NEFT_DEBIT,Myanmar
T004396,C-1293,2026-08-20 15:25:56,1998.09,BR006,UPI_DEBIT,India-Delhi
T004397,C-1180,2026-08-20 15:59:31,17921.76,BR019,CARD_PAYMENT,India-Bengaluru
T004398,C-1300,2026-08-20 16:13:40,3975.92,BR003,UPI_DEBIT,India-Coimbatore
T004399,C-1115,2026-08-20 16:38:45,2065.86,BR012,UPI_DEBIT,India-Kolkata
T004400,C-1237,2026-08-20 16:50:13,11539.49,BR008,CARD_PAYMENT,India-Pune
T004401,C-1148,2026-08-20 16:55:38,69039.56,BR019,SALARY_CREDIT,India-Coimbatore
T004402,C-1032,2026-08-20 16:59:16,19983.58,BR018,NEFT_DEBIT,North Korea
T004403,C-1196,2026-08-20 17:44:33,4635.48,BR019,CARD_PAYMENT,India-Pune
T004404,C-1202,2026-08-20 17:54:58,1328.77,BR016,UPI_DEBIT,India-Bengaluru
T004405,C-1286,2026-08-20 18:31:21,3005.24,BR018,ATM_WITHDRAWAL,India-Coimbatore
T004406,C-1293,2026-08-20 18:47:25,994.76,BR004,UPI_DEBIT,India-Bengaluru
T004407,C-1197,2026-08-20 18:47:59,15744.24,BR009,NEFT_CREDIT,India-Chennai
T004408,C-1131,2026-08-20 19:06:56,4328.15,BR002,UPI_DEBIT,India-Mumbai
T004409,C-1144,2026-08-20 19:43:21,19950.87,BR002,CARD_PAYMENT,India-Kolkata
T004410,C-1151,2026-08-20 20:00:26,11698.60,BR009,CARD_PAYMENT,India-Delhi
T004411,C-1178,2026-08-20 20:33:33,3636.20,BR019,UPI_DEBIT,India-Bengaluru
T004412,C-1040,2026-08-20 21:20:02,4642.25,BR004,UPI_DEBIT,India-Coimbatore
T004413,C-1066,2026-08-20 21:49:09,921.79,BR019,UPI_DEBIT,India-Hyderabad
T004414,C-1045,2026-08-20 22:23:02,68539.58,BR006,NEFT_CREDIT,India-Coimbatore
T004415,C-1142,2026-08-20 22:24:52,39829.00,BR003,NEFT_CREDIT,India-Kolkata
T004416,C-1004,2026-08-21 00:10:54,2102.82,BR014,UPI_DEBIT,India-Bengaluru
T004417,C-1219,2026-08-21 00:35:42,2495.83,BR002,UPI_DEBIT,India-Chennai
T004418,C-1068,2026-08-21 00:44:05,4344.88,BR002,CARD_PAYMENT,India-Mumbai
T004419,C-1206,2026-08-21 02:15:39,14847.23,BR007,ATM_WITHDRAWAL,India-Coimbatore
T004420,C-1279,2026-08-21 02:39:22,3309.47,BR001,UPI_DEBIT,India-Chennai
T004421,C-1292,2026-08-21 02:51:12,4174.71,BR002,UPI_DEBIT,India-Pune
T004422,C-1056,2026-08-21 03:23:35,9778.52,BR012,CARD_PAYMENT,India-Mumbai
T004423,C-1193,2026-08-21 05:11:35,17479.62,BR017,NEFT_CREDIT,India-Kolkata
T004424,C-1182,2026-08-21 05:14:40,1933.26,BR007,UPI_DEBIT,India-Kolkata
T004425,C-1297,2026-08-21 06:43:43,69241.46,BR005,NEFT_CREDIT,India-Bengaluru
T004426,C-1116,2026-08-21 07:33:48,647.01,BR009,UPI_DEBIT,India-Delhi
T004427,C-1228,2026-08-21 07:45:12,46372.63,BR003,NEFT_CREDIT,India-Kolkata
T004428,C-1076,2026-08-21 08:51:25,80049.58,BR014,SALARY_CREDIT,India-Mumbai
T004429,C-1145,2026-08-21 09:31:07,2280.52,BR001,UPI_DEBIT,India-Kolkata
T004430,C-1052,2026-08-21 09:36:19,2779.52,BR019,UPI_DEBIT,India-Delhi
T004431,C-1198,2026-08-21 10:07:51,19215.24,BR020,CARD_PAYMENT,India-Hyderabad
T004432,C-1180,2026-08-21 10:40:13,14150.94,BR011,CARD_PAYMENT,India-Bengaluru
T004433,C-1185,2026-08-21 10:41:56,6044.19,BR002,CARD_PAYMENT,India-Mumbai
T004434,C-1241,2026-08-21 10:48:17,4773.59,BR014,UPI_DEBIT,India-Delhi
T004435,C-1122,2026-08-21 12:03:42,2240.70,BR010,UPI_DEBIT,India-Mumbai
T004436,C-1068,2026-08-21 12:32:16,3126.91,BR016,CARD_PAYMENT,India-Chennai
T004437,C-1208,2026-08-21 13:38:02,13982.56,BR017,CARD_PAYMENT,India-Coimbatore
T004438,C-1161,2026-08-21 13:42:58,29634.90,BR001,SALARY_CREDIT,India-Delhi
T004439,C-1102,2026-08-21 13:50:20,5986.42,BR011,CARD_PAYMENT,India-Delhi
T004440,C-1186,2026-08-21 14:08:14,211.11,BR018,UPI_DEBIT,India-Mumbai
T004441,C-1064,2026-08-21 14:09:13,1412.55,BR007,CARD_PAYMENT,India-Kolkata
T004442,C-1200,2026-08-21 14:27:19,3652.20,BR014,UPI_DEBIT,India-Chennai
T004443,C-1102,2026-08-21 14:36:46,6310.71,BR017,CARD_PAYMENT,India-Delhi
T004444,C-1239,2026-08-21 14:48:03,3899.42,BR003,UPI_DEBIT,India-Pune
T004445,C-1123,2026-08-21 15:26:23,2175.70,BR014,UPI_DEBIT,India-Kolkata
T004446,C-1079,2026-08-21 15:39:00,12918.90,BR004,ATM_WITHDRAWAL,India-Kolkata
T004447,C-1192,2026-08-21 15:51:02,9700.51,BR014,CARD_PAYMENT,India-Pune
T004448,C-1083,2026-08-21 15:54:18,3392.63,BR020,CARD_PAYMENT,India-Delhi
T004449,C-1001,2026-08-21 16:04:41,1285.92,BR016,UPI_DEBIT,India-Pune
T004450,C-1094,2026-08-21 16:14:56,1258.61,BR001,UPI_DEBIT,India-Hyderabad
T004451,C-1067,2026-08-21 16:18:30,484.05,BR005,UPI_DEBIT,India-Bengaluru
T004452,C-1291,2026-08-21 16:34:02,19919.48,BR015,CARD_PAYMENT,India-Hyderabad
T004453,C-1149,2026-08-21 16:47:47,3373.30,BR017,UPI_DEBIT,India-Delhi
T004454,C-1295,2026-08-21 17:01:56,55509.45,BR016,SALARY_CREDIT,India-Bengaluru
T004455,C-1277,2026-08-21 17:05:19,31545.75,BR019,NEFT_CREDIT,India-Hyderabad
T004456,C-1212,2026-08-21 17:44:21,57588.95,BR010,SALARY_CREDIT,India-Pune
T004457,C-1184,2026-08-21 17:54:40,14908.18,BR016,ATM_WITHDRAWAL,India-Kolkata
T004458,C-1070,2026-08-21 18:46:38,5811.79,BR018,CARD_PAYMENT,India-Kolkata
T004459,C-1277,2026-08-21 19:16:49,685.94,BR016,UPI_DEBIT,India-Coimbatore
T004460,C-1296,2026-08-21 20:36:35,14491.45,BR016,CARD_PAYMENT,India-Coimbatore
T004461,C-1095,2026-08-21 20:39:21,2231.80,BR004,UPI_DEBIT,India-Chennai
T004462,C-1142,2026-08-21 21:36:49,1453.30,BR014,UPI_DEBIT,India-Delhi
T004463,C-1114,2026-08-21 21:47:03,4042.94,BR012,UPI_DEBIT,India-Coimbatore
T004464,C-1264,2026-08-21 22:28:30,3029.03,BR013,CARD_PAYMENT,India-Chennai
T004465,C-1257,2026-08-21 22:31:16,47958.33,BR009,SALARY_CREDIT,India-Bengaluru
T004466,C-1135,2026-08-21 22:35:09,19130.38,BR003,CARD_PAYMENT,India-Delhi
T004467,C-1290,2026-08-21 23:02:14,2999.50,BR003,UPI_DEBIT,India-Kolkata
T004468,C-1212,2026-08-21 23:02:57,3687.97,BR012,UPI_DEBIT,India-Hyderabad
T004469,C-1270,2026-08-21 23:23:40,2414.81,BR017,UPI_DEBIT,India-Delhi
T004470,C-1219,2026-08-22 00:29:10,966.80,BR003,CARD_PAYMENT,India-Delhi
T004471,C-1098,2026-08-22 00:39:58,17450.52,BR015,CARD_PAYMENT,India-Bengaluru
T004472,C-1236,2026-08-22 00:57:59,13666.68,BR011,ATM_WITHDRAWAL,India-Hyderabad
T004473,C-1073,2026-08-22 02:33:06,6331.62,BR007,CARD_PAYMENT,India-Chennai
T004474,C-1259,2026-08-22 02:48:10,17423.01,BR017,ATM_WITHDRAWAL,India-Bengaluru
T004475,C-1283,2026-08-22 03:44:15,27185.17,BR006,NEFT_CREDIT,India-Hyderabad
T004476,C-1158,2026-08-22 04:52:50,51520.17,BR014,NEFT_CREDIT,India-Chennai
T004477,C-1161,2026-08-22 05:29:02,814.53,BR012,UPI_DEBIT,India-Delhi
T004478,C-1115,2026-08-22 06:26:50,1061.24,BR007,UPI_DEBIT,India-Chennai
T004479,C-1117,2026-08-22 06:28:29,12638.95,BR016,ATM_WITHDRAWAL,India-Bengaluru
T004480,C-1188,2026-08-22 06:29:20,58940.28,BR007,NEFT_CREDIT,India-Chennai
T004481,C-1236,2026-08-22 06:51:52,8160.07,BR002,CARD_PAYMENT,India-Pune
T004482,C-1151,2026-08-22 07:26:10,2528.46,BR008,UPI_DEBIT,India-Mumbai
T004483,C-1109,2026-08-22 07:59:26,94876.88,BR019,SALARY_CREDIT,India-Mumbai
T004484,C-1298,2026-08-22 08:04:58,9070.60,BR003,NEFT_CREDIT,India-Mumbai
T004485,C-1141,2026-08-22 08:12:41,2208.35,BR009,UPI_DEBIT,India-Pune
T004486,C-1223,2026-08-22 08:16:59,1581.10,BR007,UPI_DEBIT,India-Mumbai
T004487,C-1198,2026-08-22 08:33:50,4730.53,BR020,UPI_DEBIT,India-Hyderabad
T004488,C-1252,2026-08-22 09:51:43,8959.00,BR002,CARD_PAYMENT,India-Chennai
T004489,C-1061,2026-08-22 10:06:41,5324.99,BR012,CARD_PAYMENT,India-Pune
T004490,C-1075,2026-08-22 10:15:56,16819.03,BR004,CARD_PAYMENT,India-Pune
T004491,C-1299,2026-08-22 10:21:16,10361.21,BR001,CARD_PAYMENT,India-Delhi
T004492,C-1280,2026-08-22 10:29:12,4440.95,BR011,UPI_DEBIT,India-Bengaluru
T004493,C-1002,2026-08-22 10:31:29,4787.14,BR006,UPI_DEBIT,India-Chennai
T004494,C-1094,2026-08-22 10:40:56,52107.43,BR018,NEFT_CREDIT,India-Bengaluru
T004495,C-1111,2026-08-22 10:45:57,3430.09,BR001,UPI_DEBIT,India-Chennai
T004496,C-1128,2026-08-22 11:38:55,4709.95,BR007,UPI_DEBIT,India-Pune
T004497,C-1117,2026-08-22 11:43:32,1254.40,BR010,CARD_PAYMENT,India-Hyderabad
T004498,C-1298,2026-08-22 11:48:58,44198.70,BR016,NEFT_CREDIT,India-Pune
T004499,C-1137,2026-08-22 12:06:20,45289.05,BR007,NEFT_CREDIT,India-Mumbai
T004500,C-1106,2026-08-22 12:42:24,3898.86,BR006,UPI_DEBIT,India-Coimbatore
T004501,C-1215,2026-08-22 13:00:07,4163.37,BR020,UPI_DEBIT,India-Mumbai
T004502,C-1055,2026-08-22 13:21:42,2022.37,BR011,UPI_DEBIT,India-Kolkata
T004503,C-1103,2026-08-22 13:36:07,11076.67,BR004,ATM_WITHDRAWAL,India-Chennai
T004504,C-1042,2026-08-22 13:43:03,296.51,BR015,UPI_DEBIT,India-Kolkata
T004505,C-1122,2026-08-22 13:55:15,3610.76,BR004,UPI_DEBIT,India-Kolkata
T004506,C-1278,2026-08-22 13:56:14,4068.17,BR011,CARD_PAYMENT,India-Kolkata
T004507,C-1179,2026-08-22 14:06:29,25505.16,BR019,SALARY_CREDIT,India-Chennai
T004508,C-1285,2026-08-22 15:00:58,18359.97,BR001,CARD_PAYMENT,India-Bengaluru
T004509,C-1270,2026-08-22 15:44:35,2421.07,BR001,UPI_DEBIT,India-Delhi
T004510,C-1044,2026-08-22 16:26:14,8182.70,BR003,ATM_WITHDRAWAL,India-Bengaluru
T004511,C-1046,2026-08-22 16:53:19,226.94,BR008,UPI_DEBIT,India-Delhi
T004512,C-1270,2026-08-22 17:02:55,32732.01,BR003,NEFT_CREDIT,India-Pune
T004513,C-1183,2026-08-22 17:38:47,64412.33,BR005,NEFT_CREDIT,India-Pune
T004514,C-1257,2026-08-22 17:48:59,478.01,BR002,UPI_DEBIT,India-Pune
T004515,C-1172,2026-08-22 18:12:41,1228.67,BR014,UPI_DEBIT,India-Hyderabad
T004516,C-1216,2026-08-22 18:25:55,125020.24,BR009,SALARY_CREDIT,India-Mumbai
T004517,C-1245,2026-08-22 19:31:49,2125.72,BR017,ATM_WITHDRAWAL,India-Kolkata
T004518,C-1218,2026-08-22 19:41:12,2039.27,BR018,UPI_DEBIT,India-Mumbai
T004519,C-1179,2026-08-22 19:56:09,4019.08,BR017,CARD_PAYMENT,India-Pune
T004520,C-1256,2026-08-22 20:01:32,13302.89,BR019,CARD_PAYMENT,India-Hyderabad
T004521,C-1230,2026-08-22 20:37:02,37299.95,BR012,NEFT_CREDIT,India-Hyderabad
T004522,C-1095,2026-08-22 20:41:50,2949.42,BR009,UPI_DEBIT,India-Kolkata
T004523,C-1287,2026-08-22 20:45:38,3310.96,BR008,ATM_WITHDRAWAL,India-Kolkata
T004524,C-1079,2026-08-22 21:36:55,18320.11,BR017,CARD_PAYMENT,India-Chennai
T004525,C-1230,2026-08-22 21:46:53,1587.46,BR007,UPI_DEBIT,India-Bengaluru
T004526,C-1149,2026-08-22 21:48:46,125053.62,BR018,SALARY_CREDIT,India-Bengaluru
T004527,C-1141,2026-08-22 23:02:56,135698.64,BR010,SALARY_CREDIT,India-Delhi
T004528,C-1184,2026-08-22 23:35:13,1778.41,BR017,UPI_DEBIT,India-Pune
T004529,C-1045,2026-08-22 23:47:52,14231.21,BR003,CARD_PAYMENT,India-Hyderabad
T004530,C-1198,2026-08-22 23:57:20,3611.62,BR018,UPI_DEBIT,India-Coimbatore
T004531,C-1066,2026-08-23 00:14:38,1548.86,BR005,UPI_DEBIT,India-Kolkata
T004532,C-1191,2026-08-23 00:22:21,105967.38,BR001,SALARY_CREDIT,India-Pune
T004533,C-1179,2026-08-23 01:03:00,4716.75,BR020,UPI_DEBIT,India-Delhi
T004534,C-1233,2026-08-23 01:51:12,5969.59,BR009,CARD_PAYMENT,India-Hyderabad
T004535,C-1228,2026-08-23 01:53:57,9867.00,BR016,CARD_PAYMENT,India-Kolkata
T004536,C-1131,2026-08-23 02:44:33,7146.19,BR012,CARD_PAYMENT,India-Bengaluru
T004537,C-1004,2026-08-23 03:02:06,4508.94,BR010,UPI_DEBIT,India-Chennai
T004538,C-1109,2026-08-23 03:03:22,44613.51,BR008,SALARY_CREDIT,India-Mumbai
T004539,C-1086,2026-08-23 03:10:53,2567.55,BR003,UPI_DEBIT,India-Kolkata
T004540,C-1242,2026-08-23 04:14:02,2811.51,BR004,UPI_DEBIT,India-Hyderabad
T004541,C-1215,2026-08-23 04:36:56,27112.42,BR008,NEFT_CREDIT,India-Chennai
T004542,C-1173,2026-08-23 05:03:11,714.94,BR003,UPI_DEBIT,India-Delhi
T004543,C-1139,2026-08-23 06:03:50,45153.24,BR002,NEFT_CREDIT,India-Kolkata
T004544,C-1183,2026-08-23 06:35:51,3104.83,BR014,UPI_DEBIT,India-Hyderabad
T004545,C-1079,2026-08-23 06:47:34,3488.21,BR015,CARD_PAYMENT,India-Delhi
T004546,C-1108,2026-08-23 07:57:49,4725.96,BR017,UPI_DEBIT,India-Kolkata
T004547,C-1197,2026-08-23 08:19:13,2240.31,BR012,UPI_DEBIT,India-Hyderabad
T004548,C-1048,2026-08-23 08:43:34,33583.79,BR014,NEFT_CREDIT,India-Mumbai
T004549,C-1195,2026-08-23 08:52:21,4820.74,BR007,UPI_DEBIT,India-Chennai
T004550,C-1186,2026-08-23 09:07:58,4795.48,BR016,UPI_DEBIT,India-Kolkata
T004551,C-1245,2026-08-23 09:33:40,9534.13,BR019,CARD_PAYMENT,India-Hyderabad
T004552,C-1001,2026-08-23 10:12:47,3469.56,BR005,UPI_DEBIT,India-Coimbatore
T004553,C-1076,2026-08-23 10:30:35,7849.57,BR004,ATM_WITHDRAWAL,India-Bengaluru
T004554,C-1111,2026-08-23 10:57:23,2467.61,BR019,UPI_DEBIT,India-Mumbai
T004555,C-1059,2026-08-23 11:11:29,3185.07,BR015,ATM_WITHDRAWAL,India-Bengaluru
T004556,C-1101,2026-08-23 11:35:25,12083.98,BR012,ATM_WITHDRAWAL,India-Chennai
T004557,C-1127,2026-08-23 11:48:54,13354.85,BR012,CARD_PAYMENT,India-Bengaluru
T004558,C-1045,2026-08-23 12:42:58,41419.01,BR007,SALARY_CREDIT,India-Delhi
T004559,C-1244,2026-08-23 13:44:23,5399.72,BR009,CARD_PAYMENT,India-Kolkata
T004560,C-1068,2026-08-23 14:36:07,9091.24,BR011,ATM_WITHDRAWAL,India-Bengaluru
T004561,C-1091,2026-08-23 14:54:33,1741.84,BR009,UPI_DEBIT,India-Delhi
T004562,C-1296,2026-08-23 15:16:20,12544.07,BR016,CARD_PAYMENT,India-Kolkata
T004563,C-1117,2026-08-23 16:51:45,1075.06,BR015,UPI_DEBIT,India-Delhi
T004564,C-1174,2026-08-23 17:10:03,14376.19,BR015,NEFT_CREDIT,India-Delhi
T004565,C-1122,2026-08-23 17:16:09,3041.41,BR008,UPI_DEBIT,India-Hyderabad
T004566,C-1095,2026-08-23 17:39:22,55455.18,BR020,NEFT_CREDIT,India-Hyderabad
T004567,C-1180,2026-08-23 17:49:16,29607.87,BR005,SALARY_CREDIT,India-Mumbai
T004568,C-1067,2026-08-23 17:55:36,78023.76,BR012,NEFT_CREDIT,India-Kolkata
T004569,C-1165,2026-08-23 18:29:28,549.23,BR002,UPI_DEBIT,India-Mumbai
T004570,C-1110,2026-08-23 21:28:37,42922.88,BR016,SALARY_CREDIT,India-Coimbatore
T004571,C-1090,2026-08-23 21:30:20,4573.67,BR002,UPI_DEBIT,India-Bengaluru
T004572,C-1007,2026-08-23 22:20:57,933.79,BR011,UPI_DEBIT,India-Chennai
T004573,C-1224,2026-08-23 23:06:29,48663.07,BR007,NEFT_CREDIT,India-Hyderabad
T004574,C-1091,2026-08-23 23:25:30,70941.92,BR012,SALARY_CREDIT,India-Bengaluru
T004575,C-1093,2026-08-23 23:28:29,6567.15,BR010,NEFT_CREDIT,India-Pune
T004576,C-1130,2026-08-24 00:07:11,120154.53,BR016,SALARY_CREDIT,India-Coimbatore
T004577,C-1119,2026-08-24 02:45:43,9557.74,BR012,CARD_PAYMENT,India-Chennai
T004578,C-1074,2026-08-24 03:09:38,1912.76,BR004,UPI_DEBIT,India-Mumbai
T004579,C-1183,2026-08-24 04:25:02,4101.18,BR003,UPI_DEBIT,India-Pune
T004580,C-1142,2026-08-24 05:07:48,17395.85,BR007,ATM_WITHDRAWAL,India-Coimbatore
T004581,C-1235,2026-08-24 05:21:41,54139.70,BR008,NEFT_CREDIT,India-Coimbatore
T004582,C-1075,2026-08-24 05:40:10,9261.87,BR012,ATM_WITHDRAWAL,India-Delhi
T004583,C-1148,2026-08-24 05:40:31,97615.84,BR013,SALARY_CREDIT,India-Chennai
T004584,C-1066,2026-08-24 05:44:31,18283.26,BR003,CARD_PAYMENT,India-Delhi
T004585,C-1148,2026-08-24 06:16:34,3480.48,BR009,UPI_DEBIT,India-Mumbai
T004586,C-1176,2026-08-24 06:26:13,3798.40,BR009,UPI_DEBIT,India-Bengaluru
T004587,C-1218,2026-08-24 06:47:02,11735.19,BR019,CARD_PAYMENT,India-Chennai
T004588,C-1112,2026-08-24 06:53:47,1317.19,BR018,UPI_DEBIT,India-Coimbatore
T004589,C-1253,2026-08-24 06:54:32,2367.12,BR005,UPI_DEBIT,India-Delhi
T004590,C-1168,2026-08-24 06:55:26,4849.42,BR010,ATM_WITHDRAWAL,India-Coimbatore
T004591,C-1188,2026-08-24 06:59:50,19445.80,BR014,CARD_PAYMENT,India-Kolkata
T004592,C-1163,2026-08-24 07:04:32,7666.63,BR012,CARD_PAYMENT,India-Pune
T004593,C-1250,2026-08-24 07:09:12,16573.31,BR015,ATM_WITHDRAWAL,India-Bengaluru
T004594,C-1255,2026-08-24 07:45:04,3369.55,BR017,UPI_DEBIT,India-Mumbai
T004595,C-1255,2026-08-24 07:54:19,509.30,BR006,UPI_DEBIT,India-Pune
T004596,C-1104,2026-08-24 09:02:34,70239.48,BR002,SALARY_CREDIT,India-Mumbai
T004597,C-1149,2026-08-24 09:51:37,53286.91,BR016,SALARY_CREDIT,India-Bengaluru
T004598,C-1090,2026-08-24 10:20:33,549.62,BR006,UPI_DEBIT,India-Bengaluru
T004599,C-1177,2026-08-24 10:23:37,547.26,BR002,UPI_DEBIT,India-Bengaluru
T004600,C-1140,2026-08-24 10:52:54,2817.76,BR012,UPI_DEBIT,India-Mumbai
T004601,C-1007,2026-08-24 11:06:31,29748.06,BR009,SALARY_CREDIT,India-Delhi
T004602,C-1007,2026-08-24 11:37:27,1672.67,BR016,CARD_PAYMENT,India-Delhi
T004603,C-1179,2026-08-24 11:43:55,1888.78,BR016,UPI_DEBIT,India-Bengaluru
T004604,C-1112,2026-08-24 12:15:01,71389.14,BR018,NEFT_CREDIT,India-Pune
T004605,C-1232,2026-08-24 12:48:42,137089.82,BR004,SALARY_CREDIT,India-Bengaluru
T004606,C-1077,2026-08-24 12:51:28,2889.49,BR017,UPI_DEBIT,India-Mumbai
T004607,C-1214,2026-08-24 12:56:47,2750.84,BR011,UPI_DEBIT,India-Kolkata
T004608,C-1053,2026-08-24 13:16:43,3537.62,BR020,UPI_DEBIT,India-Pune
T004609,C-1242,2026-08-24 14:44:54,1214.86,BR011,UPI_DEBIT,India-Coimbatore
T004610,C-1104,2026-08-24 15:34:59,40579.71,BR001,NEFT_CREDIT,India-Coimbatore
T004611,C-1145,2026-08-24 15:49:05,26913.66,BR011,NEFT_CREDIT,India-Kolkata
T004612,C-1057,2026-08-24 16:26:23,537.75,BR007,CARD_PAYMENT,India-Pune
T004613,C-1271,2026-08-24 16:35:54,1097.27,BR010,UPI_DEBIT,India-Bengaluru
T004614,C-1079,2026-08-24 16:41:46,17278.34,BR005,CARD_PAYMENT,India-Delhi
T004615,C-1098,2026-08-24 16:52:52,3610.14,BR012,CARD_PAYMENT,India-Delhi
T004616,C-1270,2026-08-24 17:24:08,1010.24,BR019,UPI_DEBIT,India-Hyderabad
T004617,C-1145,2026-08-24 17:34:40,2136.24,BR013,UPI_DEBIT,India-Mumbai
T004618,C-1048,2026-08-24 17:34:50,18666.61,BR002,CARD_PAYMENT,India-Hyderabad
T004619,C-1094,2026-08-24 17:57:50,917.91,BR010,UPI_DEBIT,India-Pune
T004620,C-1177,2026-08-24 18:40:50,15650.51,BR007,CARD_PAYMENT,India-Coimbatore
T004621,C-1289,2026-08-24 19:04:15,25830.84,BR005,NEFT_CREDIT,India-Bengaluru
T004622,C-1254,2026-08-24 19:41:55,4973.31,BR014,UPI_DEBIT,India-Chennai
T004623,C-1132,2026-08-24 19:51:35,1373.04,BR009,UPI_DEBIT,India-Mumbai
T004624,C-1172,2026-08-24 19:59:55,4805.55,BR013,CARD_PAYMENT,India-Bengaluru
T004625,C-1265,2026-08-24 20:07:10,1308.33,BR020,CARD_PAYMENT,India-Chennai
T004626,C-1176,2026-08-24 20:07:56,2799.82,BR009,UPI_DEBIT,India-Pune
T004627,C-1209,2026-08-24 20:19:05,4326.95,BR009,UPI_DEBIT,India-Chennai
T004628,C-1269,2026-08-24 20:21:50,3418.49,BR003,UPI_DEBIT,India-Coimbatore
T004629,C-1098,2026-08-24 20:59:00,69489.70,BR011,NEFT_CREDIT,India-Chennai
T004630,C-1183,2026-08-24 21:47:03,4086.20,BR005,UPI_DEBIT,India-Hyderabad
T004631,C-1190,2026-08-24 22:49:46,19464.44,BR003,CARD_PAYMENT,India-Hyderabad
T004632,C-1090,2026-08-24 23:02:15,5081.88,BR014,NEFT_CREDIT,India-Bengaluru
T004633,C-1263,2026-08-24 23:07:11,22792.47,BR016,NEFT_CREDIT,India-Chennai
T004634,C-1234,2026-08-24 23:55:47,4097.08,BR001,UPI_DEBIT,India-Pune
T004635,C-1272,2026-08-25 01:28:43,19901.87,BR017,CARD_PAYMENT,India-Coimbatore
T004636,C-1211,2026-08-25 01:40:03,11768.41,BR020,CARD_PAYMENT,India-Hyderabad
T004637,C-1088,2026-08-25 02:01:41,4004.29,BR010,UPI_DEBIT,India-Hyderabad
T004638,C-1227,2026-08-25 02:35:27,4771.01,BR007,UPI_DEBIT,India-Chennai
T004639,C-1234,2026-08-25 02:49:47,320.25,BR006,UPI_DEBIT,India-Bengaluru
T004640,C-1231,2026-08-25 02:54:25,516.49,BR018,UPI_DEBIT,India-Delhi
T004641,C-1176,2026-08-25 03:45:42,11324.13,BR020,CARD_PAYMENT,India-Pune
T004642,C-1102,2026-08-25 05:41:15,2319.53,BR013,UPI_DEBIT,India-Coimbatore
T004643,C-1192,2026-08-25 05:42:04,2198.24,BR020,UPI_DEBIT,India-Coimbatore
T004644,C-1263,2026-08-25 05:58:46,17894.47,BR018,CARD_PAYMENT,India-Coimbatore
T004645,C-1090,2026-08-25 06:06:39,1567.45,BR011,UPI_DEBIT,India-Hyderabad
T004646,C-1076,2026-08-25 06:31:44,36302.15,BR009,SALARY_CREDIT,India-Coimbatore
T004647,C-1154,2026-08-25 06:39:39,55546.30,BR010,NEFT_CREDIT,India-Coimbatore
T004648,C-1086,2026-08-25 07:32:07,15505.68,BR013,CARD_PAYMENT,India-Kolkata
T004649,C-1242,2026-08-25 07:40:29,2643.36,BR011,UPI_DEBIT,India-Mumbai
T004650,C-1268,2026-08-25 08:03:21,1386.45,BR004,UPI_DEBIT,India-Hyderabad
T004651,C-1149,2026-08-25 08:17:56,2834.88,BR011,CARD_PAYMENT,India-Pune
T004652,C-1001,2026-08-25 09:05:00,1969.55,BR018,UPI_DEBIT,India-Delhi
T004653,C-1193,2026-08-25 09:12:53,18854.00,BR008,CARD_PAYMENT,India-Pune
T004654,C-1047,2026-08-25 09:14:27,6426.88,BR007,CARD_PAYMENT,India-Pune
T004655,C-1277,2026-08-25 09:21:26,88565.68,BR011,SALARY_CREDIT,India-Pune
T004656,C-1052,2026-08-25 09:42:44,9296.00,BR014,ATM_WITHDRAWAL,India-Coimbatore
T004657,C-1088,2026-08-25 10:38:33,5836.51,BR003,CARD_PAYMENT,India-Pune
T004658,C-1296,2026-08-25 10:44:22,2932.62,BR018,UPI_DEBIT,India-Kolkata
T004659,C-1119,2026-08-25 11:12:44,899.65,BR016,UPI_DEBIT,India-Pune
T004660,C-1238,2026-08-25 11:26:27,4615.95,BR012,UPI_DEBIT,India-Chennai
T004661,C-1147,2026-08-25 11:32:46,35072.90,BR005,NEFT_CREDIT,India-Hyderabad
T004662,C-1239,2026-08-25 12:20:09,3276.45,BR019,UPI_DEBIT,India-Chennai
T004663,C-1064,2026-08-25 12:40:59,1124.97,BR011,UPI_DEBIT,India-Pune
T004664,C-1281,2026-08-25 13:00:25,7253.51,BR020,CARD_PAYMENT,India-Bengaluru
T004665,C-1139,2026-08-25 13:50:24,18694.69,BR017,CARD_PAYMENT,India-Chennai
T004666,C-1165,2026-08-25 14:39:10,12189.33,BR012,CARD_PAYMENT,India-Hyderabad
T004667,C-1156,2026-08-25 15:18:08,13999.42,BR008,ATM_WITHDRAWAL,India-Mumbai
T004668,C-1176,2026-08-25 15:56:16,1040.25,BR020,UPI_DEBIT,India-Hyderabad
T004669,C-1257,2026-08-25 16:31:50,349.69,BR008,UPI_DEBIT,India-Hyderabad
T004670,C-1089,2026-08-25 17:08:02,7805.06,BR005,CARD_PAYMENT,India-Hyderabad
T004671,C-1282,2026-08-25 17:36:41,14344.46,BR011,CARD_PAYMENT,India-Coimbatore
T004672,C-1194,2026-08-25 17:56:28,6821.14,BR020,CARD_PAYMENT,India-Kolkata
T004673,C-1206,2026-08-25 18:18:22,49929.81,BR015,NEFT_CREDIT,India-Chennai
T004674,C-1076,2026-08-25 18:20:21,4004.70,BR020,UPI_DEBIT,India-Pune
T004675,C-1271,2026-08-25 18:22:45,2138.16,BR016,UPI_DEBIT,India-Bengaluru
T004676,C-1166,2026-08-25 18:43:22,2934.43,BR009,UPI_DEBIT,India-Kolkata
T004677,C-1154,2026-08-25 19:34:03,52329.20,BR009,NEFT_CREDIT,India-Pune
T004678,C-1191,2026-08-25 20:31:02,2483.83,BR020,UPI_DEBIT,India-Mumbai
T004679,C-1143,2026-08-25 21:40:07,2922.00,BR017,UPI_DEBIT,India-Coimbatore
T004680,C-1180,2026-08-25 22:04:54,1246.72,BR005,UPI_DEBIT,India-Pune
T004681,C-1116,2026-08-25 22:11:40,13461.38,BR006,CARD_PAYMENT,India-Bengaluru
T004682,C-1154,2026-08-25 23:16:18,3794.30,BR005,CARD_PAYMENT,India-Delhi
T004683,C-1095,2026-08-25 23:16:44,1836.98,BR018,UPI_DEBIT,India-Pune
T004684,C-1289,2026-08-25 23:19:48,2565.18,BR006,UPI_DEBIT,India-Delhi
T004685,C-1285,2026-08-25 23:20:56,6409.97,BR020,CARD_PAYMENT,India-Chennai
T004686,C-1043,2026-08-25 23:44:10,2236.24,BR016,UPI_DEBIT,India-Coimbatore
T004687,C-1076,2026-08-25 23:52:03,3761.34,BR014,UPI_DEBIT,India-Kolkata
T004688,C-1278,2026-08-26 00:05:27,54716.70,BR012,NEFT_CREDIT,India-Mumbai
T004689,C-1254,2026-08-26 01:11:29,72267.50,BR017,SALARY_CREDIT,India-Delhi
T004690,C-1129,2026-08-26 01:15:05,3132.38,BR014,CARD_PAYMENT,India-Hyderabad
T004691,C-1198,2026-08-26 01:29:38,40808.22,BR020,NEFT_CREDIT,India-Kolkata
T004692,C-1009,2026-08-26 02:02:36,68760.04,BR012,SALARY_CREDIT,India-Coimbatore
T004693,C-1106,2026-08-26 02:10:10,859.22,BR005,CARD_PAYMENT,India-Chennai
T004694,C-1177,2026-08-26 02:29:09,4466.70,BR019,UPI_DEBIT,India-Chennai
T004695,C-1051,2026-08-26 02:32:23,8024.02,BR004,CARD_PAYMENT,India-Kolkata
T004696,C-1214,2026-08-26 03:28:29,125891.27,BR018,SALARY_CREDIT,India-Coimbatore
T004697,C-1122,2026-08-26 03:45:18,655.03,BR007,UPI_DEBIT,India-Kolkata
T004698,C-1119,2026-08-26 04:18:39,2211.58,BR019,UPI_DEBIT,India-Chennai
T004699,C-1099,2026-08-26 04:33:31,3891.36,BR014,UPI_DEBIT,India-Hyderabad
T004700,C-1256,2026-08-26 05:18:06,1171.00,BR016,UPI_DEBIT,India-Kolkata
T004701,C-1077,2026-08-26 05:32:04,1149.49,BR006,UPI_DEBIT,India-Kolkata
T004702,C-1147,2026-08-26 05:50:30,2955.90,BR006,UPI_DEBIT,India-Delhi
T004703,C-1225,2026-08-26 06:39:00,4344.61,BR005,UPI_DEBIT,India-Delhi
T004704,C-1220,2026-08-26 07:28:19,11244.93,BR004,CARD_PAYMENT,India-Kolkata
T004705,C-1267,2026-08-26 07:57:13,12406.04,BR001,CARD_PAYMENT,India-Pune
T004706,C-1108,2026-08-26 08:24:51,2348.26,BR015,UPI_DEBIT,India-Bengaluru
T004707,C-1042,2026-08-26 08:28:45,77334.45,BR002,SALARY_CREDIT,India-Delhi
T004708,C-1290,2026-08-26 08:37:01,16958.55,BR006,CARD_PAYMENT,India-Coimbatore
T004709,C-1189,2026-08-26 08:39:35,4145.43,BR013,UPI_DEBIT,India-Chennai
T004710,C-1186,2026-08-26 09:01:24,1677.83,BR011,UPI_DEBIT,India-Coimbatore
T004711,C-1074,2026-08-26 09:17:58,1767.35,BR005,CARD_PAYMENT,India-Hyderabad
T004712,C-1282,2026-08-26 09:24:12,84836.73,BR008,SALARY_CREDIT,India-Chennai
T004713,C-1166,2026-08-26 09:28:47,18623.67,BR017,CARD_PAYMENT,India-Pune
T004714,C-1054,2026-08-26 09:36:38,6526.04,BR009,CARD_PAYMENT,India-Chennai
T004715,C-1156,2026-08-26 09:36:54,771.51,BR011,UPI_DEBIT,India-Chennai
T004716,C-1166,2026-08-26 10:04:45,424.55,BR006,UPI_DEBIT,India-Hyderabad
T004717,C-1262,2026-08-26 10:05:49,1214.99,BR012,UPI_DEBIT,India-Pune
T004718,C-1283,2026-08-26 10:31:08,10153.33,BR011,CARD_PAYMENT,India-Hyderabad
T004719,C-1201,2026-08-26 11:05:53,2053.16,BR001,UPI_DEBIT,India-Kolkata
T004720,C-1249,2026-08-26 11:13:57,335.16,BR017,UPI_DEBIT,India-Chennai
T004721,C-1133,2026-08-26 11:22:52,15472.18,BR005,NEFT_CREDIT,India-Pune
T004722,C-1079,2026-08-26 11:46:01,39207.95,BR015,NEFT_CREDIT,India-Chennai
T004723,C-1244,2026-08-26 12:39:33,51151.12,BR020,NEFT_CREDIT,India-Coimbatore
T004724,C-1224,2026-08-26 14:16:28,86317.83,BR011,SALARY_CREDIT,India-Pune
T004725,C-1082,2026-08-26 15:21:08,3122.66,BR017,UPI_DEBIT,India-Pune
T004726,C-1171,2026-08-26 15:24:03,13508.95,BR003,CARD_PAYMENT,India-Bengaluru
T004727,C-1248,2026-08-26 15:30:27,98077.61,BR009,SALARY_CREDIT,India-Pune
T004728,C-1077,2026-08-26 15:30:47,54229.31,BR003,NEFT_CREDIT,India-Pune
T004729,C-1138,2026-08-26 15:50:19,1836.68,BR009,UPI_DEBIT,India-Chennai
T004730,C-1201,2026-08-26 16:03:10,3930.85,BR017,UPI_DEBIT,India-Coimbatore
T004731,C-1162,2026-08-26 16:15:27,12603.67,BR011,CARD_PAYMENT,India-Coimbatore
T004732,C-1140,2026-08-26 16:44:09,1681.25,BR020,UPI_DEBIT,India-Mumbai
T004733,C-1177,2026-08-26 18:29:10,798.55,BR007,UPI_DEBIT,India-Mumbai
T004734,C-1251,2026-08-26 18:51:58,2913.14,BR002,UPI_DEBIT,India-Coimbatore
T004735,C-1075,2026-08-26 19:12:01,24351.89,BR019,NEFT_CREDIT,India-Mumbai
T004736,C-1097,2026-08-26 19:25:15,1897.89,BR019,UPI_DEBIT,India-Pune
T004737,C-1044,2026-08-26 20:15:34,3993.09,BR006,UPI_DEBIT,India-Chennai
T004738,C-1169,2026-08-26 20:18:40,60102.96,BR007,NEFT_CREDIT,India-Hyderabad
T004739,C-1280,2026-08-26 20:35:52,4023.62,BR016,UPI_DEBIT,India-Pune
T004740,C-1103,2026-08-26 20:43:21,1518.92,BR008,UPI_DEBIT,India-Coimbatore
T004741,C-1222,2026-08-26 22:22:13,438.57,BR011,UPI_DEBIT,India-Mumbai
T004742,C-1213,2026-08-26 23:34:46,1640.39,BR016,UPI_DEBIT,India-Pune
T004743,C-1131,2026-08-27 00:02:32,115847.16,BR015,SALARY_CREDIT,India-Pune
T004744,C-1293,2026-08-27 00:14:55,447.87,BR003,UPI_DEBIT,India-Delhi
T004745,C-1216,2026-08-27 01:24:59,12108.18,BR011,CARD_PAYMENT,India-Bengaluru
T004746,C-1045,2026-08-27 01:41:04,3669.99,BR010,UPI_DEBIT,India-Bengaluru
T004747,C-1274,2026-08-27 01:43:45,9690.06,BR004,CARD_PAYMENT,India-Hyderabad
T004748,C-1169,2026-08-27 01:51:53,1177.70,BR006,UPI_DEBIT,India-Pune
T004749,C-1274,2026-08-27 02:32:25,4010.14,BR004,UPI_DEBIT,India-Chennai
T004750,C-1190,2026-08-27 03:04:19,126153.94,BR015,SALARY_CREDIT,India-Bengaluru
T004751,C-1103,2026-08-27 03:11:25,6671.68,BR019,CARD_PAYMENT,India-Chennai
T004752,C-1299,2026-08-27 03:12:18,6687.27,BR011,CARD_PAYMENT,India-Pune
T004753,C-1074,2026-08-27 04:31:37,3453.92,BR003,UPI_DEBIT,India-Mumbai
T004754,C-1040,2026-08-27 04:45:16,2123.40,BR012,UPI_DEBIT,India-Delhi
T004755,C-1055,2026-08-27 04:58:15,1301.56,BR010,UPI_DEBIT,India-Pune
T004756,C-1116,2026-08-27 05:04:10,1098.54,BR005,UPI_DEBIT,India-Hyderabad
T004757,C-1184,2026-08-27 06:14:57,101520.10,BR002,SALARY_CREDIT,India-Chennai
T004758,C-1100,2026-08-27 06:32:26,2340.19,BR007,UPI_DEBIT,India-Coimbatore
T004759,C-1285,2026-08-27 06:37:15,3273.63,BR012,CARD_PAYMENT,India-Bengaluru
T004760,C-1060,2026-08-27 06:52:05,61415.55,BR016,NEFT_CREDIT,India-Bengaluru
T004761,C-1091,2026-08-27 07:06:42,5478.09,BR005,ATM_WITHDRAWAL,India-Bengaluru
T004762,C-1252,2026-08-27 07:08:43,4772.58,BR007,UPI_DEBIT,India-Hyderabad
T004763,C-1264,2026-08-27 07:38:46,17628.27,BR018,CARD_PAYMENT,India-Delhi
T004764,C-1007,2026-08-27 08:27:22,3824.30,BR003,UPI_DEBIT,India-Kolkata
T004765,C-1070,2026-08-27 08:34:07,4707.25,BR002,UPI_DEBIT,India-Pune
T004766,C-1069,2026-08-27 08:43:53,2015.04,BR013,CARD_PAYMENT,India-Bengaluru
T004767,C-1211,2026-08-27 09:18:53,56098.05,BR001,NEFT_CREDIT,India-Chennai
T004768,C-1121,2026-08-27 09:50:48,15562.32,BR017,CARD_PAYMENT,India-Pune
T004769,C-1125,2026-08-27 10:12:57,100524.55,BR002,SALARY_CREDIT,India-Hyderabad
T004770,C-1201,2026-08-27 11:36:27,9885.31,BR013,CARD_PAYMENT,India-Coimbatore
T004771,C-1098,2026-08-27 11:39:03,19668.37,BR008,CARD_PAYMENT,India-Mumbai
T004772,C-1142,2026-08-27 12:25:50,63432.79,BR008,NEFT_CREDIT,India-Bengaluru
T004773,C-1074,2026-08-27 13:40:26,2271.55,BR015,UPI_DEBIT,India-Coimbatore
T004774,C-1263,2026-08-27 13:58:08,3842.84,BR007,UPI_DEBIT,India-Pune
T004775,C-1159,2026-08-27 14:06:26,1130.18,BR014,UPI_DEBIT,India-Delhi
T004776,C-1191,2026-08-27 14:25:31,10183.50,BR018,CARD_PAYMENT,India-Pune
T004777,C-1076,2026-08-27 14:46:54,47689.96,BR002,NEFT_CREDIT,India-Coimbatore
T004778,C-1055,2026-08-27 14:52:57,2640.09,BR013,UPI_DEBIT,India-Bengaluru
T004779,C-1156,2026-08-27 16:31:26,4125.01,BR017,UPI_DEBIT,India-Mumbai
T004780,C-1291,2026-08-27 17:19:12,14085.01,BR020,NEFT_CREDIT,India-Mumbai
T004781,C-1007,2026-08-27 17:52:00,2767.68,BR019,UPI_DEBIT,India-Pune
T004782,C-1001,2026-08-27 18:50:12,1217.00,BR020,UPI_DEBIT,India-Mumbai
T004783,C-1216,2026-08-27 19:48:18,45695.03,BR009,NEFT_CREDIT,India-Pune
T004784,C-1202,2026-08-27 20:19:03,78741.61,BR011,NEFT_CREDIT,India-Bengaluru
T004785,C-1211,2026-08-27 20:27:59,3934.05,BR001,UPI_DEBIT,India-Hyderabad
T004786,C-1166,2026-08-27 20:57:03,3992.07,BR020,CARD_PAYMENT,India-Coimbatore
T004787,C-1078,2026-08-27 20:58:33,630.68,BR007,UPI_DEBIT,India-Bengaluru
T004788,C-1075,2026-08-27 21:01:27,1515.47,BR019,UPI_DEBIT,India-Pune
T004789,C-1234,2026-08-27 21:31:38,2936.16,BR020,UPI_DEBIT,India-Pune
T004790,C-1174,2026-08-27 22:55:30,17506.41,BR020,CARD_PAYMENT,India-Delhi
T004791,C-1234,2026-08-27 22:56:28,13414.03,BR014,CARD_PAYMENT,India-Bengaluru
T004792,C-1270,2026-08-27 23:29:57,2184.63,BR015,UPI_DEBIT,India-Hyderabad
T004793,C-1297,2026-08-27 23:49:44,15389.09,BR014,ATM_WITHDRAWAL,India-Delhi
T004794,C-1295,2026-08-27 23:54:09,3481.85,BR018,CARD_PAYMENT,India-Pune
T004795,C-1243,2026-08-28 00:14:19,4274.59,BR006,ATM_WITHDRAWAL,India-Kolkata
T004796,C-1195,2026-08-28 03:47:41,9183.95,BR010,NEFT_CREDIT,India-Pune
T004797,C-1134,2026-08-28 03:57:05,2974.69,BR019,UPI_DEBIT,India-Delhi
T004798,C-1071,2026-08-28 04:01:49,60174.79,BR005,SALARY_CREDIT,India-Hyderabad
T004799,C-1208,2026-08-28 04:15:06,33909.32,BR010,NEFT_CREDIT,India-Delhi
T004800,C-1275,2026-08-28 04:55:11,3301.05,BR002,UPI_DEBIT,India-Kolkata
T004801,C-1239,2026-08-28 05:32:16,2727.14,BR003,UPI_DEBIT,India-Pune
T004802,C-1179,2026-08-28 05:36:14,3101.64,BR004,UPI_DEBIT,India-Pune
T004803,C-1192,2026-08-28 06:15:15,9394.06,BR015,NEFT_CREDIT,India-Hyderabad
T004804,C-1043,2026-08-28 07:01:36,15907.32,BR003,CARD_PAYMENT,India-Chennai
T004805,C-1274,2026-08-28 07:43:24,3566.64,BR019,CARD_PAYMENT,India-Mumbai
T004806,C-1292,2026-08-28 08:33:50,3833.04,BR005,UPI_DEBIT,India-Pune
T004807,C-1206,2026-08-28 08:57:38,1439.38,BR011,UPI_DEBIT,India-Delhi
T004808,C-1234,2026-08-28 09:02:59,34560.53,BR012,SALARY_CREDIT,India-Bengaluru
T004809,C-1090,2026-08-28 09:46:21,849.56,BR002,UPI_DEBIT,India-Hyderabad
T004810,C-1264,2026-08-28 10:47:54,13766.16,BR016,CARD_PAYMENT,India-Delhi
T004811,C-1137,2026-08-28 11:07:23,3475.08,BR017,CARD_PAYMENT,India-Chennai
T004812,C-1266,2026-08-28 11:44:10,13793.47,BR011,CARD_PAYMENT,India-Pune
T004813,C-1008,2026-08-28 12:09:18,2183.74,BR003,UPI_DEBIT,India-Chennai
T004814,C-1292,2026-08-28 12:11:02,575.42,BR013,CARD_PAYMENT,India-Delhi
T004815,C-1049,2026-08-28 12:51:08,7123.77,BR014,CARD_PAYMENT,India-Chennai
T004816,C-1231,2026-08-28 12:58:57,4417.32,BR015,ATM_WITHDRAWAL,India-Pune
T004817,C-1080,2026-08-28 13:08:05,6705.77,BR011,ATM_WITHDRAWAL,India-Bengaluru
T004818,C-1047,2026-08-28 13:24:29,2669.97,BR016,UPI_DEBIT,India-Coimbatore
T004819,C-1040,2026-08-28 14:23:28,2631.08,BR002,UPI_DEBIT,India-Bengaluru
T004820,C-1180,2026-08-28 15:05:13,1666.36,BR019,UPI_DEBIT,India-Hyderabad
T004821,C-1100,2026-08-28 15:15:12,4299.00,BR003,UPI_DEBIT,India-Delhi
T004822,C-1074,2026-08-28 15:39:49,795.36,BR006,UPI_DEBIT,India-Pune
T004823,C-1280,2026-08-28 16:36:10,139285.98,BR003,SALARY_CREDIT,India-Coimbatore
T004824,C-1141,2026-08-28 16:36:33,3877.47,BR004,UPI_DEBIT,India-Kolkata
T004825,C-1233,2026-08-28 17:00:26,14313.47,BR011,CARD_PAYMENT,India-Kolkata
T004826,C-1253,2026-08-28 18:10:23,134202.64,BR011,SALARY_CREDIT,India-Chennai
T004827,C-1061,2026-08-28 18:13:30,12955.75,BR001,ATM_WITHDRAWAL,India-Mumbai
T004828,C-1156,2026-08-28 19:03:01,3951.01,BR005,UPI_DEBIT,India-Chennai
T004829,C-1109,2026-08-28 19:03:03,5745.80,BR019,CARD_PAYMENT,India-Kolkata
T004830,C-1062,2026-08-28 20:23:18,47711.07,BR015,SALARY_CREDIT,India-Kolkata
T004831,C-1232,2026-08-28 21:02:07,49662.96,BR011,NEFT_CREDIT,India-Coimbatore
T004832,C-1114,2026-08-28 21:44:54,49776.26,BR020,SALARY_CREDIT,India-Hyderabad
T004833,C-1288,2026-08-28 21:49:56,18140.28,BR001,CARD_PAYMENT,India-Delhi
T004834,C-1047,2026-08-28 22:21:45,2125.61,BR010,UPI_DEBIT,India-Chennai
T004835,C-1110,2026-08-28 22:59:30,16144.14,BR013,ATM_WITHDRAWAL,India-Delhi
T004836,C-1068,2026-08-28 23:32:41,131376.60,BR013,SALARY_CREDIT,India-Mumbai
T004837,C-1196,2026-08-28 23:52:52,3042.73,BR011,UPI_DEBIT,India-Mumbai
T004838,C-1283,2026-08-29 00:51:10,14325.00,BR012,ATM_WITHDRAWAL,India-Chennai
T004839,C-1268,2026-08-29 01:20:37,1389.29,BR012,UPI_DEBIT,India-Chennai
T004840,C-1070,2026-08-29 02:39:33,4242.00,BR001,UPI_DEBIT,India-Pune
T004841,C-1187,2026-08-29 02:43:47,56114.04,BR014,NEFT_CREDIT,India-Chennai
T004842,C-1288,2026-08-29 03:36:52,9876.70,BR001,NEFT_CREDIT,India-Coimbatore
T004843,C-1257,2026-08-29 04:05:49,295.79,BR017,UPI_DEBIT,India-Delhi
T004844,C-1057,2026-08-29 04:12:33,17708.75,BR005,CARD_PAYMENT,India-Kolkata
T004845,C-1084,2026-08-29 04:18:25,144321.96,BR005,SALARY_CREDIT,India-Delhi
T004846,C-1125,2026-08-29 04:33:21,6886.26,BR011,CARD_PAYMENT,India-Delhi
T004847,C-1091,2026-08-29 04:44:50,2060.53,BR014,UPI_DEBIT,India-Kolkata
T004848,C-1262,2026-08-29 04:54:56,3493.31,BR002,UPI_DEBIT,India-Mumbai
T004849,C-1240,2026-08-29 05:00:05,19309.97,BR016,NEFT_CREDIT,India-Delhi
T004850,C-1143,2026-08-29 05:18:30,2205.44,BR017,UPI_DEBIT,India-Mumbai
T004851,C-1198,2026-08-29 05:44:56,2513.15,BR013,UPI_DEBIT,India-Delhi
T004852,C-1087,2026-08-29 05:46:15,2400.20,BR007,UPI_DEBIT,India-Pune
T004853,C-1174,2026-08-29 07:19:31,2690.33,BR011,UPI_DEBIT,India-Kolkata
T004854,C-1069,2026-08-29 08:45:21,3101.78,BR014,UPI_DEBIT,India-Mumbai
T004855,C-1169,2026-08-29 08:51:15,2311.39,BR008,UPI_DEBIT,India-Bengaluru
T004856,C-1079,2026-08-29 08:52:55,17707.18,BR015,CARD_PAYMENT,India-Hyderabad
T004857,C-1139,2026-08-29 10:33:54,73409.89,BR009,NEFT_CREDIT,India-Bengaluru
T004858,C-1233,2026-08-29 11:26:04,81436.48,BR017,SALARY_CREDIT,India-Coimbatore
T004859,C-1202,2026-08-29 11:34:14,1478.10,BR017,UPI_DEBIT,India-Mumbai
T004860,C-1204,2026-08-29 11:59:56,1234.45,BR005,UPI_DEBIT,India-Bengaluru
T004861,C-1235,2026-08-29 12:08:43,3329.76,BR019,UPI_DEBIT,India-Kolkata
T004862,C-1165,2026-08-29 12:22:45,2736.54,BR018,CARD_PAYMENT,India-Mumbai
T004863,C-1051,2026-08-29 12:36:20,13440.04,BR007,ATM_WITHDRAWAL,India-Mumbai
T004864,C-1260,2026-08-29 12:52:18,7930.19,BR002,NEFT_CREDIT,India-Delhi
T004865,C-1210,2026-08-29 13:01:09,3446.80,BR015,UPI_DEBIT,India-Bengaluru
T004866,C-1130,2026-08-29 14:02:46,34955.46,BR018,NEFT_CREDIT,India-Coimbatore
T004867,C-1089,2026-08-29 14:08:25,122960.80,BR004,SALARY_CREDIT,India-Bengaluru
T004868,C-1120,2026-08-29 14:49:20,9619.59,BR010,CARD_PAYMENT,India-Delhi
T004869,C-1120,2026-08-29 14:59:53,2917.62,BR015,CARD_PAYMENT,India-Chennai
T004870,C-1100,2026-08-29 16:30:42,44405.52,BR005,SALARY_CREDIT,India-Chennai
T004871,C-1218,2026-08-29 16:35:51,4598.56,BR011,UPI_DEBIT,India-Chennai
T004872,C-1147,2026-08-29 17:33:13,14927.92,BR020,CARD_PAYMENT,India-Delhi
T004873,C-1121,2026-08-29 17:40:11,4515.62,BR017,UPI_DEBIT,India-Kolkata
T004874,C-1160,2026-08-29 17:57:15,72768.82,BR006,NEFT_CREDIT,India-Delhi
T004875,C-1218,2026-08-29 18:24:34,12124.19,BR008,ATM_WITHDRAWAL,India-Delhi
T004876,C-1072,2026-08-29 18:49:59,1120.68,BR007,UPI_DEBIT,India-Mumbai
T004877,C-1193,2026-08-29 18:58:37,2005.80,BR005,UPI_DEBIT,India-Kolkata
T004878,C-1188,2026-08-29 21:53:32,2718.07,BR020,CARD_PAYMENT,India-Hyderabad
T004879,C-1208,2026-08-29 22:01:47,3509.37,BR018,UPI_DEBIT,India-Mumbai
T004880,C-1163,2026-08-29 22:27:15,15636.51,BR016,CARD_PAYMENT,India-Pune
T004881,C-1147,2026-08-29 22:55:28,2460.47,BR013,UPI_DEBIT,India-Hyderabad
T004882,C-1191,2026-08-30 00:03:26,5550.17,BR012,ATM_WITHDRAWAL,India-Chennai
T004883,C-1138,2026-08-30 00:11:55,9334.81,BR017,CARD_PAYMENT,India-Bengaluru
T004884,C-1077,2026-08-30 00:12:07,141174.10,BR012,SALARY_CREDIT,India-Mumbai
T004885,C-1054,2026-08-30 00:36:01,2231.45,BR015,UPI_DEBIT,India-Mumbai
T004886,C-1008,2026-08-30 00:36:43,1449.32,BR008,UPI_DEBIT,India-Delhi
T004887,C-1100,2026-08-30 01:02:53,12005.71,BR003,CARD_PAYMENT,India-Pune
T004888,C-1050,2026-08-30 01:39:16,2181.05,BR015,UPI_DEBIT,India-Bengaluru
T004889,C-1296,2026-08-30 01:56:21,4753.78,BR007,UPI_DEBIT,India-Pune
T004890,C-1064,2026-08-30 02:14:58,1333.19,BR020,UPI_DEBIT,India-Delhi
T004891,C-1211,2026-08-30 03:06:31,2724.67,BR018,ATM_WITHDRAWAL,India-Mumbai
T004892,C-1203,2026-08-30 03:51:25,1778.50,BR007,UPI_DEBIT,India-Coimbatore
T004893,C-1009,2026-08-30 04:22:36,8025.19,BR017,CARD_PAYMENT,India-Delhi
T004894,C-1061,2026-08-30 04:45:59,45824.38,BR003,NEFT_CREDIT,India-Bengaluru
T004895,C-1192,2026-08-30 04:46:42,19820.07,BR004,NEFT_CREDIT,India-Pune
T004896,C-1049,2026-08-30 04:58:04,5412.86,BR016,ATM_WITHDRAWAL,India-Mumbai
T004897,C-1287,2026-08-30 06:29:12,3084.68,BR004,UPI_DEBIT,India-Hyderabad
T004898,C-1154,2026-08-30 07:15:44,1380.47,BR002,UPI_DEBIT,India-Mumbai
T004899,C-1116,2026-08-30 08:23:22,2150.02,BR015,UPI_DEBIT,India-Mumbai
T004900,C-1088,2026-08-30 08:34:35,101707.62,BR017,SALARY_CREDIT,India-Kolkata
T004901,C-1131,2026-08-30 08:35:36,948.55,BR004,UPI_DEBIT,India-Coimbatore
T004902,C-1297,2026-08-30 08:57:33,44553.71,BR003,NEFT_CREDIT,India-Kolkata
T004903,C-1101,2026-08-30 10:26:42,9455.87,BR008,ATM_WITHDRAWAL,India-Pune
T004904,C-1283,2026-08-30 10:35:19,147496.18,BR019,SALARY_CREDIT,India-Mumbai
T004905,C-1065,2026-08-30 10:41:24,13799.26,BR016,CARD_PAYMENT,India-Pune
T004906,C-1148,2026-08-30 11:05:50,19587.49,BR005,CARD_PAYMENT,India-Chennai
T004907,C-1102,2026-08-30 11:26:00,5098.38,BR018,CARD_PAYMENT,India-Delhi
T004908,C-1155,2026-08-30 11:37:28,43224.35,BR007,NEFT_CREDIT,India-Coimbatore
T004909,C-1071,2026-08-30 11:41:52,89326.66,BR009,SALARY_CREDIT,India-Chennai
T004910,C-1248,2026-08-30 11:42:43,28037.40,BR018,NEFT_CREDIT,India-Delhi
T004911,C-1100,2026-08-30 12:25:48,50643.18,BR010,SALARY_CREDIT,India-Hyderabad
T004912,C-1110,2026-08-30 12:46:03,14301.40,BR007,CARD_PAYMENT,India-Mumbai
T004913,C-1195,2026-08-30 13:51:48,71146.73,BR003,SALARY_CREDIT,India-Pune
T004914,C-1138,2026-08-30 13:52:10,4637.99,BR004,UPI_DEBIT,India-Hyderabad
T004915,C-1203,2026-08-30 14:26:32,1131.21,BR001,UPI_DEBIT,India-Hyderabad
T004916,C-1212,2026-08-30 14:51:12,10427.42,BR011,ATM_WITHDRAWAL,India-Bengaluru
T004917,C-1239,2026-08-30 14:51:42,13572.55,BR002,ATM_WITHDRAWAL,India-Coimbatore
T004918,C-1118,2026-08-30 14:53:23,8483.38,BR006,CARD_PAYMENT,India-Hyderabad
T004919,C-1101,2026-08-30 15:00:01,2810.03,BR006,UPI_DEBIT,India-Mumbai
T004920,C-1241,2026-08-30 15:04:02,4667.52,BR004,UPI_DEBIT,India-Hyderabad
T004921,C-1128,2026-08-30 15:12:22,71411.53,BR011,NEFT_CREDIT,India-Coimbatore
T004922,C-1292,2026-08-30 15:30:04,508.67,BR005,UPI_DEBIT,India-Chennai
T004923,C-1158,2026-08-30 16:33:52,15921.06,BR015,ATM_WITHDRAWAL,India-Chennai
T004924,C-1057,2026-08-30 16:53:52,64943.46,BR003,NEFT_CREDIT,India-Mumbai
T004925,C-1293,2026-08-30 17:02:11,61035.77,BR003,NEFT_CREDIT,India-Delhi
T004926,C-1075,2026-08-30 17:42:32,11412.07,BR004,CARD_PAYMENT,India-Hyderabad
T004927,C-1222,2026-08-30 17:58:40,2654.22,BR004,CARD_PAYMENT,India-Coimbatore
T004928,C-1219,2026-08-30 18:27:55,11716.29,BR007,CARD_PAYMENT,India-Bengaluru
T004929,C-1043,2026-08-30 18:30:14,13923.72,BR004,CARD_PAYMENT,India-Delhi
T004930,C-1158,2026-08-30 18:37:15,17125.08,BR004,CARD_PAYMENT,India-Mumbai
T004931,C-1156,2026-08-30 19:05:58,27572.63,BR008,SALARY_CREDIT,India-Bengaluru
T004932,C-1179,2026-08-30 19:57:08,18174.52,BR017,CARD_PAYMENT,India-Pune
T004933,C-1115,2026-08-30 20:03:09,4660.11,BR003,UPI_DEBIT,India-Delhi
T004934,C-1065,2026-08-30 20:25:37,4969.71,BR011,UPI_DEBIT,India-Delhi
T004935,C-1152,2026-08-30 20:37:17,2140.15,BR012,UPI_DEBIT,India-Delhi
T004936,C-1175,2026-08-30 21:04:43,19206.81,BR016,ATM_WITHDRAWAL,India-Pune
T004937,C-1239,2026-08-30 21:06:53,3961.49,BR003,UPI_DEBIT,India-Coimbatore
T004938,C-1127,2026-08-30 21:27:14,8184.49,BR020,CARD_PAYMENT,India-Bengaluru
T004939,C-1110,2026-08-30 21:32:23,2333.38,BR012,UPI_DEBIT,India-Bengaluru
T004940,C-1291,2026-08-30 21:43:32,127153.16,BR007,SALARY_CREDIT,India-Mumbai
T004941,C-1238,2026-08-30 22:07:03,19310.39,BR003,CARD_PAYMENT,India-Mumbai
T004942,C-1075,2026-08-30 22:11:37,17821.11,BR002,CARD_PAYMENT,India-Hyderabad
T004943,C-1117,2026-08-30 23:15:05,4816.21,BR015,UPI_DEBIT,India-Hyderabad
T004944,C-1046,2026-08-30 23:46:47,3786.77,BR017,UPI_DEBIT,India-Mumbai
T004945,C-1047,2026-08-30 23:52:05,47292.27,BR018,NEFT_CREDIT,India-Pune
T004946,C-1237,2026-08-30 23:59:43,4873.68,BR007,UPI_DEBIT,India-Coimbatore
T004947,C-1147,2026-08-31 00:29:19,48721.85,BR008,NEFT_CREDIT,India-Coimbatore
T004948,C-1123,2026-08-31 00:51:53,11192.43,BR010,CARD_PAYMENT,India-Chennai
T004949,C-1193,2026-08-31 01:10:24,1183.21,BR018,UPI_DEBIT,India-Kolkata
T004950,C-1171,2026-08-31 01:56:10,98103.95,BR015,SALARY_CREDIT,India-Kolkata
T004951,C-1112,2026-08-31 02:30:34,19188.89,BR011,ATM_WITHDRAWAL,India-Hyderabad
T004952,C-1153,2026-08-31 03:54:30,11720.82,BR016,ATM_WITHDRAWAL,India-Chennai
T004953,C-1042,2026-08-31 05:45:52,19288.08,BR014,CARD_PAYMENT,India-Chennai
T004954,C-1146,2026-08-31 06:08:50,2964.74,BR016,UPI_DEBIT,India-Pune
T004955,C-1168,2026-08-31 06:11:56,1567.96,BR004,CARD_PAYMENT,India-Delhi
T004956,C-1133,2026-08-31 06:53:35,42896.48,BR007,NEFT_CREDIT,India-Bengaluru
T004957,C-1299,2026-08-31 06:54:57,52403.22,BR019,NEFT_CREDIT,India-Delhi
T004958,C-1233,2026-08-31 06:56:17,3044.96,BR009,UPI_DEBIT,India-Delhi
T004959,C-1260,2026-08-31 07:10:36,1037.90,BR008,CARD_PAYMENT,India-Chennai
T004960,C-1168,2026-08-31 07:11:32,2147.08,BR004,UPI_DEBIT,India-Mumbai
T004961,C-1166,2026-08-31 07:27:30,2277.23,BR019,CARD_PAYMENT,India-Pune
T004962,C-1140,2026-08-31 07:38:27,25315.19,BR007,NEFT_CREDIT,India-Hyderabad
T004963,C-1087,2026-08-31 08:03:14,18678.55,BR004,ATM_WITHDRAWAL,India-Hyderabad
T004964,C-1009,2026-08-31 08:13:03,10248.88,BR015,ATM_WITHDRAWAL,India-Pune
T004965,C-1270,2026-08-31 08:43:14,15516.02,BR015,NEFT_CREDIT,India-Kolkata
T004966,C-1250,2026-08-31 08:52:40,68288.17,BR019,NEFT_CREDIT,India-Chennai
T004967,C-1186,2026-08-31 09:29:19,90391.65,BR008,SALARY_CREDIT,India-Delhi
T004968,C-1187,2026-08-31 09:33:57,4848.38,BR012,CARD_PAYMENT,India-Mumbai
T004969,C-1110,2026-08-31 09:39:24,19931.04,BR009,ATM_WITHDRAWAL,India-Bengaluru
T004970,C-1262,2026-08-31 09:53:54,4727.76,BR017,UPI_DEBIT,India-Bengaluru
T004971,C-1090,2026-08-31 10:02:25,4087.51,BR017,UPI_DEBIT,India-Kolkata
T004972,C-1087,2026-08-31 10:08:50,1659.30,BR010,UPI_DEBIT,India-Hyderabad
T004973,C-1004,2026-08-31 10:22:45,5979.74,BR008,CARD_PAYMENT,India-Hyderabad
T004974,C-1249,2026-08-31 10:42:40,16378.67,BR001,CARD_PAYMENT,India-Chennai
T004975,C-1229,2026-08-31 12:26:48,4544.50,BR014,ATM_WITHDRAWAL,India-Bengaluru
T004976,C-1213,2026-08-31 13:10:05,10200.17,BR011,ATM_WITHDRAWAL,India-Mumbai
T004977,C-1256,2026-08-31 13:15:08,3510.68,BR001,UPI_DEBIT,India-Delhi
T004978,C-1295,2026-08-31 13:15:43,382.20,BR009,UPI_DEBIT,India-Mumbai
T004979,C-1054,2026-08-31 13:39:43,12854.59,BR006,CARD_PAYMENT,India-Bengaluru
T004980,C-1083,2026-08-31 13:52:59,16733.79,BR013,ATM_WITHDRAWAL,India-Delhi
T004981,C-1259,2026-08-31 14:23:56,92902.89,BR014,SALARY_CREDIT,India-Kolkata
T004982,C-1184,2026-08-31 14:26:39,143468.83,BR017,SALARY_CREDIT,India-Mumbai
T004983,C-1008,2026-08-31 14:28:49,586.66,BR011,UPI_DEBIT,India-Pune
T004984,C-1138,2026-08-31 15:10:04,2562.52,BR002,UPI_DEBIT,India-Mumbai
T004985,C-1263,2026-08-31 16:16:10,2773.27,BR018,CARD_PAYMENT,India-Chennai
T004986,C-1191,2026-08-31 16:35:44,4255.79,BR006,UPI_DEBIT,India-Hyderabad
T004987,C-1199,2026-08-31 16:36:48,4993.30,BR002,UPI_DEBIT,India-Coimbatore
T004988,C-1090,2026-08-31 17:50:04,12736.76,BR005,CARD_PAYMENT,India-Hyderabad
T004989,C-1091,2026-08-31 18:01:01,8219.82,BR003,CARD_PAYMENT,India-Hyderabad
T004990,C-1278,2026-08-31 18:47:27,11231.27,BR011,CARD_PAYMENT,India-Coimbatore
T004991,C-1170,2026-08-31 19:05:39,11232.57,BR002,CARD_PAYMENT,India-Bengaluru
T004992,C-1097,2026-08-31 19:07:55,711.63,BR008,CARD_PAYMENT,India-Coimbatore
T004993,C-1095,2026-08-31 19:33:31,2295.65,BR003,UPI_DEBIT,India-Pune
T004994,C-1222,2026-08-31 19:50:51,3651.91,BR009,UPI_DEBIT,India-Delhi
T004995,C-1163,2026-08-31 20:10:49,127370.27,BR016,SALARY_CREDIT,India-Bengaluru
T004996,C-1292,2026-08-31 22:07:51,4510.54,BR016,UPI_DEBIT,India-Pune
T004997,C-1116,2026-08-31 22:17:56,61250.15,BR011,NEFT_CREDIT,India-Chennai
T004998,C-1046,2026-08-31 22:47:11,46922.59,BR008,NEFT_CREDIT,India-Delhi
T004999,C-1093,2026-08-31 23:48:28,3734.36,BR017,ATM_WITHDRAWAL,India-Bengaluru
T005000,C-1115,2026-08-31 23:58:02,54143.98,BR010,NEFT_CREDIT,India-Hyderabad
